
> build
> node scripts/build-locales.mjs

Prepared local Tesseract assets in static/tesseract, and pdf.js standard fonts in static/pdf-fonts
vite v6.4.3 building SSR bundle for production...
ℹ [paraglide-js] Compilation skipped — inputs unchanged (message-modules)
transforming...
src/lib/data/live/journal.svelte.ts (180:1): Error when using sourcemap for reporting an error: Can't resolve original location of error.
src/lib/data/live/journal.svelte.ts (180:1): A comment

"/* @__PURE__ */"

in "src/lib/data/live/journal.svelte.ts" contains an annotation that Rollup cannot interpret due to the position of the comment. The comment will be removed to avoid issues.
"autoUpdate" is imported from external module "@floating-ui/dom" but never used in "node_modules/melt/dist/utils/use-floating.svelte.js".
✓ 4890 modules transformed.
rendering chunks...
vite v6.4.3 building for production...
ℹ [paraglide-js] Compilation skipped — inputs unchanged (message-modules)
transforming...
✓ 5296 modules transformed.
rendering chunks...
computing gzip size...
.svelte-kit/output/client/_app/version.json                                                        0.03 kB │ gzip:   0.05 kB
.svelte-kit/output/client/_app/immutable/workers/sqlite3-opfs-async-proxy-BpVpzIkN.js              9.52 kB
.svelte-kit/output/client/_app/immutable/workers/argon2id.worker-DDPWp7r6.js                      28.56 kB
.svelte-kit/output/client/_app/immutable/workers/sqlite3-worker1-bundler-friendly-D6cQoI3y.js    191.74 kB
.svelte-kit/output/client/.vite/manifest.json                                                    196.20 kB │ gzip:  25.35 kB
.svelte-kit/output/client/_app/immutable/workers/mc-worker-D97-VHM5.js                           197.17 kB
.svelte-kit/output/client/_app/immutable/assets/sqlite3.B7imZ2XV.wasm                          1,036.17 kB │ gzip: 464.98 kB
.svelte-kit/output/client/_app/immutable/workers/pdf-worker-Kp7_pMCT.js                        1,378.61 kB
.svelte-kit/output/client/_app/immutable/assets/ChoiceChips.BbnDpI89.css                           0.04 kB │ gzip:   0.06 kB
.svelte-kit/output/client/_app/immutable/assets/17.of10DU40.css                                    0.06 kB │ gzip:   0.08 kB
.svelte-kit/output/client/_app/immutable/assets/97.CEBZhOUt.css                                    0.06 kB │ gzip:   0.08 kB
.svelte-kit/output/client/_app/immutable/assets/32.BVl2XI1B.css                                    0.07 kB │ gzip:   0.09 kB
.svelte-kit/output/client/_app/immutable/assets/ReadGate.TZFwY6rr.css                              0.07 kB │ gzip:   0.08 kB
.svelte-kit/output/client/_app/immutable/assets/VoicePlayer.DfYc2k3w.css                           0.08 kB │ gzip:   0.10 kB
.svelte-kit/output/client/_app/immutable/assets/54.Bd46l6SV.css                                    0.08 kB │ gzip:   0.09 kB
.svelte-kit/output/client/_app/immutable/assets/DiscardSheet.BsHAsh63.css                          0.08 kB │ gzip:   0.09 kB
.svelte-kit/output/client/_app/immutable/assets/63.mj4dWElF.css                                    0.08 kB │ gzip:   0.10 kB
.svelte-kit/output/client/_app/immutable/assets/Mark.DE7SL4Vi.css                                  0.10 kB │ gzip:   0.10 kB
.svelte-kit/output/client/_app/immutable/assets/StarredPhotoGrid.D4aGZdrr.css                      0.10 kB │ gzip:   0.10 kB
.svelte-kit/output/client/_app/immutable/assets/113.CQcf1K4S.css                                   0.10 kB │ gzip:   0.10 kB
.svelte-kit/output/client/_app/immutable/assets/Field.Cp5H9ar4.css                                 0.11 kB │ gzip:   0.11 kB
.svelte-kit/output/client/_app/immutable/assets/Disclosure.BfdGALZ3.css                            0.11 kB │ gzip:   0.11 kB
.svelte-kit/output/client/_app/immutable/assets/Sheet.WF98ji7b.css                                 0.12 kB │ gzip:   0.11 kB
.svelte-kit/output/client/_app/immutable/assets/PhotoChipRow.BTGNYTJS.css                          0.12 kB │ gzip:   0.12 kB
.svelte-kit/output/client/_app/immutable/assets/AreaFinish.-OlMNacw.css                            0.12 kB │ gzip:   0.10 kB
.svelte-kit/output/client/_app/immutable/assets/109.CuNQlFjE.css                                   0.16 kB │ gzip:   0.13 kB
.svelte-kit/output/client/_app/immutable/assets/LockAfterChoice.Ddgi9Atd.css                       0.16 kB │ gzip:   0.13 kB
.svelte-kit/output/client/_app/immutable/assets/51.S4ZZ67Tq.css                                    0.18 kB │ gzip:   0.14 kB
.svelte-kit/output/client/_app/immutable/assets/14.SMKwTFWO.css                                    0.18 kB │ gzip:   0.16 kB
.svelte-kit/output/client/_app/immutable/assets/BatchedList.DCwU6d5m.css                           0.18 kB │ gzip:   0.12 kB
.svelte-kit/output/client/_app/immutable/assets/RecordSheet.C3Tj5awG.css                           0.18 kB │ gzip:   0.13 kB
.svelte-kit/output/client/_app/immutable/assets/ChartEmpty.GQUIpUCB.css                            0.21 kB │ gzip:   0.16 kB
.svelte-kit/output/client/_app/immutable/assets/3.Cqpw2BgU.css                                     0.22 kB │ gzip:   0.16 kB
.svelte-kit/output/client/_app/immutable/assets/ReadReserve.C2LZY4RV.css                           0.23 kB │ gzip:   0.14 kB
.svelte-kit/output/client/_app/immutable/assets/18.eoVubTdL.css                                    0.23 kB │ gzip:   0.17 kB
.svelte-kit/output/client/_app/immutable/assets/SectionHeading.ID5KBm2j.css                        0.28 kB │ gzip:   0.19 kB
.svelte-kit/output/client/_app/immutable/assets/DayEntry.Bu5Wbcsl.css                              0.30 kB │ gzip:   0.18 kB
.svelte-kit/output/client/_app/immutable/assets/DayStrip.B7QAMYMR.css                              0.30 kB │ gzip:   0.21 kB
.svelte-kit/output/client/_app/immutable/assets/PhotoViewer.wiP4e9SP.css                           0.30 kB │ gzip:   0.21 kB
.svelte-kit/output/client/_app/immutable/assets/105.CQw7zpdv.css                                   0.33 kB │ gzip:   0.20 kB
.svelte-kit/output/client/_app/immutable/assets/64.CI7QDOx4.css                                    0.36 kB │ gzip:   0.22 kB
.svelte-kit/output/client/_app/immutable/assets/35.CXnhmm0l.css                                    0.37 kB │ gzip:   0.24 kB
.svelte-kit/output/client/_app/immutable/assets/MoodPicker.CvIeG4k5.css                            0.40 kB │ gzip:   0.22 kB
.svelte-kit/output/client/_app/immutable/assets/122.CPhR4P_6.css                                   0.41 kB │ gzip:   0.24 kB
.svelte-kit/output/client/_app/immutable/assets/LookBackLetterCard.BsNd1DnI.css                    0.43 kB │ gzip:   0.22 kB
.svelte-kit/output/client/_app/immutable/assets/pickerField.BmvbcaNP.css                           0.43 kB │ gzip:   0.25 kB
.svelte-kit/output/client/_app/immutable/assets/49.UPdwmlbY.css                                    0.45 kB │ gzip:   0.23 kB
.svelte-kit/output/client/_app/immutable/assets/75.BDOcdHut.css                                    0.47 kB │ gzip:   0.23 kB
.svelte-kit/output/client/_app/immutable/assets/38.DMTQKXfm.css                                    0.52 kB │ gzip:   0.26 kB
.svelte-kit/output/client/_app/immutable/assets/40.BHn5oNMp.css                                    0.57 kB │ gzip:   0.31 kB
.svelte-kit/output/client/_app/immutable/assets/Slider.BXP1_4jw.css                                0.58 kB │ gzip:   0.23 kB
.svelte-kit/output/client/_app/immutable/assets/21.DuykILfM.css                                    0.59 kB │ gzip:   0.29 kB
.svelte-kit/output/client/_app/immutable/assets/AccessModeSetup.CY_RCkLZ.css                       0.63 kB │ gzip:   0.28 kB
.svelte-kit/output/client/_app/immutable/assets/79.DQaaOZwE.css                                    0.65 kB │ gzip:   0.31 kB
.svelte-kit/output/client/_app/immutable/assets/ListRow.OT_lYC8_.css                               0.67 kB │ gzip:   0.33 kB
.svelte-kit/output/client/_app/immutable/assets/86.CREmaxDU.css                                    0.69 kB │ gzip:   0.31 kB
.svelte-kit/output/client/_app/immutable/assets/EntryDays.KFwCzU7O.css                             0.73 kB │ gzip:   0.23 kB
.svelte-kit/output/client/_app/immutable/assets/paletteChoices.5eW7Hsp3.css                        0.74 kB │ gzip:   0.29 kB
.svelte-kit/output/client/_app/immutable/assets/15.C-zrSfY2.css                                    0.77 kB │ gzip:   0.37 kB
.svelte-kit/output/client/_app/immutable/assets/BarRows.Bb6BeN1l.css                               0.80 kB │ gzip:   0.27 kB
.svelte-kit/output/client/_app/immutable/assets/108.DMq53CQh.css                                   0.99 kB │ gzip:   0.37 kB
.svelte-kit/output/client/_app/immutable/assets/PermissionList.BCzL9iFe.css                        1.01 kB │ gzip:   0.42 kB
.svelte-kit/output/client/_app/immutable/assets/AreaChart.tHrbTiod.css                             1.02 kB │ gzip:   0.39 kB
.svelte-kit/output/client/_app/immutable/assets/118.DPXysF5w.css                                   1.04 kB │ gzip:   0.38 kB
.svelte-kit/output/client/_app/immutable/assets/SectionJump.1J8E0XY_.css                           1.08 kB │ gzip:   0.47 kB
.svelte-kit/output/client/_app/immutable/assets/5.B53SW1_6.css                                     1.12 kB │ gzip:   0.42 kB
.svelte-kit/output/client/_app/immutable/assets/Progress.SBS-oeAf.css                              1.17 kB │ gzip:   0.45 kB
.svelte-kit/output/client/_app/immutable/assets/VideoNotePlayer.DTdOsAFH.css                       1.23 kB │ gzip:   0.51 kB
.svelte-kit/output/client/_app/immutable/assets/29.D7KdTqu1.css                                    1.24 kB │ gzip:   0.47 kB
.svelte-kit/output/client/_app/immutable/assets/7.9MbRvaAX.css                                     1.31 kB │ gzip:   0.47 kB
.svelte-kit/output/client/_app/immutable/assets/69.kEFcd-Te.css                                    1.32 kB │ gzip:   0.56 kB
.svelte-kit/output/client/_app/immutable/assets/31.BnR614Hk.css                                    1.34 kB │ gzip:   0.50 kB
.svelte-kit/output/client/_app/immutable/assets/112.genRb-2B.css                                   1.37 kB │ gzip:   0.52 kB
.svelte-kit/output/client/_app/immutable/assets/28.Bn9GCQXX.css                                    1.48 kB │ gzip:   0.55 kB
.svelte-kit/output/client/_app/immutable/assets/MarginNotes.DlJD_wR_.css                           1.49 kB │ gzip:   0.48 kB
.svelte-kit/output/client/_app/immutable/assets/VocabularyManagerSheets.cgzzZKmW.css               1.77 kB │ gzip:   0.57 kB
.svelte-kit/output/client/_app/immutable/assets/36.DBU3SNN6.css                                    1.84 kB │ gzip:   0.62 kB
.svelte-kit/output/client/_app/immutable/assets/121.UXCVPqfq.css                                   1.98 kB │ gzip:   0.71 kB
.svelte-kit/output/client/_app/immutable/assets/16.CFYcMjKX.css                                    2.01 kB │ gzip:   0.67 kB
.svelte-kit/output/client/_app/immutable/assets/TimePicker.DDqO33n7.css                            2.14 kB │ gzip:   0.74 kB
.svelte-kit/output/client/_app/immutable/assets/20.4n3QXRvz.css                                    2.22 kB │ gzip:   0.81 kB
.svelte-kit/output/client/_app/immutable/assets/MediaTransport.BN9-jv-w.css                        2.38 kB │ gzip:   0.78 kB
.svelte-kit/output/client/_app/immutable/assets/53.DFMeOLli.css                                    2.43 kB │ gzip:   0.79 kB
.svelte-kit/output/client/_app/immutable/assets/LetterCard.Di-Uw7Zp.css                            2.45 kB │ gzip:   0.76 kB
.svelte-kit/output/client/_app/immutable/assets/MonthJump.C0m-qm19.css                             2.45 kB │ gzip:   0.86 kB
.svelte-kit/output/client/_app/immutable/assets/37.CoKWfiC3.css                                    2.52 kB │ gzip:   0.80 kB
.svelte-kit/output/client/_app/immutable/assets/InjectionSiteMap.DHQEH5rW.css                      2.92 kB │ gzip:   0.83 kB
.svelte-kit/output/client/_app/immutable/assets/114.DnvLKmo_.css                                   3.03 kB │ gzip:   0.94 kB
.svelte-kit/output/client/_app/immutable/assets/PhotoWipe.DKQOpbK5.css                             3.06 kB │ gzip:   0.92 kB
.svelte-kit/output/client/_app/immutable/assets/117.DKcmTNrm.css                                   3.15 kB │ gzip:   0.98 kB
.svelte-kit/output/client/_app/immutable/assets/116.DF-lNooU.css                                   3.17 kB │ gzip:   0.91 kB
.svelte-kit/output/client/_app/immutable/assets/12.Dy3w9UT7.css                                    3.24 kB │ gzip:   0.96 kB
.svelte-kit/output/client/_app/immutable/assets/13.3q4PdC6L.css                                    3.93 kB │ gzip:   0.99 kB
.svelte-kit/output/client/_app/immutable/assets/DatePicker.BgA5OgkC.css                            4.30 kB │ gzip:   1.22 kB
.svelte-kit/output/client/_app/immutable/assets/11.2NQjQ2Rh.css                                    5.62 kB │ gzip:   1.54 kB
.svelte-kit/output/client/_app/immutable/assets/34.DYpW2GYQ.css                                    5.75 kB │ gzip:   1.45 kB
.svelte-kit/output/client/_app/immutable/assets/8.iQZQGxvD.css                                     5.81 kB │ gzip:   1.41 kB
.svelte-kit/output/client/_app/immutable/assets/10.BpFVhXVZ.css                                    6.10 kB │ gzip:   1.43 kB
.svelte-kit/output/client/_app/immutable/assets/42.C7cKrYpr.css                                    6.52 kB │ gzip:   1.63 kB
.svelte-kit/output/client/_app/immutable/assets/2.D7ObSVRe.css                                     6.98 kB │ gzip:   1.83 kB
.svelte-kit/output/client/_app/immutable/assets/EntryEditor.-FnDDmSr.css                           7.12 kB │ gzip:   1.58 kB
.svelte-kit/output/client/_app/immutable/assets/30.DULtU1Sy.css                                    8.10 kB │ gzip:   1.90 kB
.svelte-kit/output/client/_app/immutable/assets/9.bo3SwQBz.css                                     8.83 kB │ gzip:   1.91 kB
.svelte-kit/output/client/_app/immutable/assets/106.DALq5495.css                                   9.43 kB │ gzip:   2.18 kB
.svelte-kit/output/client/_app/immutable/assets/ThemesReading.ymNTlWXs.css                        11.18 kB │ gzip:   2.47 kB
.svelte-kit/output/client/_app/immutable/assets/120.Cum5-O4I.css                                  15.03 kB │ gzip:   2.85 kB
.svelte-kit/output/client/_app/immutable/assets/0.s3-7Pq-S.css                                   125.49 kB │ gzip:  23.75 kB
.svelte-kit/output/client/_app/immutable/chunks/1gzUVTTe.js                                        0.04 kB │ gzip:   0.06 kB
.svelte-kit/output/client/_app/immutable/chunks/DYAEPJ09.js                                        0.06 kB │ gzip:   0.08 kB
.svelte-kit/output/client/_app/immutable/chunks/BSg_a3q-.js                                        0.08 kB │ gzip:   0.10 kB
.svelte-kit/output/client/_app/immutable/chunks/Cb60UIfi.js                                        0.08 kB │ gzip:   0.10 kB
.svelte-kit/output/client/_app/immutable/chunks/DHK0jPk7.js                                        0.08 kB │ gzip:   0.10 kB
.svelte-kit/output/client/_app/immutable/chunks/BZLnRFGv.js                                        0.08 kB │ gzip:   0.10 kB
.svelte-kit/output/client/_app/immutable/chunks/DcrFXztd.js                                        0.08 kB │ gzip:   0.10 kB
.svelte-kit/output/client/_app/immutable/chunks/C-Gpz74E.js                                        0.08 kB │ gzip:   0.10 kB
.svelte-kit/output/client/_app/immutable/chunks/B8OFNILp.js                                        0.08 kB │ gzip:   0.10 kB
.svelte-kit/output/client/_app/immutable/chunks/dmSX40-6.js                                        0.08 kB │ gzip:   0.10 kB
.svelte-kit/output/client/_app/immutable/chunks/qAKm6xdF.js                                        0.08 kB │ gzip:   0.10 kB
.svelte-kit/output/client/_app/immutable/chunks/VpYRivUl.js                                        0.08 kB │ gzip:   0.10 kB
.svelte-kit/output/client/_app/immutable/chunks/35Ahfj8H.js                                        0.08 kB │ gzip:   0.10 kB
.svelte-kit/output/client/_app/immutable/chunks/DeqlGwAB.js                                        0.08 kB │ gzip:   0.10 kB
.svelte-kit/output/client/_app/immutable/chunks/D1dspXSm.js                                        0.08 kB │ gzip:   0.10 kB
.svelte-kit/output/client/_app/immutable/chunks/DXF-Rja8.js                                        0.08 kB │ gzip:   0.10 kB
.svelte-kit/output/client/_app/immutable/chunks/BUoNgaY1.js                                        0.08 kB │ gzip:   0.10 kB
.svelte-kit/output/client/_app/immutable/chunks/DwPP_WI6.js                                        0.08 kB │ gzip:   0.10 kB
.svelte-kit/output/client/_app/immutable/chunks/BXYJVOcp.js                                        0.08 kB │ gzip:   0.10 kB
.svelte-kit/output/client/_app/immutable/chunks/CWDRZOGc.js                                        0.08 kB │ gzip:   0.10 kB
.svelte-kit/output/client/_app/immutable/chunks/Do3upsMM.js                                        0.08 kB │ gzip:   0.10 kB
.svelte-kit/output/client/_app/immutable/chunks/DN0lHawW.js                                        0.08 kB │ gzip:   0.10 kB
.svelte-kit/output/client/_app/immutable/chunks/DSf7ux8P.js                                        0.08 kB │ gzip:   0.10 kB
.svelte-kit/output/client/_app/immutable/chunks/C1IWM6OY.js                                        0.08 kB │ gzip:   0.10 kB
.svelte-kit/output/client/_app/immutable/chunks/BM1c2q95.js                                        0.08 kB │ gzip:   0.10 kB
.svelte-kit/output/client/_app/immutable/chunks/AJtl1YBy.js                                        0.08 kB │ gzip:   0.10 kB
.svelte-kit/output/client/_app/immutable/chunks/Dw_ghQfu.js                                        0.08 kB │ gzip:   0.10 kB
.svelte-kit/output/client/_app/immutable/chunks/DuI943up.js                                        0.08 kB │ gzip:   0.10 kB
.svelte-kit/output/client/_app/immutable/chunks/DEmGfb-m.js                                        0.08 kB │ gzip:   0.10 kB
.svelte-kit/output/client/_app/immutable/chunks/Dx5dwcfS.js                                        0.08 kB │ gzip:   0.10 kB
.svelte-kit/output/client/_app/immutable/chunks/DwIKLcUh.js                                        0.08 kB │ gzip:   0.10 kB
.svelte-kit/output/client/_app/immutable/chunks/BDp4Kwx5.js                                        0.08 kB │ gzip:   0.10 kB
.svelte-kit/output/client/_app/immutable/chunks/CpS7RDba.js                                        0.08 kB │ gzip:   0.10 kB
.svelte-kit/output/client/_app/immutable/chunks/B5PoScBK.js                                        0.08 kB │ gzip:   0.10 kB
.svelte-kit/output/client/_app/immutable/chunks/Y6VEW_Oh.js                                        0.08 kB │ gzip:   0.10 kB
.svelte-kit/output/client/_app/immutable/chunks/DrS2oyVY.js                                        0.08 kB │ gzip:   0.10 kB
.svelte-kit/output/client/_app/immutable/chunks/fNdntpCX.js                                        0.08 kB │ gzip:   0.10 kB
.svelte-kit/output/client/_app/immutable/chunks/BTJqDQ6w.js                                        0.08 kB │ gzip:   0.10 kB
.svelte-kit/output/client/_app/immutable/chunks/O4vX64HQ.js                                        0.08 kB │ gzip:   0.10 kB
.svelte-kit/output/client/_app/immutable/chunks/BwBtO2kX.js                                        0.08 kB │ gzip:   0.10 kB
.svelte-kit/output/client/_app/immutable/chunks/DnlaApZh.js                                        0.08 kB │ gzip:   0.10 kB
.svelte-kit/output/client/_app/immutable/chunks/BJUwIo5Z.js                                        0.08 kB │ gzip:   0.10 kB
.svelte-kit/output/client/_app/immutable/chunks/BtM2DBrL.js                                        0.08 kB │ gzip:   0.10 kB
.svelte-kit/output/client/_app/immutable/chunks/GMjCwuSk.js                                        0.08 kB │ gzip:   0.10 kB
.svelte-kit/output/client/_app/immutable/chunks/DQYyMlOK.js                                        0.08 kB │ gzip:   0.10 kB
.svelte-kit/output/client/_app/immutable/chunks/BOZPVz3b.js                                        0.08 kB │ gzip:   0.10 kB
.svelte-kit/output/client/_app/immutable/chunks/IZq_oBRY.js                                        0.08 kB │ gzip:   0.10 kB
.svelte-kit/output/client/_app/immutable/chunks/BsbGSy5d.js                                        0.09 kB │ gzip:   0.10 kB
.svelte-kit/output/client/_app/immutable/chunks/WlBmq39K.js                                        0.09 kB │ gzip:   0.10 kB
.svelte-kit/output/client/_app/immutable/chunks/CTuYNyVo.js                                        0.09 kB │ gzip:   0.10 kB
.svelte-kit/output/client/_app/immutable/chunks/BKfAnUMO.js                                        0.09 kB │ gzip:   0.10 kB
.svelte-kit/output/client/_app/immutable/chunks/CndnakV-.js                                        0.09 kB │ gzip:   0.10 kB
.svelte-kit/output/client/_app/immutable/chunks/CXNe_j1P.js                                        0.09 kB │ gzip:   0.10 kB
.svelte-kit/output/client/_app/immutable/chunks/Bq_gIVik.js                                        0.09 kB │ gzip:   0.10 kB
.svelte-kit/output/client/_app/immutable/chunks/CKgKdMf5.js                                        0.09 kB │ gzip:   0.10 kB
.svelte-kit/output/client/_app/immutable/chunks/WKcvZn9P.js                                        0.09 kB │ gzip:   0.10 kB
.svelte-kit/output/client/_app/immutable/chunks/QQtd9SF4.js                                        0.09 kB │ gzip:   0.10 kB
.svelte-kit/output/client/_app/immutable/chunks/B3lMxYF3.js                                        0.09 kB │ gzip:   0.10 kB
.svelte-kit/output/client/_app/immutable/chunks/BiUHyjSE.js                                        0.09 kB │ gzip:   0.10 kB
.svelte-kit/output/client/_app/immutable/chunks/bxae-ezX.js                                        0.09 kB │ gzip:   0.11 kB
.svelte-kit/output/client/_app/immutable/chunks/2Q3DlbiY.js                                        0.09 kB │ gzip:   0.11 kB
.svelte-kit/output/client/_app/immutable/chunks/BZ8HQynE.js                                        0.09 kB │ gzip:   0.11 kB
.svelte-kit/output/client/_app/immutable/chunks/kBaIwa7C.js                                        0.09 kB │ gzip:   0.11 kB
.svelte-kit/output/client/_app/immutable/chunks/D2PIsaZq.js                                        0.09 kB │ gzip:   0.11 kB
.svelte-kit/output/client/_app/immutable/chunks/D6QlLL0T.js                                        0.09 kB │ gzip:   0.11 kB
.svelte-kit/output/client/_app/immutable/chunks/CdIOoCA3.js                                        0.09 kB │ gzip:   0.11 kB
.svelte-kit/output/client/_app/immutable/chunks/DqOueZft.js                                        0.09 kB │ gzip:   0.11 kB
.svelte-kit/output/client/_app/immutable/chunks/Emx0ifnF.js                                        0.09 kB │ gzip:   0.11 kB
.svelte-kit/output/client/_app/immutable/chunks/4V9oVOhm.js                                        0.09 kB │ gzip:   0.11 kB
.svelte-kit/output/client/_app/immutable/chunks/hhMp9NPC.js                                        0.09 kB │ gzip:   0.11 kB
.svelte-kit/output/client/_app/immutable/chunks/BzQmeFnN.js                                        0.09 kB │ gzip:   0.11 kB
.svelte-kit/output/client/_app/immutable/chunks/B2GP3X8n.js                                        0.09 kB │ gzip:   0.11 kB
.svelte-kit/output/client/_app/immutable/chunks/D4mrahsw.js                                        0.09 kB │ gzip:   0.11 kB
.svelte-kit/output/client/_app/immutable/chunks/BA7P8lJw.js                                        0.09 kB │ gzip:   0.11 kB
.svelte-kit/output/client/_app/immutable/chunks/DXg8kMNu.js                                        0.09 kB │ gzip:   0.11 kB
.svelte-kit/output/client/_app/immutable/nodes/0.DV0ztt32.js                                       0.09 kB │ gzip:   0.10 kB
.svelte-kit/output/client/_app/immutable/chunks/CpJa8hPb.js                                        0.09 kB │ gzip:   0.11 kB
.svelte-kit/output/client/_app/immutable/chunks/CPwZxrUm.js                                        0.09 kB │ gzip:   0.11 kB
.svelte-kit/output/client/_app/immutable/chunks/PvMRrDih.js                                        0.09 kB │ gzip:   0.11 kB
.svelte-kit/output/client/_app/immutable/chunks/D7ee61S_.js                                        0.09 kB │ gzip:   0.11 kB
.svelte-kit/output/client/_app/immutable/chunks/cc6h_XmG.js                                        0.09 kB │ gzip:   0.11 kB
.svelte-kit/output/client/_app/immutable/chunks/BjCJXc4b.js                                        0.09 kB │ gzip:   0.11 kB
.svelte-kit/output/client/_app/immutable/chunks/CQ9nx_og.js                                        0.09 kB │ gzip:   0.10 kB
.svelte-kit/output/client/_app/immutable/chunks/DcAjH8pI.js                                        0.09 kB │ gzip:   0.11 kB
.svelte-kit/output/client/_app/immutable/chunks/CLZVXL8h.js                                        0.09 kB │ gzip:   0.11 kB
.svelte-kit/output/client/_app/immutable/chunks/C-hZSEIU.js                                        0.09 kB │ gzip:   0.11 kB
.svelte-kit/output/client/_app/immutable/chunks/BKtWK4FL.js                                        0.09 kB │ gzip:   0.11 kB
.svelte-kit/output/client/_app/immutable/chunks/eXTg6EsB.js                                        0.09 kB │ gzip:   0.11 kB
.svelte-kit/output/client/_app/immutable/chunks/BXKypJ9v.js                                        0.09 kB │ gzip:   0.11 kB
.svelte-kit/output/client/_app/immutable/chunks/BIqrlWis.js                                        0.09 kB │ gzip:   0.11 kB
.svelte-kit/output/client/_app/immutable/chunks/BV31EjJL.js                                        0.09 kB │ gzip:   0.11 kB
.svelte-kit/output/client/_app/immutable/chunks/q-fdWNQG.js                                        0.09 kB │ gzip:   0.11 kB
.svelte-kit/output/client/_app/immutable/chunks/Bt3uA8wr.js                                        0.09 kB │ gzip:   0.11 kB
.svelte-kit/output/client/_app/immutable/chunks/Br88VIkn.js                                        0.09 kB │ gzip:   0.11 kB
.svelte-kit/output/client/_app/immutable/chunks/DYtF3-GP.js                                        0.09 kB │ gzip:   0.10 kB
.svelte-kit/output/client/_app/immutable/chunks/4S4a9_bw.js                                        0.09 kB │ gzip:   0.11 kB
.svelte-kit/output/client/_app/immutable/chunks/DM837so0.js                                        0.10 kB │ gzip:   0.11 kB
.svelte-kit/output/client/_app/immutable/chunks/DHeVdwRU.js                                        0.10 kB │ gzip:   0.11 kB
.svelte-kit/output/client/_app/immutable/chunks/C60osyvA.js                                        0.10 kB │ gzip:   0.11 kB
.svelte-kit/output/client/_app/immutable/chunks/DMo-j4Hw.js                                        0.10 kB │ gzip:   0.11 kB
.svelte-kit/output/client/_app/immutable/chunks/Bzak7iHL.js                                        0.10 kB │ gzip:   0.10 kB
.svelte-kit/output/client/_app/immutable/chunks/Bb7oewX8.js                                        0.10 kB │ gzip:   0.12 kB
.svelte-kit/output/client/_app/immutable/chunks/BKUuuVnE.js                                        0.10 kB │ gzip:   0.11 kB
.svelte-kit/output/client/_app/immutable/chunks/C11_t1jO.js                                        0.10 kB │ gzip:   0.12 kB
.svelte-kit/output/client/_app/immutable/chunks/BTNU9TRV.js                                        0.10 kB │ gzip:   0.11 kB
.svelte-kit/output/client/_app/immutable/chunks/DFfcGEFj.js                                        0.10 kB │ gzip:   0.12 kB
.svelte-kit/output/client/_app/immutable/chunks/DSr8BTsU.js                                        0.10 kB │ gzip:   0.12 kB
.svelte-kit/output/client/_app/immutable/chunks/BUxbVPH0.js                                        0.10 kB │ gzip:   0.11 kB
.svelte-kit/output/client/_app/immutable/chunks/CGuuSh-l.js                                        0.10 kB │ gzip:   0.10 kB
.svelte-kit/output/client/_app/immutable/chunks/CMJFE62C.js                                        0.10 kB │ gzip:   0.12 kB
.svelte-kit/output/client/_app/immutable/chunks/CYeTA1iR.js                                        0.10 kB │ gzip:   0.10 kB
.svelte-kit/output/client/_app/immutable/chunks/zM0AxvqV.js                                        0.10 kB │ gzip:   0.12 kB
.svelte-kit/output/client/_app/immutable/chunks/DTDzh_xt.js                                        0.10 kB │ gzip:   0.12 kB
.svelte-kit/output/client/_app/immutable/chunks/Cty6v4xL.js                                        0.10 kB │ gzip:   0.12 kB
.svelte-kit/output/client/_app/immutable/chunks/D7Q4lUhk.js                                        0.10 kB │ gzip:   0.11 kB
.svelte-kit/output/client/_app/immutable/chunks/CMNSwoiv.js                                        0.11 kB │ gzip:   0.12 kB
.svelte-kit/output/client/_app/immutable/chunks/B3qmMEAs.js                                        0.11 kB │ gzip:   0.12 kB
.svelte-kit/output/client/_app/immutable/chunks/BdnTKnl-.js                                        0.11 kB │ gzip:   0.12 kB
.svelte-kit/output/client/_app/immutable/chunks/CIu84L03.js                                        0.11 kB │ gzip:   0.13 kB
.svelte-kit/output/client/_app/immutable/chunks/DKmEA3qK.js                                        0.11 kB │ gzip:   0.13 kB
.svelte-kit/output/client/_app/immutable/chunks/CvwEJXBR.js                                        0.12 kB │ gzip:   0.13 kB
.svelte-kit/output/client/_app/immutable/chunks/BJO6f3y-.js                                        0.12 kB │ gzip:   0.13 kB
.svelte-kit/output/client/_app/immutable/chunks/DpXlYtWd.js                                        0.12 kB │ gzip:   0.12 kB
.svelte-kit/output/client/_app/immutable/entry/start.BBphpRGR.js                                   0.12 kB │ gzip:   0.11 kB
.svelte-kit/output/client/_app/immutable/chunks/B1o3BGfw.js                                        0.12 kB │ gzip:   0.12 kB
.svelte-kit/output/client/_app/immutable/chunks/BMBM4TLT.js                                        0.12 kB │ gzip:   0.12 kB
.svelte-kit/output/client/_app/immutable/chunks/BAIoC8Jg.js                                        0.12 kB │ gzip:   0.12 kB
.svelte-kit/output/client/_app/immutable/chunks/_5fxH-KS.js                                        0.13 kB │ gzip:   0.13 kB
.svelte-kit/output/client/_app/immutable/chunks/RJ1L_Zhj.js                                        0.13 kB │ gzip:   0.13 kB
.svelte-kit/output/client/_app/immutable/chunks/DCPDmXSJ.js                                        0.13 kB │ gzip:   0.12 kB
.svelte-kit/output/client/_app/immutable/chunks/C8tT3WMQ.js                                        0.13 kB │ gzip:   0.13 kB
.svelte-kit/output/client/_app/immutable/chunks/mqnQDZGB.js                                        0.13 kB │ gzip:   0.14 kB
.svelte-kit/output/client/_app/immutable/chunks/DhF1jiUk.js                                        0.13 kB │ gzip:   0.12 kB
.svelte-kit/output/client/_app/immutable/chunks/F3Wg7a92.js                                        0.13 kB │ gzip:   0.13 kB
.svelte-kit/output/client/_app/immutable/chunks/lAXuXzc5.js                                        0.13 kB │ gzip:   0.12 kB
.svelte-kit/output/client/_app/immutable/chunks/DJtqgJnq.js                                        0.14 kB │ gzip:   0.14 kB
.svelte-kit/output/client/_app/immutable/chunks/DdDeICKV.js                                        0.14 kB │ gzip:   0.14 kB
.svelte-kit/output/client/_app/immutable/chunks/BYaFHfjS.js                                        0.14 kB │ gzip:   0.13 kB
.svelte-kit/output/client/_app/immutable/chunks/B0XwC4Ot.js                                        0.15 kB │ gzip:   0.14 kB
.svelte-kit/output/client/_app/immutable/chunks/CqEQkA7A.js                                        0.15 kB │ gzip:   0.15 kB
.svelte-kit/output/client/_app/immutable/chunks/D_KPqtYc.js                                        0.15 kB │ gzip:   0.14 kB
.svelte-kit/output/client/_app/immutable/chunks/Cdd-dsCJ.js                                        0.15 kB │ gzip:   0.14 kB
.svelte-kit/output/client/_app/immutable/chunks/Cku38l6_.js                                        0.15 kB │ gzip:   0.15 kB
.svelte-kit/output/client/_app/immutable/chunks/DQ2a3M__.js                                        0.16 kB │ gzip:   0.15 kB
.svelte-kit/output/client/_app/immutable/chunks/BETjkZzg.js                                        0.17 kB │ gzip:   0.13 kB
.svelte-kit/output/client/_app/immutable/chunks/sxZ82EkD.js                                        0.17 kB │ gzip:   0.15 kB
.svelte-kit/output/client/_app/immutable/chunks/BDOYF4mG.js                                        0.17 kB │ gzip:   0.13 kB
.svelte-kit/output/client/_app/immutable/nodes/100.CMcBACbZ.js                                     0.17 kB │ gzip:   0.17 kB
.svelte-kit/output/client/_app/immutable/nodes/101.CMcBACbZ.js                                     0.17 kB │ gzip:   0.17 kB
.svelte-kit/output/client/_app/immutable/nodes/102.CMcBACbZ.js                                     0.17 kB │ gzip:   0.17 kB
.svelte-kit/output/client/_app/immutable/nodes/103.CMcBACbZ.js                                     0.17 kB │ gzip:   0.17 kB
.svelte-kit/output/client/_app/immutable/nodes/104.CMcBACbZ.js                                     0.17 kB │ gzip:   0.17 kB
.svelte-kit/output/client/_app/immutable/nodes/110.CMcBACbZ.js                                     0.17 kB │ gzip:   0.17 kB
.svelte-kit/output/client/_app/immutable/nodes/111.CMcBACbZ.js                                     0.17 kB │ gzip:   0.17 kB
.svelte-kit/output/client/_app/immutable/nodes/115.CMcBACbZ.js                                     0.17 kB │ gzip:   0.17 kB
.svelte-kit/output/client/_app/immutable/nodes/119.CMcBACbZ.js                                     0.17 kB │ gzip:   0.17 kB
.svelte-kit/output/client/_app/immutable/nodes/19.CMcBACbZ.js                                      0.17 kB │ gzip:   0.17 kB
.svelte-kit/output/client/_app/immutable/nodes/23.CMcBACbZ.js                                      0.17 kB │ gzip:   0.17 kB
.svelte-kit/output/client/_app/immutable/nodes/24.CMcBACbZ.js                                      0.17 kB │ gzip:   0.17 kB
.svelte-kit/output/client/_app/immutable/nodes/27.CMcBACbZ.js                                      0.17 kB │ gzip:   0.17 kB
.svelte-kit/output/client/_app/immutable/nodes/33.CMcBACbZ.js                                      0.17 kB │ gzip:   0.17 kB
.svelte-kit/output/client/_app/immutable/nodes/39.CMcBACbZ.js                                      0.17 kB │ gzip:   0.17 kB
.svelte-kit/output/client/_app/immutable/nodes/43.CMcBACbZ.js                                      0.17 kB │ gzip:   0.17 kB
.svelte-kit/output/client/_app/immutable/nodes/44.CMcBACbZ.js                                      0.17 kB │ gzip:   0.17 kB
.svelte-kit/output/client/_app/immutable/nodes/45.CMcBACbZ.js                                      0.17 kB │ gzip:   0.17 kB
.svelte-kit/output/client/_app/immutable/nodes/46.CMcBACbZ.js                                      0.17 kB │ gzip:   0.17 kB
.svelte-kit/output/client/_app/immutable/nodes/47.CMcBACbZ.js                                      0.17 kB │ gzip:   0.17 kB
.svelte-kit/output/client/_app/immutable/nodes/48.CMcBACbZ.js                                      0.17 kB │ gzip:   0.17 kB
.svelte-kit/output/client/_app/immutable/nodes/50.CMcBACbZ.js                                      0.17 kB │ gzip:   0.17 kB
.svelte-kit/output/client/_app/immutable/nodes/52.CMcBACbZ.js                                      0.17 kB │ gzip:   0.17 kB
.svelte-kit/output/client/_app/immutable/nodes/56.CMcBACbZ.js                                      0.17 kB │ gzip:   0.17 kB
.svelte-kit/output/client/_app/immutable/nodes/58.CMcBACbZ.js                                      0.17 kB │ gzip:   0.17 kB
.svelte-kit/output/client/_app/immutable/nodes/59.CMcBACbZ.js                                      0.17 kB │ gzip:   0.17 kB
.svelte-kit/output/client/_app/immutable/nodes/6.CMcBACbZ.js                                       0.17 kB │ gzip:   0.17 kB
.svelte-kit/output/client/_app/immutable/nodes/60.CMcBACbZ.js                                      0.17 kB │ gzip:   0.17 kB
.svelte-kit/output/client/_app/immutable/nodes/62.CMcBACbZ.js                                      0.17 kB │ gzip:   0.17 kB
.svelte-kit/output/client/_app/immutable/nodes/65.CMcBACbZ.js                                      0.17 kB │ gzip:   0.17 kB
.svelte-kit/output/client/_app/immutable/nodes/66.CMcBACbZ.js                                      0.17 kB │ gzip:   0.17 kB
.svelte-kit/output/client/_app/immutable/nodes/67.CMcBACbZ.js                                      0.17 kB │ gzip:   0.17 kB
.svelte-kit/output/client/_app/immutable/nodes/68.CMcBACbZ.js                                      0.17 kB │ gzip:   0.17 kB
.svelte-kit/output/client/_app/immutable/nodes/71.CMcBACbZ.js                                      0.17 kB │ gzip:   0.17 kB
.svelte-kit/output/client/_app/immutable/nodes/72.CMcBACbZ.js                                      0.17 kB │ gzip:   0.17 kB
.svelte-kit/output/client/_app/immutable/nodes/73.CMcBACbZ.js                                      0.17 kB │ gzip:   0.17 kB
.svelte-kit/output/client/_app/immutable/nodes/74.CMcBACbZ.js                                      0.17 kB │ gzip:   0.17 kB
.svelte-kit/output/client/_app/immutable/nodes/76.CMcBACbZ.js                                      0.17 kB │ gzip:   0.17 kB
.svelte-kit/output/client/_app/immutable/nodes/77.CMcBACbZ.js                                      0.17 kB │ gzip:   0.17 kB
.svelte-kit/output/client/_app/immutable/nodes/78.CMcBACbZ.js                                      0.17 kB │ gzip:   0.17 kB
.svelte-kit/output/client/_app/immutable/nodes/82.CMcBACbZ.js                                      0.17 kB │ gzip:   0.17 kB
.svelte-kit/output/client/_app/immutable/nodes/83.CMcBACbZ.js                                      0.17 kB │ gzip:   0.17 kB
.svelte-kit/output/client/_app/immutable/nodes/84.CMcBACbZ.js                                      0.17 kB │ gzip:   0.17 kB
.svelte-kit/output/client/_app/immutable/nodes/85.CMcBACbZ.js                                      0.17 kB │ gzip:   0.17 kB
.svelte-kit/output/client/_app/immutable/nodes/87.CMcBACbZ.js                                      0.17 kB │ gzip:   0.17 kB
.svelte-kit/output/client/_app/immutable/nodes/90.CMcBACbZ.js                                      0.17 kB │ gzip:   0.17 kB
.svelte-kit/output/client/_app/immutable/nodes/91.CMcBACbZ.js                                      0.17 kB │ gzip:   0.17 kB
.svelte-kit/output/client/_app/immutable/nodes/93.CMcBACbZ.js                                      0.17 kB │ gzip:   0.17 kB
.svelte-kit/output/client/_app/immutable/nodes/94.CMcBACbZ.js                                      0.17 kB │ gzip:   0.17 kB
.svelte-kit/output/client/_app/immutable/nodes/95.CMcBACbZ.js                                      0.17 kB │ gzip:   0.17 kB
.svelte-kit/output/client/_app/immutable/nodes/96.CMcBACbZ.js                                      0.17 kB │ gzip:   0.17 kB
.svelte-kit/output/client/_app/immutable/nodes/99.CMcBACbZ.js                                      0.17 kB │ gzip:   0.17 kB
.svelte-kit/output/client/_app/immutable/chunks/D28fGeL4.js                                        0.17 kB │ gzip:   0.14 kB
.svelte-kit/output/client/_app/immutable/chunks/SLxhhS6o.js                                        0.18 kB │ gzip:   0.15 kB
.svelte-kit/output/client/_app/immutable/chunks/IEKil2UB.js                                        0.18 kB │ gzip:   0.15 kB
.svelte-kit/output/client/_app/immutable/chunks/Bl3ULkaM.js                                        0.18 kB │ gzip:   0.15 kB
.svelte-kit/output/client/_app/immutable/chunks/BsQoYCYm.js                                        0.18 kB │ gzip:   0.15 kB
.svelte-kit/output/client/_app/immutable/chunks/bzp0UmXR.js                                        0.18 kB │ gzip:   0.15 kB
.svelte-kit/output/client/_app/immutable/chunks/__p-OK1U.js                                        0.18 kB │ gzip:   0.17 kB
.svelte-kit/output/client/_app/immutable/chunks/B6P0HM0P.js                                        0.19 kB │ gzip:   0.14 kB
.svelte-kit/output/client/_app/immutable/chunks/gR6vcP1v.js                                        0.19 kB │ gzip:   0.18 kB
.svelte-kit/output/client/_app/immutable/chunks/BZEj-uVh.js                                        0.20 kB │ gzip:   0.18 kB
.svelte-kit/output/client/_app/immutable/chunks/ClNAsk2o.js                                        0.21 kB │ gzip:   0.18 kB
.svelte-kit/output/client/_app/immutable/chunks/B1jZUbid.js                                        0.21 kB │ gzip:   0.20 kB
.svelte-kit/output/client/_app/immutable/chunks/wGaqooAd.js                                        0.22 kB │ gzip:   0.17 kB
.svelte-kit/output/client/_app/immutable/chunks/BtW7dUcL.js                                        0.22 kB │ gzip:   0.18 kB
.svelte-kit/output/client/_app/immutable/chunks/Cr6koYEA.js                                        0.23 kB │ gzip:   0.17 kB
.svelte-kit/output/client/_app/immutable/chunks/9zcTxGuC.js                                        0.23 kB │ gzip:   0.18 kB
.svelte-kit/output/client/_app/immutable/chunks/CJiOco0a.js                                        0.23 kB │ gzip:   0.19 kB
.svelte-kit/output/client/_app/immutable/chunks/DgweeUVm.js                                        0.23 kB │ gzip:   0.17 kB
.svelte-kit/output/client/_app/immutable/chunks/CereevS1.js                                        0.24 kB │ gzip:   0.17 kB
.svelte-kit/output/client/_app/immutable/chunks/BsUIamPS.js                                        0.25 kB │ gzip:   0.19 kB
.svelte-kit/output/client/_app/immutable/chunks/tsPuy_IQ.js                                        0.25 kB │ gzip:   0.19 kB
.svelte-kit/output/client/_app/immutable/chunks/CPp_1G5-.js                                        0.25 kB │ gzip:   0.19 kB
.svelte-kit/output/client/_app/immutable/chunks/8cNe_lN7.js                                        0.26 kB │ gzip:   0.20 kB
.svelte-kit/output/client/_app/immutable/chunks/BzpRgYYK.js                                        0.26 kB │ gzip:   0.17 kB
.svelte-kit/output/client/_app/immutable/chunks/CS5Gp6c7.js                                        0.27 kB │ gzip:   0.20 kB
.svelte-kit/output/client/_app/immutable/chunks/DI-RkE49.js                                        0.28 kB │ gzip:   0.18 kB
.svelte-kit/output/client/_app/immutable/chunks/BX5kIoQq.js                                        0.28 kB │ gzip:   0.18 kB
.svelte-kit/output/client/_app/immutable/chunks/CQmM6IM9.js                                        0.28 kB │ gzip:   0.22 kB
.svelte-kit/output/client/_app/immutable/chunks/7L18JB6e.js                                        0.28 kB │ gzip:   0.21 kB
.svelte-kit/output/client/_app/immutable/chunks/DAjWzczg.js                                        0.28 kB │ gzip:   0.23 kB
.svelte-kit/output/client/_app/immutable/chunks/CYJJziQd.js                                        0.29 kB │ gzip:   0.22 kB
.svelte-kit/output/client/_app/immutable/chunks/B7Aq-oyg.js                                        0.29 kB │ gzip:   0.15 kB
.svelte-kit/output/client/_app/immutable/chunks/BXM4jTmX.js                                        0.30 kB │ gzip:   0.21 kB
.svelte-kit/output/client/_app/immutable/chunks/DI96I8GB.js                                        0.31 kB │ gzip:   0.20 kB
.svelte-kit/output/client/_app/immutable/chunks/BJTY71-l.js                                        0.32 kB │ gzip:   0.21 kB
.svelte-kit/output/client/_app/immutable/chunks/BCVKppuM.js                                        0.33 kB │ gzip:   0.23 kB
.svelte-kit/output/client/_app/immutable/chunks/UVYKBQmK.js                                        0.34 kB │ gzip:   0.24 kB
.svelte-kit/output/client/_app/immutable/chunks/B9Hn4yCK.js                                        0.35 kB │ gzip:   0.20 kB
.svelte-kit/output/client/_app/immutable/chunks/CXZceIvh.js                                        0.36 kB │ gzip:   0.23 kB
.svelte-kit/output/client/_app/immutable/chunks/CuN2G1_b.js                                        0.36 kB │ gzip:   0.25 kB
.svelte-kit/output/client/_app/immutable/chunks/BlgWjeKi.js                                        0.36 kB │ gzip:   0.29 kB
.svelte-kit/output/client/_app/immutable/chunks/CdCtDJx8.js                                        0.36 kB │ gzip:   0.25 kB
.svelte-kit/output/client/_app/immutable/chunks/ks0ar-pm.js                                        0.37 kB │ gzip:   0.25 kB
.svelte-kit/output/client/_app/immutable/chunks/BGKTo5gU.js                                        0.37 kB │ gzip:   0.27 kB
.svelte-kit/output/client/_app/immutable/chunks/BBbMwpMz.js                                        0.37 kB │ gzip:   0.26 kB
.svelte-kit/output/client/_app/immutable/chunks/Z6lHlwai.js                                        0.37 kB │ gzip:   0.25 kB
.svelte-kit/output/client/_app/immutable/chunks/DrtD1ogX.js                                        0.37 kB │ gzip:   0.21 kB
.svelte-kit/output/client/_app/immutable/nodes/1.DXlsLWgP.js                                       0.38 kB │ gzip:   0.27 kB
.svelte-kit/output/client/_app/immutable/chunks/CiXqjJoY.js                                        0.38 kB │ gzip:   0.28 kB
.svelte-kit/output/client/_app/immutable/chunks/DF9sGtHn.js                                        0.39 kB │ gzip:   0.27 kB
.svelte-kit/output/client/_app/immutable/chunks/D1ht5jha.js                                        0.39 kB │ gzip:   0.25 kB
.svelte-kit/output/client/_app/immutable/chunks/Dur11GZp.js                                        0.42 kB │ gzip:   0.27 kB
.svelte-kit/output/client/_app/immutable/chunks/CXQROY2v.js                                        0.43 kB │ gzip:   0.27 kB
.svelte-kit/output/client/_app/immutable/chunks/C4BwEKk4.js                                        0.43 kB │ gzip:   0.30 kB
.svelte-kit/output/client/_app/immutable/chunks/Bgqw-DOs.js                                        0.44 kB │ gzip:   0.28 kB
.svelte-kit/output/client/_app/immutable/nodes/25.BUmYSWio.js                                      0.45 kB │ gzip:   0.29 kB
.svelte-kit/output/client/_app/immutable/chunks/jtY11BL0.js                                        0.46 kB │ gzip:   0.31 kB
.svelte-kit/output/client/_app/immutable/chunks/CkFv4Lv6.js                                        0.46 kB │ gzip:   0.30 kB
.svelte-kit/output/client/_app/immutable/chunks/FvN88m0V.js                                        0.47 kB │ gzip:   0.26 kB
.svelte-kit/output/client/_app/immutable/chunks/_xmTFQLV.js                                        0.48 kB │ gzip:   0.31 kB
.svelte-kit/output/client/_app/immutable/chunks/C3kJ57QO.js                                        0.48 kB │ gzip:   0.28 kB
.svelte-kit/output/client/_app/immutable/chunks/Qzs4DB7J.js                                        0.49 kB │ gzip:   0.32 kB
.svelte-kit/output/client/_app/immutable/chunks/E49lERcI.js                                        0.50 kB │ gzip:   0.33 kB
.svelte-kit/output/client/_app/immutable/chunks/B9REDI8W.js                                        0.50 kB │ gzip:   0.31 kB
.svelte-kit/output/client/_app/immutable/chunks/-UyI9lYi.js                                        0.51 kB │ gzip:   0.30 kB
.svelte-kit/output/client/_app/immutable/chunks/effxbzBs.js                                        0.51 kB │ gzip:   0.34 kB
.svelte-kit/output/client/_app/immutable/chunks/Cb0CrQ0m.js                                        0.53 kB │ gzip:   0.33 kB
.svelte-kit/output/client/_app/immutable/chunks/CM7iWWz3.js                                        0.53 kB │ gzip:   0.30 kB
.svelte-kit/output/client/_app/immutable/chunks/jzw03CWU.js                                        0.53 kB │ gzip:   0.35 kB
.svelte-kit/output/client/_app/immutable/chunks/CB2DRXwm.js                                        0.54 kB │ gzip:   0.28 kB
.svelte-kit/output/client/_app/immutable/chunks/CZUJfOb8.js                                        0.54 kB │ gzip:   0.34 kB
.svelte-kit/output/client/_app/immutable/chunks/-rXBZJNa.js                                        0.55 kB │ gzip:   0.31 kB
.svelte-kit/output/client/_app/immutable/chunks/CZAAe3zu.js                                        0.60 kB │ gzip:   0.36 kB
.svelte-kit/output/client/_app/immutable/chunks/BlhkLhJT.js                                        0.61 kB │ gzip:   0.33 kB
.svelte-kit/output/client/_app/immutable/chunks/DnlQE0Fj.js                                        0.61 kB │ gzip:   0.39 kB
.svelte-kit/output/client/_app/immutable/chunks/BQcPDVQ2.js                                        0.62 kB │ gzip:   0.41 kB
.svelte-kit/output/client/_app/immutable/chunks/BEOye62G.js                                        0.64 kB │ gzip:   0.37 kB
.svelte-kit/output/client/_app/immutable/chunks/wlNjziOM.js                                        0.65 kB │ gzip:   0.42 kB
.svelte-kit/output/client/_app/immutable/chunks/BpK0zrkF.js                                        0.66 kB │ gzip:   0.42 kB
.svelte-kit/output/client/_app/immutable/nodes/81.CRxVQlaD.js                                      0.68 kB │ gzip:   0.42 kB
.svelte-kit/output/client/_app/immutable/chunks/Byl_D19b.js                                        0.68 kB │ gzip:   0.39 kB
.svelte-kit/output/client/_app/immutable/chunks/MUtI-521.js                                        0.68 kB │ gzip:   0.46 kB
.svelte-kit/output/client/_app/immutable/chunks/n9uKBa-H.js                                        0.69 kB │ gzip:   0.44 kB
.svelte-kit/output/client/_app/immutable/chunks/ClMrgZWq.js                                        0.69 kB │ gzip:   0.43 kB
.svelte-kit/output/client/_app/immutable/chunks/DM_GUBIL.js                                        0.69 kB │ gzip:   0.46 kB
.svelte-kit/output/client/_app/immutable/chunks/DQqdFW2U.js                                        0.69 kB │ gzip:   0.37 kB
.svelte-kit/output/client/_app/immutable/chunks/D07wbnc2.js                                        0.71 kB │ gzip:   0.43 kB
.svelte-kit/output/client/_app/immutable/chunks/Dcfu646u.js                                        0.71 kB │ gzip:   0.42 kB
.svelte-kit/output/client/_app/immutable/chunks/C3K4BGIJ.js                                        0.72 kB │ gzip:   0.40 kB
.svelte-kit/output/client/_app/immutable/chunks/OMl40fMN.js                                        0.72 kB │ gzip:   0.40 kB
.svelte-kit/output/client/_app/immutable/chunks/DX1S2RnY.js                                        0.75 kB │ gzip:   0.42 kB
.svelte-kit/output/client/_app/immutable/chunks/Czfn8Ojs.js                                        0.75 kB │ gzip:   0.39 kB
.svelte-kit/output/client/_app/immutable/chunks/D8vojqcN.js                                        0.76 kB │ gzip:   0.40 kB
.svelte-kit/output/client/_app/immutable/chunks/CFa3Dise.js                                        0.77 kB │ gzip:   0.43 kB
.svelte-kit/output/client/_app/immutable/chunks/DwGNQrtg.js                                        0.79 kB │ gzip:   0.40 kB
.svelte-kit/output/client/_app/immutable/chunks/Bxuotnsl.js                                        0.81 kB │ gzip:   0.45 kB
.svelte-kit/output/client/_app/immutable/chunks/BxR0sVAx.js                                        0.81 kB │ gzip:   0.45 kB
.svelte-kit/output/client/_app/immutable/chunks/MyXgz-_H.js                                        0.83 kB │ gzip:   0.41 kB
.svelte-kit/output/client/_app/immutable/chunks/jjg2hDNe.js                                        0.83 kB │ gzip:   0.51 kB
.svelte-kit/output/client/_app/immutable/chunks/CkOVtG4I.js                                        0.84 kB │ gzip:   0.39 kB
.svelte-kit/output/client/_app/immutable/chunks/CHdpjZz6.js                                        0.84 kB │ gzip:   0.52 kB
.svelte-kit/output/client/_app/immutable/chunks/Bi1kLlgI.js                                        0.84 kB │ gzip:   0.48 kB
.svelte-kit/output/client/_app/immutable/chunks/BkY10QhV.js                                        0.85 kB │ gzip:   0.41 kB
.svelte-kit/output/client/_app/immutable/chunks/DZpRK15T.js                                        0.86 kB │ gzip:   0.45 kB
.svelte-kit/output/client/_app/immutable/chunks/aj79k3_r.js                                        0.87 kB │ gzip:   0.40 kB
.svelte-kit/output/client/_app/immutable/chunks/DsLHR-nu.js                                        0.89 kB │ gzip:   0.48 kB
.svelte-kit/output/client/_app/immutable/chunks/Ccdm08-Q.js                                        0.92 kB │ gzip:   0.53 kB
.svelte-kit/output/client/_app/immutable/chunks/CfTEtpzf.js                                        0.96 kB │ gzip:   0.55 kB
.svelte-kit/output/client/_app/immutable/chunks/C3HYomoS.js                                        0.99 kB │ gzip:   0.49 kB
.svelte-kit/output/client/_app/immutable/chunks/FA8R00Yr.js                                        1.00 kB │ gzip:   0.54 kB
.svelte-kit/output/client/_app/immutable/chunks/CjCOMZrB.js                                        1.02 kB │ gzip:   0.58 kB
.svelte-kit/output/client/_app/immutable/chunks/6dAWsKAQ.js                                        1.03 kB │ gzip:   0.58 kB
.svelte-kit/output/client/_app/immutable/chunks/BeBAkJG1.js                                        1.04 kB │ gzip:   0.57 kB
.svelte-kit/output/client/_app/immutable/chunks/C93wNq_c.js                                        1.05 kB │ gzip:   0.55 kB
.svelte-kit/output/client/_app/immutable/chunks/Cg6j6wFK.js                                        1.07 kB │ gzip:   0.63 kB
.svelte-kit/output/client/_app/immutable/chunks/BrFpzaWE.js                                        1.07 kB │ gzip:   0.57 kB
.svelte-kit/output/client/_app/immutable/chunks/BbUu0MRu.js                                        1.08 kB │ gzip:   0.62 kB
.svelte-kit/output/client/_app/immutable/chunks/DaeaNExf.js                                        1.08 kB │ gzip:   0.58 kB
.svelte-kit/output/client/_app/immutable/chunks/DdtyyPra.js                                        1.12 kB │ gzip:   0.60 kB
.svelte-kit/output/client/_app/immutable/chunks/BoIajNw8.js                                        1.12 kB │ gzip:   0.40 kB
.svelte-kit/output/client/_app/immutable/chunks/UEE8nDLf.js                                        1.14 kB │ gzip:   0.62 kB
.svelte-kit/output/client/_app/immutable/chunks/DHgDgkJC.js                                        1.15 kB │ gzip:   0.59 kB
.svelte-kit/output/client/_app/immutable/chunks/4V1OY9IO.js                                        1.16 kB │ gzip:   0.63 kB
.svelte-kit/output/client/_app/immutable/chunks/ChWGwRbr.js                                        1.16 kB │ gzip:   0.69 kB
.svelte-kit/output/client/_app/immutable/chunks/Bg9tEQ5g.js                                        1.22 kB │ gzip:   0.72 kB
.svelte-kit/output/client/_app/immutable/nodes/41.Coe_V69N.js                                      1.22 kB │ gzip:   0.66 kB
.svelte-kit/output/client/_app/immutable/chunks/Dp1pzeXC.js                                        1.27 kB │ gzip:   0.73 kB
.svelte-kit/output/client/_app/immutable/chunks/CYvkKnas.js                                        1.28 kB │ gzip:   0.52 kB
.svelte-kit/output/client/_app/immutable/chunks/DfCA3Scr.js                                        1.28 kB │ gzip:   0.76 kB
.svelte-kit/output/client/_app/immutable/chunks/8rQpeU9Q.js                                        1.28 kB │ gzip:   0.67 kB
.svelte-kit/output/client/_app/immutable/chunks/BzYt8Mcp.js                                        1.29 kB │ gzip:   0.75 kB
.svelte-kit/output/client/_app/immutable/chunks/fc_D_mY9.js                                        1.32 kB │ gzip:   0.58 kB
.svelte-kit/output/client/_app/immutable/chunks/wbPk3Yxo.js                                        1.37 kB │ gzip:   0.66 kB
.svelte-kit/output/client/_app/immutable/chunks/DMuBX4NQ.js                                        1.39 kB │ gzip:   0.67 kB
.svelte-kit/output/client/_app/immutable/chunks/CiWow26T.js                                        1.41 kB │ gzip:   0.85 kB
.svelte-kit/output/client/_app/immutable/chunks/Rgibft1e.js                                        1.42 kB │ gzip:   0.75 kB
.svelte-kit/output/client/_app/immutable/chunks/H0Jzc5D-.js                                        1.44 kB │ gzip:   0.67 kB
.svelte-kit/output/client/_app/immutable/chunks/Dz-9PJvg.js                                        1.48 kB │ gzip:   0.65 kB
.svelte-kit/output/client/_app/immutable/chunks/DmB5ISWV.js                                        1.48 kB │ gzip:   0.68 kB
.svelte-kit/output/client/_app/immutable/chunks/DVhglEmt.js                                        1.51 kB │ gzip:   0.76 kB
.svelte-kit/output/client/_app/immutable/chunks/CB_qq-IC.js                                        1.51 kB │ gzip:   0.73 kB
.svelte-kit/output/client/_app/immutable/chunks/C7abqGt0.js                                        1.53 kB │ gzip:   0.87 kB
.svelte-kit/output/client/_app/immutable/chunks/xoGMlkzR.js                                        1.53 kB │ gzip:   0.73 kB
.svelte-kit/output/client/_app/immutable/nodes/26.CknPfREr.js                                      1.53 kB │ gzip:   0.75 kB
.svelte-kit/output/client/_app/immutable/chunks/BwYfj_yp.js                                        1.53 kB │ gzip:   0.71 kB
.svelte-kit/output/client/_app/immutable/chunks/BByYQP7h.js                                        1.53 kB │ gzip:   0.82 kB
.svelte-kit/output/client/_app/immutable/chunks/DxibH4SC.js                                        1.54 kB │ gzip:   0.89 kB
.svelte-kit/output/client/_app/immutable/chunks/DPCUHIIZ.js                                        1.60 kB │ gzip:   0.76 kB
.svelte-kit/output/client/_app/immutable/chunks/dGui82Ym.js                                        1.62 kB │ gzip:   0.90 kB
.svelte-kit/output/client/_app/immutable/chunks/BPeLY3s0.js                                        1.63 kB │ gzip:   0.85 kB
.svelte-kit/output/client/_app/immutable/chunks/BZOKb9UM.js                                        1.67 kB │ gzip:   0.90 kB
.svelte-kit/output/client/_app/immutable/chunks/KdGNKvJn.js                                        1.68 kB │ gzip:   0.73 kB
.svelte-kit/output/client/_app/immutable/chunks/HJiR-H7a.js                                        1.68 kB │ gzip:   0.73 kB
.svelte-kit/output/client/_app/immutable/chunks/DdspZlUy.js                                        1.72 kB │ gzip:   0.83 kB
.svelte-kit/output/client/_app/immutable/chunks/hinC8bVa.js                                        1.73 kB │ gzip:   0.65 kB
.svelte-kit/output/client/_app/immutable/chunks/BBGihbhP.js                                        1.73 kB │ gzip:   0.93 kB
.svelte-kit/output/client/_app/immutable/chunks/CyHno-v0.js                                        1.79 kB │ gzip:   0.89 kB
.svelte-kit/output/client/_app/immutable/chunks/BfOQlqTj.js                                        1.80 kB │ gzip:   0.92 kB
.svelte-kit/output/client/_app/immutable/chunks/D_wxHf87.js                                        1.81 kB │ gzip:   0.90 kB
.svelte-kit/output/client/_app/immutable/chunks/DsxApkWn.js                                        1.82 kB │ gzip:   0.61 kB
.svelte-kit/output/client/_app/immutable/chunks/CPMyMCt0.js                                        1.85 kB │ gzip:   0.96 kB
.svelte-kit/output/client/_app/immutable/chunks/rgnQAqPU.js                                        1.86 kB │ gzip:   0.91 kB
.svelte-kit/output/client/_app/immutable/chunks/C5G_b3FM.js                                        1.87 kB │ gzip:   0.87 kB
.svelte-kit/output/client/_app/immutable/chunks/D-Z5WxOU.js                                        1.88 kB │ gzip:   0.94 kB
.svelte-kit/output/client/_app/immutable/nodes/113.yDPEmNPJ.js                                     1.90 kB │ gzip:   0.95 kB
.svelte-kit/output/client/_app/immutable/chunks/B_--1AM9.js                                        1.94 kB │ gzip:   0.97 kB
.svelte-kit/output/client/_app/immutable/chunks/BApenPx-.js                                        1.95 kB │ gzip:   0.85 kB
.svelte-kit/output/client/_app/immutable/chunks/qaeC49Kz.js                                        1.96 kB │ gzip:   1.04 kB
.svelte-kit/output/client/_app/immutable/chunks/yvc8iiJD.js                                        1.97 kB │ gzip:   1.08 kB
.svelte-kit/output/client/_app/immutable/chunks/DhN5Ghfc.js                                        1.98 kB │ gzip:   0.73 kB
.svelte-kit/output/client/_app/immutable/chunks/jRg0srZl.js                                        2.01 kB │ gzip:   0.95 kB
.svelte-kit/output/client/_app/immutable/chunks/DKphjlhq.js                                        2.06 kB │ gzip:   1.10 kB
.svelte-kit/output/client/_app/immutable/chunks/Cv7zohAj.js                                        2.07 kB │ gzip:   1.01 kB
.svelte-kit/output/client/_app/immutable/chunks/Cwm8BWCV.js                                        2.11 kB │ gzip:   0.88 kB
.svelte-kit/output/client/_app/immutable/chunks/BLv_s6sC.js                                        2.13 kB │ gzip:   0.97 kB
.svelte-kit/output/client/_app/immutable/chunks/BW82PGlS.js                                        2.16 kB │ gzip:   1.08 kB
.svelte-kit/output/client/_app/immutable/chunks/B_zoXwbL.js                                        2.17 kB │ gzip:   1.14 kB
.svelte-kit/output/client/_app/immutable/chunks/Fj-IFhFK.js                                        2.18 kB │ gzip:   0.79 kB
.svelte-kit/output/client/_app/immutable/chunks/h0vik2L1.js                                        2.19 kB │ gzip:   1.15 kB
.svelte-kit/output/client/_app/immutable/chunks/B_bgH2Tu.js                                        2.24 kB │ gzip:   1.11 kB
.svelte-kit/output/client/_app/immutable/chunks/BgDpHGsD.js                                        2.27 kB │ gzip:   1.25 kB
.svelte-kit/output/client/_app/immutable/chunks/DY5_l40J.js                                        2.27 kB │ gzip:   0.95 kB
.svelte-kit/output/client/_app/immutable/chunks/ClIYqTgq.js                                        2.29 kB │ gzip:   1.14 kB
.svelte-kit/output/client/_app/immutable/chunks/QviN_SCa.js                                        2.30 kB │ gzip:   1.33 kB
.svelte-kit/output/client/_app/immutable/chunks/Cve_jClb.js                                        2.41 kB │ gzip:   1.13 kB
.svelte-kit/output/client/_app/immutable/chunks/BStkj9GB.js                                        2.42 kB │ gzip:   1.06 kB
.svelte-kit/output/client/_app/immutable/chunks/FN-iMIll.js                                        2.43 kB │ gzip:   1.15 kB
.svelte-kit/output/client/_app/immutable/nodes/92.Bm2cGdmn.js                                      2.43 kB │ gzip:   1.17 kB
.svelte-kit/output/client/_app/immutable/chunks/wxkofBhX.js                                        2.49 kB │ gzip:   0.81 kB
.svelte-kit/output/client/_app/immutable/chunks/097O2Se8.js                                        2.54 kB │ gzip:   1.29 kB
.svelte-kit/output/client/_app/immutable/chunks/DnSL7jhy.js                                        2.59 kB │ gzip:   1.15 kB
.svelte-kit/output/client/_app/immutable/chunks/DIYyOrWJ.js                                        2.60 kB │ gzip:   1.14 kB
.svelte-kit/output/client/_app/immutable/chunks/BoDv8LLl.js                                        2.62 kB │ gzip:   1.33 kB
.svelte-kit/output/client/_app/immutable/nodes/105.C3Igwlrh.js                                     2.69 kB │ gzip:   1.35 kB
.svelte-kit/output/client/_app/immutable/chunks/DM7pkiQg.js                                        2.78 kB │ gzip:   1.20 kB
.svelte-kit/output/client/_app/immutable/chunks/BKAPDCjV.js                                        2.82 kB │ gzip:   1.40 kB
.svelte-kit/output/client/_app/immutable/chunks/CRyZKC73.js                                        2.83 kB │ gzip:   1.36 kB
.svelte-kit/output/client/_app/immutable/chunks/CmCkvjW6.js                                        2.83 kB │ gzip:   1.30 kB
.svelte-kit/output/client/_app/immutable/nodes/98.I9O0HPB8.js                                      2.86 kB │ gzip:   1.42 kB
.svelte-kit/output/client/_app/immutable/chunks/CQgks5l7.js                                        2.89 kB │ gzip:   1.35 kB
.svelte-kit/output/client/_app/immutable/chunks/DbHxKPXo.js                                        2.89 kB │ gzip:   1.08 kB
.svelte-kit/output/client/_app/immutable/chunks/ea2BNtJn.js                                        2.89 kB │ gzip:   1.48 kB
.svelte-kit/output/client/_app/immutable/chunks/sQHWaYIe.js                                        2.94 kB │ gzip:   1.13 kB
.svelte-kit/output/client/_app/immutable/chunks/oaPBr3BA.js                                        2.94 kB │ gzip:   0.87 kB
.svelte-kit/output/client/_app/immutable/chunks/Nfmhk6J1.js                                        2.94 kB │ gzip:   1.34 kB
.svelte-kit/output/client/_app/immutable/chunks/DYVCDYoC.js                                        2.96 kB │ gzip:   1.06 kB
.svelte-kit/output/client/_app/immutable/chunks/CTo6YV4E.js                                        2.97 kB │ gzip:   1.50 kB
.svelte-kit/output/client/_app/immutable/nodes/107.B6e0kEdL.js                                     2.99 kB │ gzip:   1.34 kB
.svelte-kit/output/client/_app/immutable/chunks/irh4FQgc.js                                        3.04 kB │ gzip:   1.32 kB
.svelte-kit/output/client/_app/immutable/chunks/Dp6jd2n3.js                                        3.09 kB │ gzip:   1.35 kB
.svelte-kit/output/client/_app/immutable/chunks/DyHwsxMq.js                                        3.24 kB │ gzip:   1.55 kB
.svelte-kit/output/client/_app/immutable/chunks/DZSFDEU0.js                                        3.34 kB │ gzip:   1.32 kB
.svelte-kit/output/client/_app/immutable/chunks/FfocFP09.js                                        3.36 kB │ gzip:   1.34 kB
.svelte-kit/output/client/_app/immutable/chunks/4XPUX1-d.js                                        3.44 kB │ gzip:   1.66 kB
.svelte-kit/output/client/_app/immutable/chunks/Bhgt19c5.js                                        3.45 kB │ gzip:   1.44 kB
.svelte-kit/output/client/_app/immutable/chunks/DD8hPB8Z.js                                        3.45 kB │ gzip:   1.53 kB
.svelte-kit/output/client/_app/immutable/chunks/Oe4h_TbQ.js                                        3.50 kB │ gzip:   1.64 kB
.svelte-kit/output/client/_app/immutable/chunks/DnSn8YOY.js                                        3.51 kB │ gzip:   1.63 kB
.svelte-kit/output/client/_app/immutable/chunks/B5zzMXQp.js                                        3.52 kB │ gzip:   1.35 kB
.svelte-kit/output/client/_app/immutable/chunks/CiaN0qZq.js                                        3.62 kB │ gzip:   1.46 kB
.svelte-kit/output/client/_app/immutable/chunks/BYXUghdy.js                                        3.66 kB │ gzip:   1.72 kB
.svelte-kit/output/client/_app/immutable/chunks/Q8MMX1Yk.js                                        3.73 kB │ gzip:   1.37 kB
.svelte-kit/output/client/_app/immutable/chunks/9_GLfe14.js                                        3.75 kB │ gzip:   1.77 kB
.svelte-kit/output/client/_app/immutable/chunks/Dh49uqmB.js                                        3.80 kB │ gzip:   1.69 kB
.svelte-kit/output/client/_app/immutable/chunks/HTogPYvi.js                                        3.84 kB │ gzip:   1.79 kB
.svelte-kit/output/client/_app/immutable/chunks/C3k-OopV.js                                        3.91 kB │ gzip:   1.78 kB
.svelte-kit/output/client/_app/immutable/chunks/D_fH2thA.js                                        3.97 kB │ gzip:   1.70 kB
.svelte-kit/output/client/_app/immutable/chunks/9aeCWXTq.js                                        4.00 kB │ gzip:   1.60 kB
.svelte-kit/output/client/_app/immutable/chunks/CFUHO-ki.js                                        4.02 kB │ gzip:   1.22 kB
.svelte-kit/output/client/_app/immutable/chunks/DKaEOBZF.js                                        4.08 kB │ gzip:   1.58 kB
.svelte-kit/output/client/_app/immutable/nodes/61.DsjkFwpZ.js                                      4.09 kB │ gzip:   1.70 kB
.svelte-kit/output/client/_app/immutable/chunks/BEp85Gg_.js                                        4.11 kB │ gzip:   1.81 kB
.svelte-kit/output/client/_app/immutable/chunks/aVxohf_L.js                                        4.22 kB │ gzip:   1.55 kB
.svelte-kit/output/client/_app/immutable/chunks/CxBE6ktX.js                                        4.23 kB │ gzip:   1.96 kB
.svelte-kit/output/client/_app/immutable/chunks/LeIn9Byo.js                                        4.25 kB │ gzip:   1.43 kB
.svelte-kit/output/client/_app/immutable/chunks/BFMzbBTp.js                                        4.28 kB │ gzip:   2.00 kB
.svelte-kit/output/client/_app/immutable/chunks/D7Ap-pg1.js                                        4.32 kB │ gzip:   1.51 kB
.svelte-kit/output/client/_app/immutable/chunks/B4gIk5YN.js                                        4.33 kB │ gzip:   2.06 kB
.svelte-kit/output/client/_app/immutable/nodes/80.C9UDuK2I.js                                      4.35 kB │ gzip:   1.88 kB
.svelte-kit/output/client/_app/immutable/chunks/DKN9cggl.js                                        4.47 kB │ gzip:   1.94 kB
.svelte-kit/output/client/_app/immutable/chunks/B-uX3KfX.js                                        4.56 kB │ gzip:   1.71 kB
.svelte-kit/output/client/_app/immutable/chunks/14c7v9nM.js                                        4.59 kB │ gzip:   1.68 kB
.svelte-kit/output/client/_app/immutable/chunks/BnGyx4JT.js                                        4.77 kB │ gzip:   2.14 kB
.svelte-kit/output/client/_app/immutable/chunks/CPJwIVcc.js                                        4.80 kB │ gzip:   1.84 kB
.svelte-kit/output/client/_app/immutable/chunks/BfXYPtLe.js                                        4.85 kB │ gzip:   2.10 kB
.svelte-kit/output/client/_app/immutable/chunks/B4lcj2Mv.js                                        4.87 kB │ gzip:   2.22 kB
.svelte-kit/output/client/_app/immutable/chunks/Bw38jlKB.js                                        4.94 kB │ gzip:   1.80 kB
.svelte-kit/output/client/_app/immutable/chunks/nEIz9TFw.js                                        4.95 kB │ gzip:   1.56 kB
.svelte-kit/output/client/_app/immutable/chunks/B4pWeryo.js                                        4.96 kB │ gzip:   2.29 kB
.svelte-kit/output/client/_app/immutable/chunks/CP2tw2jo.js                                        5.01 kB │ gzip:   2.22 kB
.svelte-kit/output/client/_app/immutable/chunks/C5PkbqIX.js                                        5.03 kB │ gzip:   2.02 kB
.svelte-kit/output/client/_app/immutable/chunks/eNjAcVB_.js                                        5.03 kB │ gzip:   2.45 kB
.svelte-kit/output/client/_app/immutable/chunks/CG-R7VJh.js                                        5.07 kB │ gzip:   2.04 kB
.svelte-kit/output/client/_app/immutable/chunks/DKuD-EKD.js                                        5.18 kB │ gzip:   1.96 kB
.svelte-kit/output/client/_app/immutable/chunks/tyQrMib1.js                                        5.29 kB │ gzip:   2.44 kB
.svelte-kit/output/client/_app/immutable/chunks/CWAIYHT_.js                                        5.40 kB │ gzip:   2.04 kB
.svelte-kit/output/client/_app/immutable/chunks/C2Pc2SpT.js                                        5.45 kB │ gzip:   2.24 kB
.svelte-kit/output/client/_app/immutable/chunks/WuSeDwhV.js                                        5.55 kB │ gzip:   1.71 kB
.svelte-kit/output/client/_app/immutable/chunks/CV4kaHIx.js                                        5.63 kB │ gzip:   1.90 kB
.svelte-kit/output/client/_app/immutable/nodes/22.9kww_INd.js                                      5.80 kB │ gzip:   2.58 kB
.svelte-kit/output/client/_app/immutable/nodes/70.Cod4PzYq.js                                      5.98 kB │ gzip:   2.44 kB
.svelte-kit/output/client/_app/immutable/chunks/PSpsjRN_.js                                        6.10 kB │ gzip:   2.53 kB
.svelte-kit/output/client/_app/immutable/nodes/54.gj3W8Cf8.js                                      6.19 kB │ gzip:   2.70 kB
.svelte-kit/output/client/_app/immutable/chunks/C9UcWxkm.js                                        6.24 kB │ gzip:   2.68 kB
.svelte-kit/output/client/_app/immutable/chunks/BTMnNHP7.js                                        6.39 kB │ gzip:   2.44 kB
.svelte-kit/output/client/_app/immutable/nodes/29.DYPy0kpo.js                                      6.45 kB │ gzip:   2.83 kB
.svelte-kit/output/client/_app/immutable/chunks/BcbP0sw6.js                                        6.54 kB │ gzip:   2.70 kB
.svelte-kit/output/client/_app/immutable/chunks/zGVDE9Hd.js                                        6.72 kB │ gzip:   2.97 kB
.svelte-kit/output/client/_app/immutable/chunks/BPvTZ-8u.js                                        6.77 kB │ gzip:   2.69 kB
.svelte-kit/output/client/_app/immutable/chunks/Bl-5eRS6.js                                        6.81 kB │ gzip:   2.68 kB
.svelte-kit/output/client/_app/immutable/nodes/57.C-smt-aP.js                                      6.85 kB │ gzip:   2.70 kB
.svelte-kit/output/client/_app/immutable/chunks/DXEGAdAX.js                                        6.87 kB │ gzip:   2.23 kB
.svelte-kit/output/client/_app/immutable/chunks/CzATFVmj.js                                        7.00 kB │ gzip:   2.97 kB
.svelte-kit/output/client/_app/immutable/nodes/89.mE6F4VTZ.js                                      7.09 kB │ gzip:   2.86 kB
.svelte-kit/output/client/_app/immutable/nodes/55.CguzsFg1.js                                      7.16 kB │ gzip:   2.91 kB
.svelte-kit/output/client/_app/immutable/chunks/CxAKjtGw.js                                        7.28 kB │ gzip:   3.29 kB
.svelte-kit/output/client/_app/immutable/nodes/108.jz2ecyKL.js                                     7.31 kB │ gzip:   3.09 kB
.svelte-kit/output/client/_app/immutable/nodes/21.CtHt4Zst.js                                      7.49 kB │ gzip:   3.28 kB
.svelte-kit/output/client/_app/immutable/chunks/BV7RAtIz.js                                        7.62 kB │ gzip:   3.32 kB
.svelte-kit/output/client/_app/immutable/nodes/122.myK8CUHc.js                                     7.78 kB │ gzip:   3.44 kB
.svelte-kit/output/client/_app/immutable/chunks/r2ogBa56.js                                        7.83 kB │ gzip:   1.39 kB
.svelte-kit/output/client/_app/immutable/chunks/CQxgjuEi.js                                        8.00 kB │ gzip:   3.20 kB
.svelte-kit/output/client/_app/immutable/chunks/Bf5CGCSK.js                                        8.06 kB │ gzip:   3.09 kB
.svelte-kit/output/client/_app/immutable/nodes/109.DIw_J2u-.js                                     8.11 kB │ gzip:   3.15 kB
.svelte-kit/output/client/_app/immutable/nodes/35.CzGYI67a.js                                      8.55 kB │ gzip:   3.70 kB
.svelte-kit/output/client/_app/immutable/nodes/20.ccF_BNto.js                                      8.56 kB │ gzip:   3.61 kB
.svelte-kit/output/client/_app/immutable/chunks/Vgi-L4To.js                                        8.65 kB │ gzip:   3.25 kB
.svelte-kit/output/client/_app/immutable/nodes/97.CU-_7TW2.js                                      9.05 kB │ gzip:   3.43 kB
.svelte-kit/output/client/_app/immutable/nodes/79.ZDT6MwDB.js                                      9.05 kB │ gzip:   3.32 kB
.svelte-kit/output/client/_app/immutable/nodes/86.B8_zd5Jz.js                                      9.18 kB │ gzip:   3.44 kB
.svelte-kit/output/client/_app/immutable/nodes/63.CKD3whxw.js                                      9.31 kB │ gzip:   3.54 kB
.svelte-kit/output/client/_app/immutable/nodes/117.D-Waf8hE.js                                     9.83 kB │ gzip:   3.93 kB
.svelte-kit/output/client/_app/immutable/chunks/D0AlrOCk.js                                       10.04 kB │ gzip:   4.01 kB
.svelte-kit/output/client/_app/immutable/chunks/B-WqkVFz.js                                       10.40 kB │ gzip:   4.12 kB
.svelte-kit/output/client/_app/immutable/chunks/ZfQH61GK.js                                       10.66 kB │ gzip:   3.46 kB
.svelte-kit/output/client/_app/immutable/nodes/88.DTJ6dovm.js                                     10.74 kB │ gzip:   4.18 kB
.svelte-kit/output/client/_app/immutable/nodes/112.BgktMc8b.js                                    11.10 kB │ gzip:   4.57 kB
.svelte-kit/output/client/_app/immutable/nodes/31.BC2DkpfS.js                                     11.55 kB │ gzip:   4.46 kB
.svelte-kit/output/client/_app/immutable/chunks/BJ-2fHJK.js                                       11.60 kB │ gzip:   4.33 kB
.svelte-kit/output/client/_app/immutable/chunks/C4-IXbCf.js                                       11.72 kB │ gzip:   3.76 kB
.svelte-kit/output/client/_app/immutable/nodes/17.D3XV31wv.js                                     11.90 kB │ gzip:   4.19 kB
.svelte-kit/output/client/_app/immutable/nodes/69.C8xGA7A-.js                                     11.92 kB │ gzip:   4.74 kB
.svelte-kit/output/client/_app/immutable/nodes/4.I4DBXZ1V.js                                      11.95 kB │ gzip:   4.45 kB
.svelte-kit/output/client/_app/immutable/chunks/DB9EyHwH.js                                       12.07 kB │ gzip:   3.95 kB
.svelte-kit/output/client/_app/immutable/chunks/CrQvG3de.js                                       12.46 kB │ gzip:   5.19 kB
.svelte-kit/output/client/_app/immutable/nodes/51.BQrLOIT7.js                                     12.74 kB │ gzip:   4.79 kB
.svelte-kit/output/client/_app/immutable/nodes/32.CUvdb6JA.js                                     13.68 kB │ gzip:   5.19 kB
.svelte-kit/output/client/_app/immutable/nodes/16.Dmj-n-2N.js                                     13.85 kB │ gzip:   4.96 kB
.svelte-kit/output/client/_app/immutable/chunks/CBswyiDh.js                                       13.90 kB │ gzip:   4.72 kB
.svelte-kit/output/client/_app/immutable/nodes/38.DjligvOD.js                                     14.40 kB │ gzip:   6.11 kB
.svelte-kit/output/client/_app/immutable/chunks/CHzegyPo.js                                       14.87 kB │ gzip:   5.49 kB
.svelte-kit/output/client/_app/immutable/nodes/18.10OiTRf8.js                                     15.01 kB │ gzip:   5.56 kB
.svelte-kit/output/client/_app/immutable/nodes/3.B0yXwp9L.js                                      15.55 kB │ gzip:   5.79 kB
.svelte-kit/output/client/_app/immutable/nodes/36.DYgA3aZg.js                                     15.83 kB │ gzip:   6.22 kB
.svelte-kit/output/client/_app/immutable/chunks/C6xHUsg2.js                                       15.83 kB │ gzip:   6.83 kB
.svelte-kit/output/client/_app/immutable/nodes/37.BWRu6Z19.js                                     16.76 kB │ gzip:   6.41 kB
.svelte-kit/output/client/_app/immutable/nodes/28.CQuUTm86.js                                     17.10 kB │ gzip:   5.91 kB
.svelte-kit/output/client/_app/immutable/chunks/Bco3w078.js                                       17.93 kB │ gzip:   6.63 kB
.svelte-kit/output/client/_app/immutable/nodes/49.ppJJ7RJP.js                                     17.93 kB │ gzip:   6.67 kB
.svelte-kit/output/client/_app/immutable/chunks/Dksvxr0I.js                                       18.75 kB │ gzip:   7.73 kB
.svelte-kit/output/client/_app/immutable/nodes/118.CUVZUOOh.js                                    20.59 kB │ gzip:   7.59 kB
.svelte-kit/output/client/_app/immutable/nodes/9.cHWZvA3x.js                                      21.44 kB │ gzip:   8.03 kB
.svelte-kit/output/client/_app/immutable/nodes/42.CadwsTIX.js                                     21.70 kB │ gzip:   8.08 kB
.svelte-kit/output/client/_app/immutable/nodes/116.CSB8IP25.js                                    21.95 kB │ gzip:   7.89 kB
.svelte-kit/output/client/_app/immutable/chunks/BPOoSmuB.js                                       22.19 kB │ gzip:   7.29 kB
.svelte-kit/output/client/_app/immutable/chunks/DEyIt0e-.js                                       22.31 kB │ gzip:   5.69 kB
.svelte-kit/output/client/_app/immutable/nodes/7.DhTonjnn.js                                      23.03 kB │ gzip:   8.55 kB
.svelte-kit/output/client/_app/immutable/nodes/5.DeAVnIHW.js                                      23.05 kB │ gzip:   7.99 kB
.svelte-kit/output/client/_app/immutable/nodes/114.D4ttUMkv.js                                    23.90 kB │ gzip:   9.08 kB
.svelte-kit/output/client/_app/immutable/chunks/RM0AHrY8.js                                       24.02 kB │ gzip:   9.33 kB
.svelte-kit/output/client/_app/immutable/nodes/8.BV3K-dC4.js                                      26.13 kB │ gzip:   9.28 kB
.svelte-kit/output/client/_app/immutable/nodes/121.Ry4r6oMa.js                                    28.25 kB │ gzip:   9.58 kB
.svelte-kit/output/client/_app/immutable/nodes/40.Dzb_SjQb.js                                     28.87 kB │ gzip:  13.83 kB
.svelte-kit/output/client/_app/immutable/nodes/53.lPfQvtVl.js                                     30.46 kB │ gzip:   9.57 kB
.svelte-kit/output/client/_app/immutable/chunks/tHfljsLV.js                                       31.07 kB │ gzip:  12.82 kB
.svelte-kit/output/client/_app/immutable/nodes/13.DEwgOL4_.js                                     31.74 kB │ gzip:  11.02 kB
.svelte-kit/output/client/_app/immutable/nodes/12.BrSxDacO.js                                     31.84 kB │ gzip:  10.81 kB
.svelte-kit/output/client/_app/immutable/nodes/10.CgqlJyMX.js                                     32.13 kB │ gzip:  10.53 kB
.svelte-kit/output/client/_app/immutable/nodes/106.CMu164TU.js                                    33.30 kB │ gzip:  11.97 kB
.svelte-kit/output/client/_app/immutable/nodes/11.ROCvkYss.js                                     34.32 kB │ gzip:  12.10 kB
.svelte-kit/output/client/_app/immutable/nodes/14.Dx-uIalA.js                                     35.57 kB │ gzip:  12.34 kB
.svelte-kit/output/client/_app/immutable/chunks/CoArI9bG.js                                       36.23 kB │ gzip:  14.11 kB
.svelte-kit/output/client/_app/immutable/nodes/15.BgEvDYHd.js                                     36.80 kB │ gzip:  12.06 kB
.svelte-kit/output/client/_app/immutable/chunks/BDjOuIKD.js                                       38.04 kB │ gzip:  10.77 kB
.svelte-kit/output/client/_app/immutable/nodes/34.1l8Lu22b.js                                     40.08 kB │ gzip:  12.83 kB
.svelte-kit/output/client/_app/immutable/chunks/CLUQbFJn.js                                       40.25 kB │ gzip:  15.71 kB
.svelte-kit/output/client/_app/immutable/chunks/BKiSi350.js                                       41.10 kB │ gzip:  15.51 kB
.svelte-kit/output/client/_app/immutable/nodes/30.NQq5z2no.js                                     42.10 kB │ gzip:  12.78 kB
.svelte-kit/output/client/_app/immutable/nodes/64.B7UfjsrO.js                                     43.01 kB │ gzip:  13.90 kB
.svelte-kit/output/client/_app/immutable/nodes/2.CGHj7UkO.js                                      44.20 kB │ gzip:  15.43 kB
.svelte-kit/output/client/_app/immutable/chunks/n47tNPyv.js                                       44.39 kB │ gzip:  10.27 kB
.svelte-kit/output/client/_app/immutable/chunks/CxzABLGP.js                                       55.76 kB │ gzip:  20.47 kB
.svelte-kit/output/client/_app/immutable/entry/app.6uAoAcwS.js                                    62.20 kB │ gzip:  14.86 kB
.svelte-kit/output/client/_app/immutable/chunks/D7pT2LIf.js                                       62.34 kB │ gzip:  20.99 kB
.svelte-kit/output/client/_app/immutable/chunks/JePX_Vvp.js                                       67.68 kB │ gzip:  20.06 kB
.svelte-kit/output/client/_app/immutable/chunks/agdMWZjs.js                                       85.33 kB │ gzip:  28.52 kB
.svelte-kit/output/client/_app/immutable/nodes/120.CtEGbkTV.js                                   103.00 kB │ gzip:  35.43 kB
.svelte-kit/output/client/_app/immutable/chunks/DoqYdZbS.js                                      129.10 kB │ gzip:  35.21 kB
.svelte-kit/output/client/_app/immutable/nodes/75.CNty78b2.js                                    192.59 kB │ gzip:  22.47 kB
.svelte-kit/output/client/_app/immutable/chunks/BNDTNUIh.js                                      216.62 kB │ gzip:  78.84 kB
.svelte-kit/output/client/_app/immutable/chunks/VJcNm7C7.js                                      409.52 kB │ gzip: 123.06 kB
✓ built in 21.07s
vite v6.4.3 building for production...
transforming...
✓ 6 modules transformed.
rendering chunks...
computing gzip size...
.svelte-kit/output/client/service-worker.mjs  55.97 kB │ gzip: 10.62 kB
✓ built in 25ms
.svelte-kit/output/server/.vite/manifest.json                                            167.34 kB
.svelte-kit/output/server/_app/immutable/assets/ChoiceChips.BbnDpI89.css                   0.04 kB
.svelte-kit/output/server/_app/immutable/assets/_page.of10DU40.css                         0.06 kB
.svelte-kit/output/server/_app/immutable/assets/_page.CEBZhOUt.css                         0.06 kB
.svelte-kit/output/server/_app/immutable/assets/TimePicker.CE82Svbs.css                    0.06 kB
.svelte-kit/output/server/_app/immutable/assets/_page.BVl2XI1B.css                         0.07 kB
.svelte-kit/output/server/_app/immutable/assets/ReadGate.TZFwY6rr.css                      0.07 kB
.svelte-kit/output/server/_app/immutable/assets/VoicePlayer.DfYc2k3w.css                   0.08 kB
.svelte-kit/output/server/_app/immutable/assets/_page.Bd46l6SV.css                         0.08 kB
.svelte-kit/output/server/_app/immutable/assets/DiscardSheet.BsHAsh63.css                  0.08 kB
.svelte-kit/output/server/_app/immutable/assets/_page.mj4dWElF.css                         0.08 kB
.svelte-kit/output/server/_app/immutable/assets/DatePicker.DlN0ynQY.css                    0.10 kB
.svelte-kit/output/server/_app/immutable/assets/Mark.DE7SL4Vi.css                          0.10 kB
.svelte-kit/output/server/_app/immutable/assets/StarredPhotoGrid.D4aGZdrr.css              0.10 kB
.svelte-kit/output/server/_app/immutable/assets/_page.CQcf1K4S.css                         0.10 kB
.svelte-kit/output/server/_app/immutable/assets/Field.Cp5H9ar4.css                         0.11 kB
.svelte-kit/output/server/_app/immutable/assets/Disclosure.BfdGALZ3.css                    0.11 kB
.svelte-kit/output/server/_app/immutable/assets/Sheet.WF98ji7b.css                         0.12 kB
.svelte-kit/output/server/_app/immutable/assets/PhotoChipRow.BTGNYTJS.css                  0.12 kB
.svelte-kit/output/server/_app/immutable/assets/AreaFinish.-OlMNacw.css                    0.12 kB
.svelte-kit/output/server/_app/immutable/assets/_page.CuNQlFjE.css                         0.16 kB
.svelte-kit/output/server/_app/immutable/assets/LockAfterChoice.Ddgi9Atd.css               0.16 kB
.svelte-kit/output/server/_app/immutable/assets/_page.S4ZZ67Tq.css                         0.18 kB
.svelte-kit/output/server/_app/immutable/assets/_page.SMKwTFWO.css                         0.18 kB
.svelte-kit/output/server/_app/immutable/assets/BatchedList.DCwU6d5m.css                   0.18 kB
.svelte-kit/output/server/_app/immutable/assets/recordEditor.C3Tj5awG.css                  0.18 kB
.svelte-kit/output/server/_app/immutable/assets/ChartEmpty.GQUIpUCB.css                    0.21 kB
.svelte-kit/output/server/_app/immutable/assets/_page.Cqpw2BgU.css                         0.22 kB
.svelte-kit/output/server/_app/immutable/assets/ReadReserve.C2LZY4RV.css                   0.23 kB
.svelte-kit/output/server/_app/immutable/assets/_page.eoVubTdL.css                         0.23 kB
.svelte-kit/output/server/_app/immutable/assets/SectionHeading.ID5KBm2j.css                0.28 kB
.svelte-kit/output/server/_app/immutable/assets/DayEntry.Bu5Wbcsl.css                      0.30 kB
.svelte-kit/output/server/_app/immutable/assets/DayStrip.B7QAMYMR.css                      0.30 kB
.svelte-kit/output/server/_app/immutable/assets/PhotoViewer.wiP4e9SP.css                   0.30 kB
.svelte-kit/output/server/_app/immutable/assets/_page.CQw7zpdv.css                         0.33 kB
.svelte-kit/output/server/_app/immutable/assets/_page.CI7QDOx4.css                         0.36 kB
.svelte-kit/output/server/_app/immutable/assets/_page.CXnhmm0l.css                         0.37 kB
.svelte-kit/output/server/_app/immutable/assets/MoodPicker.CvIeG4k5.css                    0.40 kB
.svelte-kit/output/server/_app/immutable/assets/_page.CPhR4P_6.css                         0.41 kB
.svelte-kit/output/server/_app/immutable/assets/_page.h46nGzGy.css                         0.42 kB
.svelte-kit/output/server/_app/immutable/assets/ResurfacedPhoto.BsNd1DnI.css               0.43 kB
.svelte-kit/output/server/_app/immutable/assets/_page.UPdwmlbY.css                         0.45 kB
.svelte-kit/output/server/_app/immutable/assets/_page.BDOcdHut.css                         0.47 kB
.svelte-kit/output/server/_app/immutable/assets/_page.DMTQKXfm.css                         0.52 kB
.svelte-kit/output/server/_app/immutable/assets/_page.BHn5oNMp.css                         0.57 kB
.svelte-kit/output/server/_app/immutable/assets/Slider.BXP1_4jw.css                        0.58 kB
.svelte-kit/output/server/_app/immutable/assets/_page.DuykILfM.css                         0.59 kB
.svelte-kit/output/server/_app/immutable/assets/AccessModeSetup.CY_RCkLZ.css               0.63 kB
.svelte-kit/output/server/_app/immutable/assets/_page.DQaaOZwE.css                         0.65 kB
.svelte-kit/output/server/_app/immutable/assets/ListRow.OT_lYC8_.css                       0.67 kB
.svelte-kit/output/server/_app/immutable/assets/_page.CREmaxDU.css                         0.69 kB
.svelte-kit/output/server/_app/immutable/assets/EntryDays.KFwCzU7O.css                     0.73 kB
.svelte-kit/output/server/_app/immutable/assets/paletteChoices.5eW7Hsp3.css                0.74 kB
.svelte-kit/output/server/_app/immutable/assets/_page.C-zrSfY2.css                         0.77 kB
.svelte-kit/output/server/_app/immutable/assets/BarRows.Bb6BeN1l.css                       0.80 kB
.svelte-kit/output/server/_app/immutable/assets/_page.DMq53CQh.css                         0.99 kB
.svelte-kit/output/server/_app/immutable/assets/PermissionList.BCzL9iFe.css                1.01 kB
.svelte-kit/output/server/_app/immutable/assets/AreaChart.tHrbTiod.css                     1.02 kB
.svelte-kit/output/server/_app/immutable/assets/_page.DPXysF5w.css                         1.04 kB
.svelte-kit/output/server/_app/immutable/assets/SectionJump.1J8E0XY_.css                   1.08 kB
.svelte-kit/output/server/_app/immutable/assets/_page.B53SW1_6.css                         1.12 kB
.svelte-kit/output/server/_app/immutable/assets/Progress.SBS-oeAf.css                      1.17 kB
.svelte-kit/output/server/_app/immutable/assets/VideoNotePlayer.DTdOsAFH.css               1.23 kB
.svelte-kit/output/server/_app/immutable/assets/_page.D7KdTqu1.css                         1.24 kB
.svelte-kit/output/server/_app/immutable/assets/_page.9MbRvaAX.css                         1.31 kB
.svelte-kit/output/server/_app/immutable/assets/_page.kEFcd-Te.css                         1.32 kB
.svelte-kit/output/server/_app/immutable/assets/_page.BnR614Hk.css                         1.34 kB
.svelte-kit/output/server/_app/immutable/assets/_page.Bn9GCQXX.css                         1.48 kB
.svelte-kit/output/server/_app/immutable/assets/MarginNotes.DlJD_wR_.css                   1.49 kB
.svelte-kit/output/server/_app/immutable/assets/_page.DS_vwP0z.css                         1.57 kB
.svelte-kit/output/server/_app/immutable/assets/_page.DBU3SNN6.css                         1.84 kB
.svelte-kit/output/server/_app/immutable/assets/_page.UXCVPqfq.css                         1.98 kB
.svelte-kit/output/server/_app/immutable/assets/_page.CFYcMjKX.css                         2.01 kB
.svelte-kit/output/server/_app/immutable/assets/_page.4n3QXRvz.css                         2.22 kB
.svelte-kit/output/server/_app/immutable/assets/MediaTransport.BN9-jv-w.css                2.38 kB
.svelte-kit/output/server/_app/immutable/assets/_page.DFMeOLli.css                         2.43 kB
.svelte-kit/output/server/_app/immutable/assets/LetterCard.Di-Uw7Zp.css                    2.45 kB
.svelte-kit/output/server/_app/immutable/assets/MonthJump.C0m-qm19.css                     2.45 kB
.svelte-kit/output/server/_app/immutable/assets/_page.CoKWfiC3.css                         2.52 kB
.svelte-kit/output/server/_app/immutable/assets/InjectionSiteMap.DHQEH5rW.css              2.92 kB
.svelte-kit/output/server/_app/immutable/assets/_page.DnvLKmo_.css                         3.03 kB
.svelte-kit/output/server/_app/immutable/assets/PhotoWipe.DKQOpbK5.css                     3.06 kB
.svelte-kit/output/server/_app/immutable/assets/_page.DKcmTNrm.css                         3.15 kB
.svelte-kit/output/server/_app/immutable/assets/_page.DF-lNooU.css                         3.17 kB
.svelte-kit/output/server/_app/immutable/assets/_page.Dy3w9UT7.css                         3.24 kB
.svelte-kit/output/server/_app/immutable/assets/_page.3q4PdC6L.css                         3.93 kB
.svelte-kit/output/server/_app/immutable/assets/_page.2NQjQ2Rh.css                         5.62 kB
.svelte-kit/output/server/_app/immutable/assets/_page.DYpW2GYQ.css                         5.75 kB
.svelte-kit/output/server/_app/immutable/assets/_page.iQZQGxvD.css                         5.81 kB
.svelte-kit/output/server/_app/immutable/assets/_page.BpFVhXVZ.css                         6.10 kB
.svelte-kit/output/server/_app/immutable/assets/_page.C7cKrYpr.css                         6.52 kB
.svelte-kit/output/server/_app/immutable/assets/_page.D7ObSVRe.css                         6.98 kB
.svelte-kit/output/server/_app/immutable/assets/EntryEditor.-FnDDmSr.css                   7.12 kB
.svelte-kit/output/server/_app/immutable/assets/_page.DULtU1Sy.css                         8.10 kB
.svelte-kit/output/server/_app/immutable/assets/_page.bo3SwQBz.css                         8.83 kB
.svelte-kit/output/server/_app/immutable/assets/_page.BLG8eB3C.css                        10.45 kB
.svelte-kit/output/server/_app/immutable/assets/PairedDots.ymNTlWXs.css                   11.18 kB
.svelte-kit/output/server/_app/immutable/assets/_layout.Bm66zvH5.css                     124.72 kB
.svelte-kit/output/server/chunks/PickerHost.svelte_svelte_type_style_lang.js               0.00 kB
.svelte-kit/output/server/entries/pages/_layout.ts.js                                      0.08 kB
.svelte-kit/output/server/entries/pages/doses/_page.ts.js                                  0.08 kB
.svelte-kit/output/server/entries/pages/timeline/_page.ts.js                               0.08 kB
.svelte-kit/output/server/entries/pages/body/sizes/_page.ts.js                             0.08 kB
.svelte-kit/output/server/entries/pages/doubt/moments/_page.ts.js                          0.08 kB
.svelte-kit/output/server/entries/pages/doubt/readings/_page.ts.js                         0.08 kB
.svelte-kit/output/server/entries/pages/health/appointment-prep/_page.ts.js                0.08 kB
.svelte-kit/output/server/entries/pages/health/side-effects/_page.ts.js                    0.08 kB
.svelte-kit/output/server/entries/pages/practice/entry-templates/_page.ts.js               0.08 kB
.svelte-kit/output/server/entries/pages/practice/personal-effects/_page.ts.js              0.08 kB
.svelte-kit/output/server/entries/pages/practice/resources/_page.ts.js                     0.08 kB
.svelte-kit/output/server/entries/pages/practice/voice/_page.ts.js                         0.08 kB
.svelte-kit/output/server/entries/pages/practice/wear/_page.ts.js                          0.08 kB
.svelte-kit/output/server/entries/pages/search/questions/_page.ts.js                       0.08 kB
.svelte-kit/output/server/entries/pages/search/starred/_page.ts.js                         0.08 kB
.svelte-kit/output/server/entries/pages/settings/appointment-prep/_page.ts.js              0.08 kB
.svelte-kit/output/server/entries/pages/settings/clinician-summary/_page.ts.js             0.08 kB
.svelte-kit/output/server/entries/pages/settings/cycle-events/_page.ts.js                  0.08 kB
.svelte-kit/output/server/entries/pages/settings/dilation/_page.ts.js                      0.08 kB
.svelte-kit/output/server/entries/pages/settings/entry-templates/_page.ts.js               0.08 kB
.svelte-kit/output/server/entries/pages/settings/exposure/_page.ts.js                      0.08 kB
.svelte-kit/output/server/entries/pages/settings/hair-progress/_page.ts.js                 0.08 kB
.svelte-kit/output/server/entries/pages/settings/hair-removal/_page.ts.js                  0.08 kB
.svelte-kit/output/server/entries/pages/settings/hormone-curve/_page.ts.js                 0.08 kB
.svelte-kit/output/server/entries/pages/settings/journey-anchor/_page.ts.js                0.08 kB
.svelte-kit/output/server/entries/pages/settings/labs/_page.ts.js                          0.08 kB
.svelte-kit/output/server/entries/pages/settings/letters/_page.ts.js                       0.08 kB
.svelte-kit/output/server/entries/pages/settings/live-tiles/_page.ts.js                    0.08 kB
.svelte-kit/output/server/entries/pages/settings/measurements/_page.ts.js                  0.08 kB
.svelte-kit/output/server/entries/pages/settings/milestones/_page.ts.js                    0.08 kB
.svelte-kit/output/server/entries/pages/settings/personal-effects/_page.ts.js              0.08 kB
.svelte-kit/output/server/entries/pages/settings/photos/_page.ts.js                        0.08 kB
.svelte-kit/output/server/entries/pages/settings/presentations/_page.ts.js                 0.08 kB
.svelte-kit/output/server/entries/pages/settings/regimen/_page.ts.js                       0.08 kB
.svelte-kit/output/server/entries/pages/settings/resources/_page.ts.js                     0.08 kB
.svelte-kit/output/server/entries/pages/settings/roadmap/_page.ts.js                       0.08 kB
.svelte-kit/output/server/entries/pages/settings/side-effects/_page.ts.js                  0.08 kB
.svelte-kit/output/server/entries/pages/settings/sizes/_page.ts.js                         0.08 kB
.svelte-kit/output/server/entries/pages/settings/stock/_page.ts.js                         0.08 kB
.svelte-kit/output/server/entries/pages/settings/surgery/_page.ts.js                       0.08 kB
.svelte-kit/output/server/entries/pages/settings/tryouts/_page.ts.js                       0.08 kB
.svelte-kit/output/server/entries/pages/settings/voice/_page.ts.js                         0.08 kB
.svelte-kit/output/server/entries/pages/settings/wear/_page.ts.js                          0.08 kB
.svelte-kit/output/server/entries/pages/transition/eras/_page.ts.js                        0.08 kB
.svelte-kit/output/server/entries/pages/transition/presentations/_page.ts.js               0.08 kB
.svelte-kit/output/server/entries/pages/transition/words/_page.ts.js                       0.08 kB
.svelte-kit/output/server/entries/pages/media/voice/memos/_page.ts.js                      0.09 kB
.svelte-kit/output/server/entries/pages/practice/voice/metrics/_page.ts.js                 0.09 kB
.svelte-kit/output/server/entries/pages/settings/letters/_id_/_page.ts.js                  0.09 kB
.svelte-kit/output/server/entries/pages/settings/photos/export/_page.ts.js                 0.09 kB
.svelte-kit/output/server/entries/pages/settings/tryouts/_id_/_page.ts.js                  0.09 kB
.svelte-kit/output/server/entries/pages/settings/voice/memos/_page.ts.js                   0.09 kB
.svelte-kit/output/server/entries/pages/settings/voice/metrics/_page.ts.js                 0.09 kB
.svelte-kit/output/server/chunks/activeFlag.svelte.js                                      0.10 kB
.svelte-kit/output/server/chunks/detailDraft.js                                            0.12 kB
.svelte-kit/output/server/chunks/sealedUntil.js                                            0.13 kB
.svelte-kit/output/server/chunks/android-bridge2.js                                        0.13 kB
.svelte-kit/output/server/chunks/android-bridge3.js                                        0.14 kB
.svelte-kit/output/server/chunks/rowIcon.js                                                0.15 kB
.svelte-kit/output/server/chunks/today.svelte.js                                           0.15 kB
.svelte-kit/output/server/chunks/garmentCategories.js                                      0.17 kB
.svelte-kit/output/server/chunks/indicator.js                                              0.18 kB
.svelte-kit/output/server/chunks/android-bridge.js                                         0.19 kB
.svelte-kit/output/server/chunks/hairRemovalAreas.js                                       0.19 kB
.svelte-kit/output/server/chunks/ui.svelte.js                                              0.19 kB
.svelte-kit/output/server/chunks/index-server2.js                                          0.20 kB
.svelte-kit/output/server/chunks/index-server.js                                           0.22 kB
.svelte-kit/output/server/chunks/UpdateNotice.js                                           0.23 kB
.svelte-kit/output/server/env.js                                                           0.23 kB
.svelte-kit/output/server/chunks/container.svelte.js                                       0.25 kB
.svelte-kit/output/server/entries/hooks.server.js                                          0.25 kB
.svelte-kit/output/server/chunks/smart-back.js                                             0.25 kB
.svelte-kit/output/server/chunks/identity.js                                               0.26 kB
.svelte-kit/output/server/chunks/platform.js                                               0.28 kB
.svelte-kit/output/server/chunks/autoSource.js                                             0.29 kB
.svelte-kit/output/server/chunks/channel-timeout.js                                        0.29 kB
.svelte-kit/output/server/chunks/client.js                                                 0.31 kB
.svelte-kit/output/server/internal.js                                                      0.36 kB
.svelte-kit/output/server/entries/fallbacks/error.svelte.js                                0.39 kB
.svelte-kit/output/server/chunks/role.js                                                   0.40 kB
.svelte-kit/output/server/chunks/counterevidence.js                                        0.40 kB
.svelte-kit/output/server/chunks/playback.js                                               0.41 kB
.svelte-kit/output/server/entries/pages/entry/_id_/_page.svelte.js                         0.41 kB
.svelte-kit/output/server/chunks/flagSun.js                                                0.42 kB
.svelte-kit/output/server/chunks/state.svelte.js                                           0.43 kB
.svelte-kit/output/server/chunks/adoptionMood.js                                           0.46 kB
.svelte-kit/output/server/chunks/FieldGroupHeading.js                                      0.46 kB
.svelte-kit/output/server/chunks/back.js                                                   0.47 kB
.svelte-kit/output/server/chunks/mood.js                                                   0.47 kB
.svelte-kit/output/server/chunks/skip.js                                                   0.47 kB
.svelte-kit/output/server/chunks/done.js                                                   0.47 kB
.svelte-kit/output/server/chunks/today.js                                                  0.48 kB
.svelte-kit/output/server/chunks/entry.js                                                  0.48 kB
.svelte-kit/output/server/chunks/saved.js                                                  0.48 kB
.svelte-kit/output/server/chunks/cancel.js                                                 0.49 kB
.svelte-kit/output/server/chunks/search.js                                                 0.49 kB
.svelte-kit/output/server/chunks/dismiss.js                                                0.49 kB
.svelte-kit/output/server/chunks/not_now.js                                                0.49 kB
.svelte-kit/output/server/chunks/wrapped.js                                                0.49 kB
.svelte-kit/output/server/chunks/keep_it.js                                                0.49 kB
.svelte-kit/output/server/chunks/regimen.js                                                0.49 kB
.svelte-kit/output/server/chunks/app_name.js                                               0.50 kB
.svelte-kit/output/server/chunks/dilation.js                                               0.50 kB
.svelte-kit/output/server/chunks/size_log.js                                               0.50 kB
.svelte-kit/output/server/chunks/vb_hz.js                                                  0.51 kB
.svelte-kit/output/server/chunks/vb_title.js                                               0.51 kB
.svelte-kit/output/server/chunks/reminders.js                                              0.51 kB
.svelte-kit/output/server/chunks/dose_save.js                                              0.51 kB
.svelte-kit/output/server/chunks/new_entry.js                                              0.51 kB
.svelte-kit/output/server/chunks/eras_title.js                                             0.51 kB
.svelte-kit/output/server/chunks/milestones.js                                             0.52 kB
.svelte-kit/output/server/chunks/trash_title.js                                            0.52 kB
.svelte-kit/output/server/chunks/pdf-floor.js                                              0.52 kB
.svelte-kit/output/server/chunks/cycleTracking.js                                          0.53 kB
.svelte-kit/output/server/chunks/on_this_day.js                                            0.53 kB
.svelte-kit/output/server/chunks/lab_results.js                                            0.53 kB
.svelte-kit/output/server/chunks/manage_tags.js                                            0.53 kB
.svelte-kit/output/server/chunks/cycle_events.js                                           0.53 kB
.svelte-kit/output/server/chunks/apart_suffix.js                                           0.53 kB
.svelte-kit/output/server/chunks/tryout_title.js                                           0.53 kB
.svelte-kit/output/server/chunks/nav_calendar.js                                           0.53 kB
.svelte-kit/output/server/chunks/nav_settings.js                                           0.53 kB
.svelte-kit/output/server/chunks/nav_lookback.js                                           0.53 kB
.svelte-kit/output/server/chunks/stock_title.js                                            0.53 kB
.svelte-kit/output/server/chunks/disguise_name.js                                          0.53 kB
.svelte-kit/output/server/chunks/side_effects.js                                           0.53 kB
.svelte-kit/output/server/chunks/unstar_photo.js                                           0.53 kB
.svelte-kit/output/server/chunks/doses_add_aria.js                                         0.54 kB
.svelte-kit/output/server/chunks/notif_title.js                                            0.54 kB
.svelte-kit/output/server/chunks/cd_range_label.js                                         0.54 kB
.svelte-kit/output/server/chunks/list_more.js                                              0.54 kB
.svelte-kit/output/server/chunks/checkin_title.js                                          0.54 kB
.svelte-kit/output/server/chunks/record_deleted.js                                         0.54 kB
.svelte-kit/output/server/chunks/export_import.js                                          0.54 kB
.svelte-kit/output/server/chunks/index.js                                                  0.54 kB
.svelte-kit/output/server/chunks/photo_day_label.js                                        0.55 kB
.svelte-kit/output/server/chunks/dose_unit_label.js                                        0.55 kB
.svelte-kit/output/server/chunks/roadmap_title.js                                          0.55 kB
.svelte-kit/output/server/chunks/vb_screen_title.js                                        0.55 kB
.svelte-kit/output/server/chunks/letters_title.js                                          0.55 kB
.svelte-kit/output/server/chunks/ms_default_name.js                                        0.55 kB
.svelte-kit/output/server/chunks/documents_title.js                                        0.55 kB
.svelte-kit/output/server/chunks/write_failed.js                                           0.55 kB
.svelte-kit/output/server/chunks/progress_photos.js                                        0.56 kB
.svelte-kit/output/server/chunks/safe_space_title.js                                       0.56 kB
.svelte-kit/output/server/chunks/dose_amount_label.js                                      0.56 kB
.svelte-kit/output/server/chunks/writeOutcome.js                                           0.56 kB
.svelte-kit/output/server/chunks/values_title.js                                           0.56 kB
.svelte-kit/output/server/chunks/pp_change_title.js                                        0.56 kB
.svelte-kit/output/server/chunks/stats_range_group.js                                      0.56 kB
.svelte-kit/output/server/chunks/tally_trend_title.js                                      0.56 kB
.svelte-kit/output/server/chunks/resources_title.js                                        0.56 kB
.svelte-kit/output/server/chunks/am_setup_title.js                                         0.56 kB
.svelte-kit/output/server/chunks/presentation_label.js                                     0.57 kB
.svelte-kit/output/server/chunks/in_the_room_title.js                                      0.57 kB
.svelte-kit/output/server/chunks/effects_timeline.js                                       0.57 kB
.svelte-kit/output/server/chunks/settings_lock_row.js                                      0.57 kB
.svelte-kit/output/server/entries/pages/_layout.svelte.js                                  0.57 kB
.svelte-kit/output/server/chunks/doses_empty_action.js                                     0.57 kB
.svelte-kit/output/server/chunks/ListCard.js                                               0.57 kB
.svelte-kit/output/server/chunks/appointments_title.js                                     0.58 kB
.svelte-kit/output/server/chunks/surgery_date_label.js                                     0.58 kB
.svelte-kit/output/server/chunks/body_regions_group.js                                     0.58 kB
.svelte-kit/output/server/chunks/presentations_title.js                                    0.58 kB
.svelte-kit/output/server/chunks/batchedList2.js                                           0.58 kB
.svelte-kit/output/server/chunks/comfort_list_title.js                                     0.58 kB
.svelte-kit/output/server/chunks/tryout_feeling_save.js                                    0.58 kB
.svelte-kit/output/server/chunks/words_ignored_title.js                                    0.58 kB
.svelte-kit/output/server/chunks/progress_percent.js                                       0.58 kB
.svelte-kit/output/server/chunks/wrapped_stat_entries.js                                   0.58 kB
.svelte-kit/output/server/chunks/hair_other_unwritten.js                                   0.59 kB
.svelte-kit/output/server/chunks/appointments_untitled.js                                  0.60 kB
.svelte-kit/output/server/chunks/surgery_journey_title.js                                  0.60 kB
.svelte-kit/output/server/chunks/SaveBar.js                                                0.60 kB
.svelte-kit/output/server/chunks/affirmations_row_title.js                                 0.60 kB
.svelte-kit/output/server/chunks/body_regions_row_title.js                                 0.60 kB
.svelte-kit/output/server/chunks/clinician_summary_row.js                                  0.61 kB
.svelte-kit/output/server/chunks/journaling_pause_title.js                                 0.61 kB
.svelte-kit/output/server/chunks/recap_tag_count.js                                        0.61 kB
.svelte-kit/output/server/chunks/wear_session_stop_action.js                               0.61 kB
.svelte-kit/output/server/chunks/appointment_prep_title.js                                 0.61 kB
.svelte-kit/output/server/chunks/measurements_and_sizes.js                                 0.61 kB
.svelte-kit/output/server/chunks/calendar_handoff_button.js                                0.61 kB
.svelte-kit/output/server/chunks/surgery_day_unscheduled.js                                0.62 kB
.svelte-kit/output/server/chunks/adherence_nothing_logged.js                               0.62 kB
.svelte-kit/output/server/chunks/server.js                                                 0.62 kB
.svelte-kit/output/server/chunks/wear_session_start_action.js                              0.63 kB
.svelte-kit/output/server/chunks/dose_injection_site_label.js                              0.63 kB
.svelte-kit/output/server/chunks/backupHealth.js                                           0.63 kB
.svelte-kit/output/server/chunks/search_elsewhere_heading.js                               0.63 kB
.svelte-kit/output/server/chunks/source_record_unavailable.js                              0.64 kB
.svelte-kit/output/server/chunks/roadmap_reviewed_on.js                                    0.64 kB
.svelte-kit/output/server/chunks/look_back_letter_written.js                               0.64 kB
.svelte-kit/output/server/chunks/appointment_prep_add_button.js                            0.65 kB
.svelte-kit/output/server/chunks/safe_space_counterevidence_title.js                       0.67 kB
.svelte-kit/output/server/chunks/wear_session_duration_hm.js                               0.67 kB
.svelte-kit/output/server/chunks/recap_custom_range_required.js                            0.68 kB
.svelte-kit/output/server/chunks/areaLabels.js                                             0.70 kB
.svelte-kit/output/server/chunks/PrintLetterhead.js                                        0.71 kB
.svelte-kit/output/server/chunks/utils.js                                                  0.72 kB
.svelte-kit/output/server/chunks/dayParam.js                                               0.73 kB
.svelte-kit/output/server/chunks/wordIgnore.js                                             0.73 kB
.svelte-kit/output/server/chunks/datePicker2.js                                            0.74 kB
.svelte-kit/output/server/chunks/journalingPause.js                                        0.77 kB
.svelte-kit/output/server/chunks/entryPresentation.js                                      0.79 kB
.svelte-kit/output/server/chunks/safeSpaceNudge.js                                         0.80 kB
.svelte-kit/output/server/chunks/PairedDots.svelte_svelte_type_style_lang.js               0.82 kB
.svelte-kit/output/server/chunks/searchReturn.js                                           0.82 kB
.svelte-kit/output/server/chunks/EmptyState.js                                             0.85 kB
.svelte-kit/output/server/chunks/ChartEmpty.js                                             0.86 kB
.svelte-kit/output/server/chunks/n_entries.js                                              0.87 kB
.svelte-kit/output/server/chunks/entrySections.js                                          0.88 kB
.svelte-kit/output/server/chunks/homeReserve.js                                            0.89 kB
.svelte-kit/output/server/chunks/VoicePlayer.js                                            0.89 kB
.svelte-kit/output/server/chunks/Switch.js                                                 0.89 kB
.svelte-kit/output/server/chunks/n_days.js                                                 0.92 kB
.svelte-kit/output/server/chunks/attempt.svelte.js                                         0.94 kB
.svelte-kit/output/server/chunks/imp_log_n_milestones.js                                   0.96 kB
.svelte-kit/output/server/chunks/milestoneStatus.js                                        0.97 kB
.svelte-kit/output/server/chunks/MediaTransport.svelte_svelte_type_style_lang.js           0.98 kB
.svelte-kit/output/server/chunks/areaState.js                                              0.98 kB
.svelte-kit/output/server/chunks/FlagSun2.js                                               0.99 kB
.svelte-kit/output/server/chunks/inTheRoom.js                                              0.99 kB
.svelte-kit/output/server/chunks/metricRange.js                                            1.00 kB
.svelte-kit/output/server/chunks/hairStageScales.js                                        1.00 kB
.svelte-kit/output/server/chunks/tags_label.js                                             1.01 kB
.svelte-kit/output/server/chunks/tags_hidden.js                                            1.02 kB
.svelte-kit/output/server/chunks/read_retry.js                                             1.03 kB
.svelte-kit/output/server/chunks/add_photo_camera.js                                       1.03 kB
.svelte-kit/output/server/chunks/ms_name_label.js                                          1.03 kB
.svelte-kit/output/server/chunks/dose_time_label.js                                        1.05 kB
.svelte-kit/output/server/chunks/lookBackSpan.js                                           1.06 kB
.svelte-kit/output/server/chunks/curve_title.js                                            1.07 kB
.svelte-kit/output/server/chunks/entryTemplates.js                                         1.07 kB
.svelte-kit/output/server/chunks/ChoiceChips.js                                            1.08 kB
.svelte-kit/output/server/chunks/toasts.svelte.js                                          1.10 kB
.svelte-kit/output/server/chunks/measurement_unit_in.js                                    1.11 kB
.svelte-kit/output/server/chunks/ms_photo_label.js                                         1.11 kB
.svelte-kit/output/server/chunks/voicePracticeTakes.js                                     1.12 kB
.svelte-kit/output/server/chunks/debrief_offer_write.js                                    1.15 kB
.svelte-kit/output/server/chunks/tryout_feeling_note_placeholder.js                        1.16 kB
.svelte-kit/output/server/chunks/eras_empty_title.js                                       1.16 kB
.svelte-kit/output/server/chunks/tally_misgendered.js                                      1.16 kB
.svelte-kit/output/server/chunks/letters_sealed_until.js                                   1.17 kB
.svelte-kit/output/server/chunks/cycle_event_kind_label.js                                 1.17 kB
.svelte-kit/output/server/chunks/intervalMoodPattern.js                                    1.17 kB
.svelte-kit/output/server/chunks/WrappedCard.js                                            1.17 kB
.svelte-kit/output/server/chunks/resurfacing.js                                            1.18 kB
.svelte-kit/output/server/chunks/recap_custom_start_label.js                               1.18 kB
.svelte-kit/output/server/chunks/RiveSlot.js                                               1.19 kB
.svelte-kit/output/server/chunks/photo_heic.js                                             1.21 kB
.svelte-kit/output/server/chunks/wrapped2.js                                               1.21 kB
.svelte-kit/output/server/chunks/tokens.js                                                 1.24 kB
.svelte-kit/output/server/chunks/dayRangeOptions.js                                        1.24 kB
.svelte-kit/output/server/chunks/wear_session_running_since.js                             1.24 kB
.svelte-kit/output/server/chunks/area_suspend_done_title.js                                1.25 kB
.svelte-kit/output/server/chunks/compareStretch.js                                         1.28 kB
.svelte-kit/output/server/chunks/adherence_slot_numbered.js                                1.29 kB
.svelte-kit/output/server/chunks/scroll-region.js                                          1.30 kB
.svelte-kit/output/server/chunks/Field.js                                                  1.30 kB
.svelte-kit/output/server/chunks/Disclosure.js                                             1.30 kB
.svelte-kit/output/server/chunks/taperSchedule.js                                          1.30 kB
.svelte-kit/output/server/chunks/Skeleton.js                                               1.32 kB
.svelte-kit/output/server/chunks/bodyMap.js                                                1.34 kB
.svelte-kit/output/server/chunks/ChartCard.js                                              1.36 kB
.svelte-kit/output/server/chunks/reset_offer_archive_password.js                           1.36 kB
.svelte-kit/output/server/chunks/hormoneTestosteroneEster.js                               1.41 kB
.svelte-kit/output/server/chunks/savedQuestions.js                                         1.43 kB
.svelte-kit/output/server/chunks/letterRetrospective.js                                    1.48 kB
.svelte-kit/output/server/chunks/recordEditor.js                                           1.50 kB
.svelte-kit/output/server/chunks/wear_log.js                                               1.51 kB
.svelte-kit/output/server/chunks/moodMagnifier.svelte.js                                   1.54 kB
.svelte-kit/output/server/chunks/TimePicker.js                                             1.65 kB
.svelte-kit/output/server/chunks/compareStretchLink.svelte.js                              1.70 kB
.svelte-kit/output/server/chunks/surgery_day_upcoming.js                                   1.70 kB
.svelte-kit/output/server/chunks/comfortItems.js                                           1.72 kB
.svelte-kit/output/server/chunks/imp_password_placeholder.js                               1.76 kB
.svelte-kit/output/server/chunks/side_effect_severity_label.js                             1.76 kB
.svelte-kit/output/server/chunks/photoSection.svelte.js                                    1.78 kB
.svelte-kit/output/server/chunks/rowForwardReads.js                                        1.79 kB
.svelte-kit/output/server/chunks/sourceRecord.js                                           1.80 kB
.svelte-kit/output/server/chunks/recoveryDay.js                                            1.88 kB
.svelte-kit/output/server/chunks/DatePicker.js                                             1.93 kB
.svelte-kit/output/server/chunks/LockAfterChoice.js                                        1.93 kB
.svelte-kit/output/server/chunks/dayAheadRows.js                                           1.95 kB
.svelte-kit/output/server/chunks/MoodPicker.js                                             1.98 kB
.svelte-kit/output/server/chunks/labTiming.js                                              2.18 kB
.svelte-kit/output/server/chunks/ChartPicker.js                                            2.22 kB
.svelte-kit/output/server/chunks/surgery_notes_title.js                                    2.23 kB
.svelte-kit/output/server/chunks/eras.js                                                   2.25 kB
.svelte-kit/output/server/chunks/LinkedDocuments.js                                        2.25 kB
.svelte-kit/output/server/chunks/FeltSenseOfferSheet.js                                    2.26 kB
.svelte-kit/output/server/chunks/intervalMoodPattern2.js                                   2.32 kB
.svelte-kit/output/server/entries/pages/entry/new/_day_/_page.svelte.js                    2.32 kB
.svelte-kit/output/server/chunks/wrapped_unknown_title.js                                  2.34 kB
.svelte-kit/output/server/chunks/photoLibrary.js                                           2.37 kB
.svelte-kit/output/server/chunks/UnreadableJournalWayOut.js                                2.37 kB
.svelte-kit/output/server/chunks/roles.js                                                  2.38 kB
.svelte-kit/output/server/chunks/PhotoViewer.js                                            2.41 kB
.svelte-kit/output/server/chunks/doubtJournal.js                                           2.44 kB
.svelte-kit/output/server/entries/pages/settings/permissions/_page.svelte.js               2.54 kB
.svelte-kit/output/server/chunks/SourceRecordHandoff.js                                    2.56 kB
.svelte-kit/output/server/chunks/leaveGuard.svelte.js                                      2.58 kB
.svelte-kit/output/server/chunks/SectionHeading.js                                         2.60 kB
.svelte-kit/output/server/chunks/countUp.js                                                2.64 kB
.svelte-kit/output/server/chunks/detailDraft.svelte.js                                     2.66 kB
.svelte-kit/output/server/chunks/labs_value_label.js                                       2.69 kB
.svelte-kit/output/server/chunks/DimensionSlider.js                                        2.69 kB
.svelte-kit/output/server/chunks/SchemaTooNew.js                                           2.70 kB
.svelte-kit/output/server/chunks/rem_web_list_note.js                                      2.70 kB
.svelte-kit/output/server/chunks/regimen_route_label.js                                    2.73 kB
.svelte-kit/output/server/chunks/settings_backup_none.js                                   2.74 kB
.svelte-kit/output/server/chunks/PinEntry.js                                               2.76 kB
.svelte-kit/output/server/chunks/PhotoThumb.js                                             2.77 kB
.svelte-kit/output/server/chunks/journalBook.js                                            2.77 kB
.svelte-kit/output/server/chunks/reminderRule.js                                           2.83 kB
.svelte-kit/output/server/chunks/progress.svelte.js                                        2.88 kB
.svelte-kit/output/server/chunks/fileOwnership.js                                          2.95 kB
.svelte-kit/output/server/chunks/areaGroups.js                                             2.95 kB
.svelte-kit/output/server/chunks/SectionJump.js                                            2.98 kB
.svelte-kit/output/server/chunks/roadmap.js                                                2.99 kB
.svelte-kit/output/server/chunks/recoveryKeyPresence.svelte.js                             3.00 kB
.svelte-kit/output/server/chunks/movedAddresses.js                                         3.08 kB
.svelte-kit/output/server/chunks/LookBackLetterCard.js                                     3.08 kB
.svelte-kit/output/server/chunks/HostedRows.js                                             3.13 kB
.svelte-kit/output/server/chunks/ConfirmDeleteSheet.js                                     3.16 kB
.svelte-kit/output/server/chunks/Notice.js                                                 3.18 kB
.svelte-kit/output/server/chunks/letterStatus.js                                           3.20 kB
.svelte-kit/output/server/chunks/Sheet.js                                                  3.20 kB
.svelte-kit/output/server/chunks/grain.js                                                  3.21 kB
.svelte-kit/output/server/chunks/pinnedRows.js                                             3.27 kB
.svelte-kit/output/server/chunks/wrappedRange.js                                           3.30 kB
.svelte-kit/output/server/chunks/support.js                                                3.39 kB
.svelte-kit/output/server/chunks/plugin-registry.js                                        3.41 kB
.svelte-kit/output/server/chunks/labContextLabel.js                                        3.41 kB
.svelte-kit/output/server/chunks/Progress.js                                               3.41 kB
.svelte-kit/output/server/chunks/DiscardSheet.js                                           3.42 kB
.svelte-kit/output/server/chunks/ScreenHeader.js                                           3.48 kB
.svelte-kit/output/server/chunks/TagPicker.js                                              3.53 kB
.svelte-kit/output/server/chunks/StarredPhotoGrid.svelte_svelte_type_style_lang.js         3.54 kB
.svelte-kit/output/server/entries/pages/transition/letters/_id_/_page.svelte.js            3.56 kB
.svelte-kit/output/server/chunks/Mark.js                                                   3.59 kB
.svelte-kit/output/server/chunks/clinicianSummaryData.js                                   3.64 kB
.svelte-kit/output/server/chunks/PhotoChipRow.js                                           3.68 kB
.svelte-kit/output/server/chunks/PresentationChipRow.js                                    3.83 kB
.svelte-kit/output/server/chunks/dates.js                                                  4.09 kB
.svelte-kit/output/server/chunks/EntryDays.js                                              4.21 kB
.svelte-kit/output/server/entries/pages/stats/_page.svelte.js                              4.26 kB
.svelte-kit/output/server/chunks/BatchedList.js                                            4.29 kB
.svelte-kit/output/server/chunks/wrappedDisplay.js                                         4.36 kB
.svelte-kit/output/server/chunks/annotations.js                                            4.40 kB
.svelte-kit/output/server/chunks/hormoneDrug.js                                            4.40 kB
.svelte-kit/output/server/chunks/Segmented.js                                              4.70 kB
.svelte-kit/output/server/chunks/ReadGate.js                                               4.71 kB
.svelte-kit/output/server/chunks/reconcile.js                                              4.74 kB
.svelte-kit/output/server/chunks/reorder.svelte.js                                         4.87 kB
.svelte-kit/output/server/chunks/PhotoSection.js                                           4.95 kB
.svelte-kit/output/server/chunks/Slider.js                                                 5.00 kB
.svelte-kit/output/server/chunks/ReadReserve.js                                            5.05 kB
.svelte-kit/output/server/chunks/clinicianSummary.js                                       5.06 kB
.svelte-kit/output/server/chunks/appointments.js                                           5.15 kB
.svelte-kit/output/server/chunks/PhotoDayPromptSheet.js                                    5.24 kB
.svelte-kit/output/server/chunks/stockProjection.js                                        5.28 kB
.svelte-kit/output/server/chunks/MoodFace.js                                               5.46 kB
.svelte-kit/output/server/chunks/CalendarHandoffSheet.js                                   5.48 kB
.svelte-kit/output/server/chunks/careSpine.js                                              5.55 kB
.svelte-kit/output/server/chunks/exports.js                                                5.57 kB
.svelte-kit/output/server/chunks/correlationCards.js                                       5.58 kB
.svelte-kit/output/server/entries/pages/settings/passphrase/_page.svelte.js                5.65 kB
.svelte-kit/output/server/chunks/store.svelte.js                                           6.14 kB
.svelte-kit/output/server/entries/pages/settings/words/_page.svelte.js                     6.19 kB
.svelte-kit/output/server/chunks/mapChannels.js                                            6.46 kB
.svelte-kit/output/server/chunks/trackAndGraph.js                                          6.62 kB
.svelte-kit/output/server/chunks/epochDay.js                                               6.67 kB
.svelte-kit/output/server/chunks/provenance.js                                             6.68 kB
.svelte-kit/output/server/entries/pages/settings/licences/_page.svelte.js                  6.75 kB
.svelte-kit/output/server/chunks/photos.js                                                 6.92 kB
.svelte-kit/output/server/chunks/hormoneCurveQualitative.js                                7.11 kB
.svelte-kit/output/server/chunks/photoLibraryLabels.js                                     7.23 kB
.svelte-kit/output/server/entries/pages/settings/trash/_page.svelte.js                     7.32 kB
.svelte-kit/output/server/chunks/BarRows.js                                                7.39 kB
.svelte-kit/output/server/entries/pages/settings/security/_page.svelte.js                  7.55 kB
.svelte-kit/output/server/chunks/restore.js                                                7.74 kB
.svelte-kit/output/server/chunks/DayStrip.js                                               8.32 kB
.svelte-kit/output/server/chunks/hormoneCurve2.js                                          8.61 kB
.svelte-kit/output/server/chunks/wrapEncoding.js                                           8.61 kB
.svelte-kit/output/server/chunks/wearSessions.js                                           8.88 kB
.svelte-kit/output/server/chunks/MarginNotes.js                                            9.14 kB
.svelte-kit/output/server/chunks/photoReview.svelte.js                                     9.29 kB
.svelte-kit/output/server/entries/pages/wrapped/_cadence_/share/_page.svelte.js            9.45 kB
.svelte-kit/output/server/chunks/entryTags.js                                              9.49 kB
.svelte-kit/output/server/chunks/LetterCard.js                                             9.68 kB
.svelte-kit/output/server/chunks/searchHitRows.js                                          9.79 kB
.svelte-kit/output/server/chunks/ListRow.js                                                9.95 kB
.svelte-kit/output/server/chunks/stockLabel.js                                            10.11 kB
.svelte-kit/output/server/chunks/procedures.js                                            10.29 kB
.svelte-kit/output/server/chunks/VideoNotePlayer.js                                       10.31 kB
.svelte-kit/output/server/entries/pages/settings/dimension/_page.svelte.js                10.35 kB
.svelte-kit/output/server/chunks/dayAxisLabel.js                                          10.54 kB
.svelte-kit/output/server/chunks/builtins.js                                              10.57 kB
.svelte-kit/output/server/chunks/recordEditor.svelte.js                                   10.72 kB
.svelte-kit/output/server/chunks/documents.js                                             11.15 kB
.svelte-kit/output/server/chunks/journal-passphrase.js                                    11.29 kB
.svelte-kit/output/server/chunks/Tree.svelte.js                                           11.48 kB
.svelte-kit/output/server/chunks/chartAnnotations.js                                      11.87 kB
.svelte-kit/output/server/chunks/container.js                                             12.02 kB
.svelte-kit/output/server/chunks/documentTargets.svelte.js                                12.27 kB
.svelte-kit/output/server/chunks/PhotoWipe.js                                             12.87 kB
.svelte-kit/output/server/entries/pages/settings/journaling-pause/_page.svelte.js         12.91 kB
.svelte-kit/output/server/chunks/picker.js                                                12.93 kB
.svelte-kit/output/server/entries/pages/on-this-day/_page.svelte.js                       13.26 kB
.svelte-kit/output/server/entries/pages/doubt/evidence/_page.svelte.js                    13.45 kB
.svelte-kit/output/server/entries/pages/health/appointments/in-the-room/_page.svelte.js   13.86 kB
.svelte-kit/output/server/entries/pages/doubt/comfort/_page.svelte.js                     13.89 kB
.svelte-kit/output/server/chunks/InjectionSiteMap.js                                      13.91 kB
.svelte-kit/output/server/chunks/reference.svelte.js                                      14.39 kB
.svelte-kit/output/server/chunks/regimenEpisode.js                                        14.58 kB
.svelte-kit/output/server/entries/pages/doubt/_page.svelte.js                             14.90 kB
.svelte-kit/output/server/entries/pages/tally/_page.svelte.js                             15.25 kB
.svelte-kit/output/server/entries/pages/settings/body-regions/_page.svelte.js             15.30 kB
.svelte-kit/output/server/chunks/vocabulary.js                                            15.54 kB
.svelte-kit/output/server/chunks/Icon.js                                                  16.59 kB
.svelte-kit/output/server/chunks/offers.js                                                17.34 kB
.svelte-kit/output/server/chunks/paletteChoices.js                                        19.20 kB
.svelte-kit/output/server/entries/pages/settings/affirmations/_page.svelte.js             19.30 kB
.svelte-kit/output/server/entries/pages/settings/reminders/_id_/_page.svelte.js           19.48 kB
.svelte-kit/output/server/entries/pages/settings/recovery-key/_page.svelte.js             19.49 kB
.svelte-kit/output/server/chunks/hubRows.js                                               19.98 kB
.svelte-kit/output/server/chunks/internal.js                                              20.28 kB
.svelte-kit/output/server/entries/pages/settings/access-mode/_page.svelte.js              20.36 kB
.svelte-kit/output/server/entries/pages/media/photos/export/_page.svelte.js               20.82 kB
.svelte-kit/output/server/entries/pages/settings/tags/_page.svelte.js                     20.88 kB
.svelte-kit/output/server/chunks/chartAnnotation.js                                       21.26 kB
.svelte-kit/output/server/entries/pages/support/resources/_page.svelte.js                 21.44 kB
.svelte-kit/output/server/entries/pages/media/documents/_page.svelte.js                   21.45 kB
.svelte-kit/output/server/chunks/doses.js                                                 21.55 kB
.svelte-kit/output/server/chunks/AreaFinish.js                                            22.10 kB
.svelte-kit/output/server/entries/pages/settings/notifications/_page.svelte.js            22.88 kB
.svelte-kit/output/server/entries/pages/transition/letters/_page.svelte.js                23.41 kB
.svelte-kit/output/server/entries/pages/transition/tryouts/_page.svelte.js                23.43 kB
.svelte-kit/output/server/entries/pages/media/documents/_id_/_page.svelte.js              23.44 kB
.svelte-kit/output/server/chunks/AreaChart.js                                             23.84 kB
.svelte-kit/output/server/entries/pages/compare/_page.svelte.js                           24.77 kB
.svelte-kit/output/server/entries/pages/settings/reminders/_page.svelte.js                25.55 kB
.svelte-kit/output/server/entries/pages/search/questions/_id_/_page.svelte.js             26.26 kB
.svelte-kit/output/server/chunks/PermissionList.js                                        26.86 kB
.svelte-kit/output/server/entries/pages/settings/eras/_page.svelte.js                     26.92 kB
.svelte-kit/output/server/entries/pages/settings/journal-book/_page.svelte.js             27.10 kB
.svelte-kit/output/server/entries/pages/health/cycle-events/_page.svelte.js               28.29 kB
.svelte-kit/output/server/chunks/wearLabels.js                                            28.54 kB
.svelte-kit/output/server/chunks/doseLabels.js                                            31.32 kB
.svelte-kit/output/server/entries/pages/media/photos/_page.svelte.js                      32.24 kB
.svelte-kit/output/server/entries/pages/search/_page.svelte.js                            32.96 kB
.svelte-kit/output/server/entries/pages/coming-back/_page.svelte.js                       33.17 kB
.svelte-kit/output/server/chunks/hubLabels.js                                             34.31 kB
.svelte-kit/output/server/chunks/utils2.js                                                35.66 kB
.svelte-kit/output/server/entries/pages/more/_page.svelte.js                              36.21 kB
.svelte-kit/output/server/entries/pages/body/hair-removal/_page.svelte.js                 37.60 kB
.svelte-kit/output/server/entries/pages/transition/roadmap/_page.svelte.js                39.38 kB
.svelte-kit/output/server/remote-entry.js                                                 39.44 kB
.svelte-kit/output/server/entries/pages/day/_day_/_page.svelte.js                         39.50 kB
.svelte-kit/output/server/chunks/entries.js                                               40.08 kB
.svelte-kit/output/server/entries/pages/calendar/_page.svelte.js                          40.24 kB
.svelte-kit/output/server/entries/pages/health/dilation/_page.svelte.js                   41.29 kB
.svelte-kit/output/server/entries/pages/onboarding/_page.svelte.js                        43.24 kB
.svelte-kit/output/server/chunks/AccessModeSetup.js                                       44.16 kB
.svelte-kit/output/server/chunks/hormoneCurve.js                                          45.51 kB
.svelte-kit/output/server/entries/pages/body/hair-progress/_page.svelte.js                47.51 kB
.svelte-kit/output/server/entries/pages/health/appointments/_page.svelte.js               49.57 kB
.svelte-kit/output/server/entries/pages/transition/milestones/_page.svelte.js             52.75 kB
.svelte-kit/output/server/entries/pages/transition/tryouts/_id_/_page.svelte.js           53.08 kB
.svelte-kit/output/server/chunks/archive.js                                               54.06 kB
.svelte-kit/output/server/entries/pages/body/wear/_page.svelte.js                         55.36 kB
.svelte-kit/output/server/entries/pages/body-map/_page.svelte.js                          58.09 kB
.svelte-kit/output/server/chunks/liveTiles.js                                             63.48 kB
.svelte-kit/output/server/chunks/roadmapLabels.js                                         64.66 kB
.svelte-kit/output/server/entries/pages/body/measurements/_page.svelte.js                 66.00 kB
.svelte-kit/output/server/entries/pages/wrapped/_cadence_/_page.svelte.js                 66.10 kB
.svelte-kit/output/server/chunks/migrations.js                                            67.74 kB
.svelte-kit/output/server/entries/pages/settings/_page.svelte.js                          73.81 kB
.svelte-kit/output/server/entries/pages/care/doses/_page.svelte.js                        74.34 kB
.svelte-kit/output/server/entries/pages/care/curve/_page.svelte.js                        75.79 kB
.svelte-kit/output/server/entries/pages/care/_page.svelte.js                              87.03 kB
.svelte-kit/output/server/entries/pages/care/changes/_page.svelte.js                      87.18 kB
.svelte-kit/output/server/entries/pages/care/labs/_page.svelte.js                         87.97 kB
.svelte-kit/output/server/chunks/journal.svelte.js                                        91.34 kB
.svelte-kit/output/server/chunks/_layout.js                                               93.45 kB
.svelte-kit/output/server/entries/pages/care/regimen/_page.svelte.js                      93.49 kB
.svelte-kit/output/server/chunks/archiveSections.js                                       96.64 kB
.svelte-kit/output/server/entries/pages/settings/export/_page.svelte.js                   99.82 kB
.svelte-kit/output/server/entries/pages/_page.svelte.js                                   99.94 kB
.svelte-kit/output/server/entries/pages/health/clinician-summary/_page.svelte.js         104.43 kB
.svelte-kit/output/server/entries/pages/health/surgery/_page.svelte.js                   109.43 kB
.svelte-kit/output/server/entries/pages/stats/_reading_/_page.svelte.js                  113.55 kB
.svelte-kit/output/server/chunks/EntryEditor.js                                          115.27 kB
.svelte-kit/output/server/index.js                                                       139.19 kB
.svelte-kit/output/server/chunks/root.js                                                 142.28 kB
.svelte-kit/output/server/entries/pages/voice/_page.svelte.js                            171.86 kB
.svelte-kit/output/server/chunks/labels.js                                               174.88 kB
.svelte-kit/output/server/chunks/boot.svelte.js                                          221.08 kB
✓ built in 36.24s

Run npm run preview to preview your production build locally.

> Using @sveltejs/adapter-static
  Wrote site to "build"
  ✔ done
vite v6.4.3 building SSR bundle for production...
ℹ [paraglide-js] Compilation skipped — inputs unchanged (message-modules)
transforming...
src/lib/data/live/journal.svelte.ts (180:1): Error when using sourcemap for reporting an error: Can't resolve original location of error.
src/lib/data/live/journal.svelte.ts (180:1): A comment

"/* @__PURE__ */"

in "src/lib/data/live/journal.svelte.ts" contains an annotation that Rollup cannot interpret due to the position of the comment. The comment will be removed to avoid issues.
"autoUpdate" is imported from external module "@floating-ui/dom" but never used in "node_modules/melt/dist/utils/use-floating.svelte.js".
✓ 4890 modules transformed.
rendering chunks...
vite v6.4.3 building for production...
ℹ [paraglide-js] Compilation skipped — inputs unchanged (message-modules)
transforming...
✓ 5296 modules transformed.
rendering chunks...
computing gzip size...
.svelte-kit/output/client/_app/version.json                                                        0.03 kB │ gzip:   0.05 kB
.svelte-kit/output/client/_app/immutable/workers/sqlite3-opfs-async-proxy-BpVpzIkN.js              9.52 kB
.svelte-kit/output/client/_app/immutable/workers/argon2id.worker-DDPWp7r6.js                      28.56 kB
.svelte-kit/output/client/_app/immutable/workers/sqlite3-worker1-bundler-friendly-D6cQoI3y.js    191.74 kB
.svelte-kit/output/client/.vite/manifest.json                                                    196.20 kB │ gzip:  25.25 kB
.svelte-kit/output/client/_app/immutable/workers/mc-worker-D97-VHM5.js                           197.17 kB
.svelte-kit/output/client/_app/immutable/assets/sqlite3.B7imZ2XV.wasm                          1,036.17 kB │ gzip: 464.98 kB
.svelte-kit/output/client/_app/immutable/workers/pdf-worker-Kp7_pMCT.js                        1,378.61 kB
.svelte-kit/output/client/_app/immutable/assets/ChoiceChips.BbnDpI89.css                           0.04 kB │ gzip:   0.06 kB
.svelte-kit/output/client/_app/immutable/assets/17.of10DU40.css                                    0.06 kB │ gzip:   0.08 kB
.svelte-kit/output/client/_app/immutable/assets/97.CEBZhOUt.css                                    0.06 kB │ gzip:   0.08 kB
.svelte-kit/output/client/_app/immutable/assets/32.BVl2XI1B.css                                    0.07 kB │ gzip:   0.09 kB
.svelte-kit/output/client/_app/immutable/assets/ReadGate.TZFwY6rr.css                              0.07 kB │ gzip:   0.08 kB
.svelte-kit/output/client/_app/immutable/assets/VoicePlayer.DfYc2k3w.css                           0.08 kB │ gzip:   0.10 kB
.svelte-kit/output/client/_app/immutable/assets/54.Bd46l6SV.css                                    0.08 kB │ gzip:   0.09 kB
.svelte-kit/output/client/_app/immutable/assets/DiscardSheet.BsHAsh63.css                          0.08 kB │ gzip:   0.09 kB
.svelte-kit/output/client/_app/immutable/assets/63.mj4dWElF.css                                    0.08 kB │ gzip:   0.10 kB
.svelte-kit/output/client/_app/immutable/assets/Mark.DE7SL4Vi.css                                  0.10 kB │ gzip:   0.10 kB
.svelte-kit/output/client/_app/immutable/assets/StarredPhotoGrid.D4aGZdrr.css                      0.10 kB │ gzip:   0.10 kB
.svelte-kit/output/client/_app/immutable/assets/113.CQcf1K4S.css                                   0.10 kB │ gzip:   0.10 kB
.svelte-kit/output/client/_app/immutable/assets/Field.Cp5H9ar4.css                                 0.11 kB │ gzip:   0.11 kB
.svelte-kit/output/client/_app/immutable/assets/Disclosure.BfdGALZ3.css                            0.11 kB │ gzip:   0.11 kB
.svelte-kit/output/client/_app/immutable/assets/Sheet.WF98ji7b.css                                 0.12 kB │ gzip:   0.11 kB
.svelte-kit/output/client/_app/immutable/assets/PhotoChipRow.BTGNYTJS.css                          0.12 kB │ gzip:   0.12 kB
.svelte-kit/output/client/_app/immutable/assets/AreaFinish.-OlMNacw.css                            0.12 kB │ gzip:   0.10 kB
.svelte-kit/output/client/_app/immutable/assets/109.CuNQlFjE.css                                   0.16 kB │ gzip:   0.13 kB
.svelte-kit/output/client/_app/immutable/assets/LockAfterChoice.Ddgi9Atd.css                       0.16 kB │ gzip:   0.13 kB
.svelte-kit/output/client/_app/immutable/assets/51.S4ZZ67Tq.css                                    0.18 kB │ gzip:   0.14 kB
.svelte-kit/output/client/_app/immutable/assets/14.SMKwTFWO.css                                    0.18 kB │ gzip:   0.16 kB
.svelte-kit/output/client/_app/immutable/assets/BatchedList.DCwU6d5m.css                           0.18 kB │ gzip:   0.12 kB
.svelte-kit/output/client/_app/immutable/assets/RecordSheet.C3Tj5awG.css                           0.18 kB │ gzip:   0.13 kB
.svelte-kit/output/client/_app/immutable/assets/ChartEmpty.GQUIpUCB.css                            0.21 kB │ gzip:   0.16 kB
.svelte-kit/output/client/_app/immutable/assets/3.Cqpw2BgU.css                                     0.22 kB │ gzip:   0.16 kB
.svelte-kit/output/client/_app/immutable/assets/ReadReserve.C2LZY4RV.css                           0.23 kB │ gzip:   0.14 kB
.svelte-kit/output/client/_app/immutable/assets/18.eoVubTdL.css                                    0.23 kB │ gzip:   0.17 kB
.svelte-kit/output/client/_app/immutable/assets/SectionHeading.ID5KBm2j.css                        0.28 kB │ gzip:   0.19 kB
.svelte-kit/output/client/_app/immutable/assets/DayEntry.Bu5Wbcsl.css                              0.30 kB │ gzip:   0.18 kB
.svelte-kit/output/client/_app/immutable/assets/DayStrip.B7QAMYMR.css                              0.30 kB │ gzip:   0.21 kB
.svelte-kit/output/client/_app/immutable/assets/PhotoViewer.wiP4e9SP.css                           0.30 kB │ gzip:   0.21 kB
.svelte-kit/output/client/_app/immutable/assets/105.CQw7zpdv.css                                   0.33 kB │ gzip:   0.20 kB
.svelte-kit/output/client/_app/immutable/assets/64.CI7QDOx4.css                                    0.36 kB │ gzip:   0.22 kB
.svelte-kit/output/client/_app/immutable/assets/35.CXnhmm0l.css                                    0.37 kB │ gzip:   0.24 kB
.svelte-kit/output/client/_app/immutable/assets/MoodPicker.CvIeG4k5.css                            0.40 kB │ gzip:   0.22 kB
.svelte-kit/output/client/_app/immutable/assets/122.CPhR4P_6.css                                   0.41 kB │ gzip:   0.24 kB
.svelte-kit/output/client/_app/immutable/assets/LookBackLetterCard.BsNd1DnI.css                    0.43 kB │ gzip:   0.22 kB
.svelte-kit/output/client/_app/immutable/assets/pickerField.BmvbcaNP.css                           0.43 kB │ gzip:   0.25 kB
.svelte-kit/output/client/_app/immutable/assets/49.UPdwmlbY.css                                    0.45 kB │ gzip:   0.23 kB
.svelte-kit/output/client/_app/immutable/assets/75.BDOcdHut.css                                    0.47 kB │ gzip:   0.23 kB
.svelte-kit/output/client/_app/immutable/assets/38.DMTQKXfm.css                                    0.52 kB │ gzip:   0.26 kB
.svelte-kit/output/client/_app/immutable/assets/40.BHn5oNMp.css                                    0.57 kB │ gzip:   0.31 kB
.svelte-kit/output/client/_app/immutable/assets/Slider.BXP1_4jw.css                                0.58 kB │ gzip:   0.23 kB
.svelte-kit/output/client/_app/immutable/assets/21.DuykILfM.css                                    0.59 kB │ gzip:   0.29 kB
.svelte-kit/output/client/_app/immutable/assets/AccessModeSetup.CY_RCkLZ.css                       0.63 kB │ gzip:   0.28 kB
.svelte-kit/output/client/_app/immutable/assets/79.DQaaOZwE.css                                    0.65 kB │ gzip:   0.31 kB
.svelte-kit/output/client/_app/immutable/assets/ListRow.OT_lYC8_.css                               0.67 kB │ gzip:   0.33 kB
.svelte-kit/output/client/_app/immutable/assets/86.CREmaxDU.css                                    0.69 kB │ gzip:   0.31 kB
.svelte-kit/output/client/_app/immutable/assets/EntryDays.KFwCzU7O.css                             0.73 kB │ gzip:   0.23 kB
.svelte-kit/output/client/_app/immutable/assets/paletteChoices.5eW7Hsp3.css                        0.74 kB │ gzip:   0.29 kB
.svelte-kit/output/client/_app/immutable/assets/15.C-zrSfY2.css                                    0.77 kB │ gzip:   0.37 kB
.svelte-kit/output/client/_app/immutable/assets/BarRows.Bb6BeN1l.css                               0.80 kB │ gzip:   0.27 kB
.svelte-kit/output/client/_app/immutable/assets/108.DMq53CQh.css                                   0.99 kB │ gzip:   0.37 kB
.svelte-kit/output/client/_app/immutable/assets/PermissionList.BCzL9iFe.css                        1.01 kB │ gzip:   0.42 kB
.svelte-kit/output/client/_app/immutable/assets/AreaChart.tHrbTiod.css                             1.02 kB │ gzip:   0.39 kB
.svelte-kit/output/client/_app/immutable/assets/118.DPXysF5w.css                                   1.04 kB │ gzip:   0.38 kB
.svelte-kit/output/client/_app/immutable/assets/SectionJump.1J8E0XY_.css                           1.08 kB │ gzip:   0.47 kB
.svelte-kit/output/client/_app/immutable/assets/5.B53SW1_6.css                                     1.12 kB │ gzip:   0.42 kB
.svelte-kit/output/client/_app/immutable/assets/Progress.SBS-oeAf.css                              1.17 kB │ gzip:   0.45 kB
.svelte-kit/output/client/_app/immutable/assets/VideoNotePlayer.DTdOsAFH.css                       1.23 kB │ gzip:   0.51 kB
.svelte-kit/output/client/_app/immutable/assets/29.D7KdTqu1.css                                    1.24 kB │ gzip:   0.47 kB
.svelte-kit/output/client/_app/immutable/assets/7.9MbRvaAX.css                                     1.31 kB │ gzip:   0.47 kB
.svelte-kit/output/client/_app/immutable/assets/69.kEFcd-Te.css                                    1.32 kB │ gzip:   0.56 kB
.svelte-kit/output/client/_app/immutable/assets/31.BnR614Hk.css                                    1.34 kB │ gzip:   0.50 kB
.svelte-kit/output/client/_app/immutable/assets/112.genRb-2B.css                                   1.37 kB │ gzip:   0.52 kB
.svelte-kit/output/client/_app/immutable/assets/28.Bn9GCQXX.css                                    1.48 kB │ gzip:   0.55 kB
.svelte-kit/output/client/_app/immutable/assets/MarginNotes.DlJD_wR_.css                           1.49 kB │ gzip:   0.48 kB
.svelte-kit/output/client/_app/immutable/assets/VocabularyManagerSheets.cgzzZKmW.css               1.77 kB │ gzip:   0.57 kB
.svelte-kit/output/client/_app/immutable/assets/36.DBU3SNN6.css                                    1.84 kB │ gzip:   0.62 kB
.svelte-kit/output/client/_app/immutable/assets/121.UXCVPqfq.css                                   1.98 kB │ gzip:   0.71 kB
.svelte-kit/output/client/_app/immutable/assets/16.CFYcMjKX.css                                    2.01 kB │ gzip:   0.67 kB
.svelte-kit/output/client/_app/immutable/assets/TimePicker.DDqO33n7.css                            2.14 kB │ gzip:   0.74 kB
.svelte-kit/output/client/_app/immutable/assets/20.4n3QXRvz.css                                    2.22 kB │ gzip:   0.81 kB
.svelte-kit/output/client/_app/immutable/assets/MediaTransport.BN9-jv-w.css                        2.38 kB │ gzip:   0.78 kB
.svelte-kit/output/client/_app/immutable/assets/53.DFMeOLli.css                                    2.43 kB │ gzip:   0.79 kB
.svelte-kit/output/client/_app/immutable/assets/LetterCard.Di-Uw7Zp.css                            2.45 kB │ gzip:   0.76 kB
.svelte-kit/output/client/_app/immutable/assets/MonthJump.C0m-qm19.css                             2.45 kB │ gzip:   0.86 kB
.svelte-kit/output/client/_app/immutable/assets/37.CoKWfiC3.css                                    2.52 kB │ gzip:   0.80 kB
.svelte-kit/output/client/_app/immutable/assets/InjectionSiteMap.DHQEH5rW.css                      2.92 kB │ gzip:   0.83 kB
.svelte-kit/output/client/_app/immutable/assets/114.DnvLKmo_.css                                   3.03 kB │ gzip:   0.94 kB
.svelte-kit/output/client/_app/immutable/assets/PhotoWipe.DKQOpbK5.css                             3.06 kB │ gzip:   0.92 kB
.svelte-kit/output/client/_app/immutable/assets/117.DKcmTNrm.css                                   3.15 kB │ gzip:   0.98 kB
.svelte-kit/output/client/_app/immutable/assets/116.DF-lNooU.css                                   3.17 kB │ gzip:   0.91 kB
.svelte-kit/output/client/_app/immutable/assets/12.Dy3w9UT7.css                                    3.24 kB │ gzip:   0.96 kB
.svelte-kit/output/client/_app/immutable/assets/13.3q4PdC6L.css                                    3.93 kB │ gzip:   0.99 kB
.svelte-kit/output/client/_app/immutable/assets/DatePicker.BgA5OgkC.css                            4.30 kB │ gzip:   1.22 kB
.svelte-kit/output/client/_app/immutable/assets/11.2NQjQ2Rh.css                                    5.62 kB │ gzip:   1.54 kB
.svelte-kit/output/client/_app/immutable/assets/34.DYpW2GYQ.css                                    5.75 kB │ gzip:   1.45 kB
.svelte-kit/output/client/_app/immutable/assets/8.iQZQGxvD.css                                     5.81 kB │ gzip:   1.41 kB
.svelte-kit/output/client/_app/immutable/assets/10.BpFVhXVZ.css                                    6.10 kB │ gzip:   1.43 kB
.svelte-kit/output/client/_app/immutable/assets/42.C7cKrYpr.css                                    6.52 kB │ gzip:   1.63 kB
.svelte-kit/output/client/_app/immutable/assets/2.D7ObSVRe.css                                     6.98 kB │ gzip:   1.83 kB
.svelte-kit/output/client/_app/immutable/assets/EntryEditor.-FnDDmSr.css                           7.12 kB │ gzip:   1.58 kB
.svelte-kit/output/client/_app/immutable/assets/30.DULtU1Sy.css                                    8.10 kB │ gzip:   1.90 kB
.svelte-kit/output/client/_app/immutable/assets/9.bo3SwQBz.css                                     8.83 kB │ gzip:   1.91 kB
.svelte-kit/output/client/_app/immutable/assets/106.DALq5495.css                                   9.43 kB │ gzip:   2.18 kB
.svelte-kit/output/client/_app/immutable/assets/ThemesReading.ymNTlWXs.css                        11.18 kB │ gzip:   2.47 kB
.svelte-kit/output/client/_app/immutable/assets/120.Cum5-O4I.css                                  15.03 kB │ gzip:   2.85 kB
.svelte-kit/output/client/_app/immutable/assets/0.s3-7Pq-S.css                                   125.49 kB │ gzip:  23.75 kB
.svelte-kit/output/client/_app/immutable/chunks/1gzUVTTe.js                                        0.04 kB │ gzip:   0.06 kB
.svelte-kit/output/client/_app/immutable/chunks/DYAEPJ09.js                                        0.06 kB │ gzip:   0.08 kB
.svelte-kit/output/client/_app/immutable/chunks/Hs5Feq5Q.js                                        0.08 kB │ gzip:   0.10 kB
.svelte-kit/output/client/_app/immutable/chunks/BT0qIWDH.js                                        0.08 kB │ gzip:   0.10 kB
.svelte-kit/output/client/_app/immutable/chunks/qVtq9vzz.js                                        0.08 kB │ gzip:   0.10 kB
.svelte-kit/output/client/_app/immutable/chunks/DaH0y16y.js                                        0.08 kB │ gzip:   0.10 kB
.svelte-kit/output/client/_app/immutable/chunks/j-1Xtdh7.js                                        0.08 kB │ gzip:   0.10 kB
.svelte-kit/output/client/_app/immutable/chunks/BDigMTpo.js                                        0.08 kB │ gzip:   0.10 kB
.svelte-kit/output/client/_app/immutable/chunks/jzFVHLAd.js                                        0.08 kB │ gzip:   0.10 kB
.svelte-kit/output/client/_app/immutable/chunks/C3Lhvgnk.js                                        0.08 kB │ gzip:   0.10 kB
.svelte-kit/output/client/_app/immutable/chunks/CZt2uGCU.js                                        0.08 kB │ gzip:   0.10 kB
.svelte-kit/output/client/_app/immutable/chunks/B-FsFgFW.js                                        0.08 kB │ gzip:   0.10 kB
.svelte-kit/output/client/_app/immutable/chunks/DKiQT0H9.js                                        0.08 kB │ gzip:   0.10 kB
.svelte-kit/output/client/_app/immutable/chunks/D12qk2jA.js                                        0.08 kB │ gzip:   0.10 kB
.svelte-kit/output/client/_app/immutable/chunks/CFwQFFB1.js                                        0.08 kB │ gzip:   0.10 kB
.svelte-kit/output/client/_app/immutable/chunks/COOv2-gU.js                                        0.08 kB │ gzip:   0.10 kB
.svelte-kit/output/client/_app/immutable/chunks/ClITDXw7.js                                        0.08 kB │ gzip:   0.10 kB
.svelte-kit/output/client/_app/immutable/chunks/CQ_FAheI.js                                        0.08 kB │ gzip:   0.10 kB
.svelte-kit/output/client/_app/immutable/chunks/BHpxf04T.js                                        0.08 kB │ gzip:   0.10 kB
.svelte-kit/output/client/_app/immutable/chunks/CN9D7epD.js                                        0.08 kB │ gzip:   0.10 kB
.svelte-kit/output/client/_app/immutable/chunks/CCM9GYZg.js                                        0.08 kB │ gzip:   0.10 kB
.svelte-kit/output/client/_app/immutable/chunks/C4jxbMDW.js                                        0.08 kB │ gzip:   0.10 kB
.svelte-kit/output/client/_app/immutable/chunks/CoUtUkCS.js                                        0.08 kB │ gzip:   0.10 kB
.svelte-kit/output/client/_app/immutable/chunks/CHT9LeY3.js                                        0.08 kB │ gzip:   0.10 kB
.svelte-kit/output/client/_app/immutable/chunks/CleZm4DV.js                                        0.08 kB │ gzip:   0.10 kB
.svelte-kit/output/client/_app/immutable/chunks/C72fzZPn.js                                        0.08 kB │ gzip:   0.10 kB
.svelte-kit/output/client/_app/immutable/chunks/CeiQ_ePE.js                                        0.08 kB │ gzip:   0.10 kB
.svelte-kit/output/client/_app/immutable/chunks/DT54hnkS.js                                        0.08 kB │ gzip:   0.10 kB
.svelte-kit/output/client/_app/immutable/chunks/DO0RYpDU.js                                        0.08 kB │ gzip:   0.10 kB
.svelte-kit/output/client/_app/immutable/chunks/BnEUCbp7.js                                        0.08 kB │ gzip:   0.10 kB
.svelte-kit/output/client/_app/immutable/chunks/uiN6MV_5.js                                        0.08 kB │ gzip:   0.10 kB
.svelte-kit/output/client/_app/immutable/chunks/DxozAv0o.js                                        0.08 kB │ gzip:   0.10 kB
.svelte-kit/output/client/_app/immutable/chunks/MELZMx-0.js                                        0.08 kB │ gzip:   0.10 kB
.svelte-kit/output/client/_app/immutable/chunks/DYGfF7E1.js                                        0.08 kB │ gzip:   0.10 kB
.svelte-kit/output/client/_app/immutable/chunks/CKn9zaVp.js                                        0.08 kB │ gzip:   0.10 kB
.svelte-kit/output/client/_app/immutable/chunks/Bp2BB45A.js                                        0.08 kB │ gzip:   0.10 kB
.svelte-kit/output/client/_app/immutable/chunks/5sfIJSwv.js                                        0.08 kB │ gzip:   0.10 kB
.svelte-kit/output/client/_app/immutable/chunks/CwkZhox6.js                                        0.08 kB │ gzip:   0.10 kB
.svelte-kit/output/client/_app/immutable/chunks/C_B1lDhl.js                                        0.08 kB │ gzip:   0.10 kB
.svelte-kit/output/client/_app/immutable/chunks/D-kJ30nZ.js                                        0.08 kB │ gzip:   0.10 kB
.svelte-kit/output/client/_app/immutable/chunks/C9gqDPTq.js                                        0.08 kB │ gzip:   0.10 kB
.svelte-kit/output/client/_app/immutable/chunks/oVtW3YT3.js                                        0.08 kB │ gzip:   0.10 kB
.svelte-kit/output/client/_app/immutable/chunks/CSOqm4nS.js                                        0.08 kB │ gzip:   0.10 kB
.svelte-kit/output/client/_app/immutable/chunks/B02xpA_C.js                                        0.09 kB │ gzip:   0.10 kB
.svelte-kit/output/client/_app/immutable/chunks/krmKS_j7.js                                        0.09 kB │ gzip:   0.10 kB
.svelte-kit/output/client/_app/immutable/chunks/DnGZJ_Fs.js                                        0.09 kB │ gzip:   0.10 kB
.svelte-kit/output/client/_app/immutable/chunks/DEUhwuA0.js                                        0.09 kB │ gzip:   0.10 kB
.svelte-kit/output/client/_app/immutable/chunks/DAOAwE3G.js                                        0.09 kB │ gzip:   0.10 kB
.svelte-kit/output/client/_app/immutable/chunks/BfOqZm0J.js                                        0.09 kB │ gzip:   0.10 kB
.svelte-kit/output/client/_app/immutable/chunks/BdoxqqhN.js                                        0.09 kB │ gzip:   0.10 kB
.svelte-kit/output/client/_app/immutable/chunks/0_cOJ77g.js                                        0.09 kB │ gzip:   0.10 kB
.svelte-kit/output/client/_app/immutable/chunks/Cy9HBN4t.js                                        0.09 kB │ gzip:   0.10 kB
.svelte-kit/output/client/_app/immutable/chunks/Cr6j75DJ.js                                        0.09 kB │ gzip:   0.10 kB
.svelte-kit/output/client/_app/immutable/chunks/jg6CkkbC.js                                        0.09 kB │ gzip:   0.10 kB
.svelte-kit/output/client/_app/immutable/chunks/ghRidsFz.js                                        0.09 kB │ gzip:   0.10 kB
.svelte-kit/output/client/_app/immutable/chunks/BaTOjvXI.js                                        0.09 kB │ gzip:   0.10 kB
.svelte-kit/output/client/_app/immutable/chunks/CUF2ClCG.js                                        0.09 kB │ gzip:   0.11 kB
.svelte-kit/output/client/_app/immutable/chunks/hLz032Xo.js                                        0.09 kB │ gzip:   0.11 kB
.svelte-kit/output/client/_app/immutable/chunks/B2hw5NY0.js                                        0.09 kB │ gzip:   0.10 kB
.svelte-kit/output/client/_app/immutable/chunks/Blm-yjMJ.js                                        0.09 kB │ gzip:   0.11 kB
.svelte-kit/output/client/_app/immutable/chunks/dPbPKO9Z.js                                        0.09 kB │ gzip:   0.11 kB
.svelte-kit/output/client/_app/immutable/chunks/C7BUy_ue.js                                        0.09 kB │ gzip:   0.11 kB
.svelte-kit/output/client/_app/immutable/chunks/CVl7Fhoy.js                                        0.09 kB │ gzip:   0.11 kB
.svelte-kit/output/client/_app/immutable/nodes/0.DCzFaRJz.js                                       0.09 kB │ gzip:   0.10 kB
.svelte-kit/output/client/_app/immutable/chunks/EqFI8g5p.js                                        0.09 kB │ gzip:   0.11 kB
.svelte-kit/output/client/_app/immutable/chunks/U4mY_Ru4.js                                        0.09 kB │ gzip:   0.11 kB
.svelte-kit/output/client/_app/immutable/chunks/DSHEgE7U.js                                        0.09 kB │ gzip:   0.11 kB
.svelte-kit/output/client/_app/immutable/chunks/DOXX4H6-.js                                        0.09 kB │ gzip:   0.11 kB
.svelte-kit/output/client/_app/immutable/chunks/DkM9Q0HL.js                                        0.09 kB │ gzip:   0.11 kB
.svelte-kit/output/client/_app/immutable/chunks/BOxwoh7U.js                                        0.09 kB │ gzip:   0.11 kB
.svelte-kit/output/client/_app/immutable/chunks/CgKCZ6VN.js                                        0.09 kB │ gzip:   0.11 kB
.svelte-kit/output/client/_app/immutable/chunks/DIMUEEBB.js                                        0.09 kB │ gzip:   0.11 kB
.svelte-kit/output/client/_app/immutable/chunks/BJ5BSWdZ.js                                        0.09 kB │ gzip:   0.11 kB
.svelte-kit/output/client/_app/immutable/chunks/CwtH3ZZD.js                                        0.09 kB │ gzip:   0.11 kB
.svelte-kit/output/client/_app/immutable/chunks/ChjNs6Hs.js                                        0.09 kB │ gzip:   0.11 kB
.svelte-kit/output/client/_app/immutable/chunks/CQ9nx_og.js                                        0.09 kB │ gzip:   0.10 kB
.svelte-kit/output/client/_app/immutable/chunks/DZ9zQE6u.js                                        0.09 kB │ gzip:   0.11 kB
.svelte-kit/output/client/_app/immutable/chunks/B6njQwXB.js                                        0.09 kB │ gzip:   0.11 kB
.svelte-kit/output/client/_app/immutable/chunks/BgxLz_9U.js                                        0.09 kB │ gzip:   0.11 kB
.svelte-kit/output/client/_app/immutable/chunks/BTLcXNu0.js                                        0.09 kB │ gzip:   0.11 kB
.svelte-kit/output/client/_app/immutable/chunks/C1-pCXKf.js                                        0.09 kB │ gzip:   0.11 kB
.svelte-kit/output/client/_app/immutable/chunks/BedBThOT.js                                        0.09 kB │ gzip:   0.11 kB
.svelte-kit/output/client/_app/immutable/chunks/DnzSi36Q.js                                        0.09 kB │ gzip:   0.11 kB
.svelte-kit/output/client/_app/immutable/chunks/BeidFZSD.js                                        0.09 kB │ gzip:   0.11 kB
.svelte-kit/output/client/_app/immutable/chunks/CDxGw_p8.js                                        0.09 kB │ gzip:   0.11 kB
.svelte-kit/output/client/_app/immutable/chunks/C6h7Yfl-.js                                        0.09 kB │ gzip:   0.11 kB
.svelte-kit/output/client/_app/immutable/chunks/jtcZpn6T.js                                        0.09 kB │ gzip:   0.11 kB
.svelte-kit/output/client/_app/immutable/chunks/DYtF3-GP.js                                        0.09 kB │ gzip:   0.10 kB
.svelte-kit/output/client/_app/immutable/chunks/aNf0sINY.js                                        0.09 kB │ gzip:   0.11 kB
.svelte-kit/output/client/_app/immutable/chunks/CUcRCzHv.js                                        0.10 kB │ gzip:   0.11 kB
.svelte-kit/output/client/_app/immutable/chunks/xt9R0RsV.js                                        0.10 kB │ gzip:   0.11 kB
.svelte-kit/output/client/_app/immutable/chunks/DFEYsM0Q.js                                        0.10 kB │ gzip:   0.11 kB
.svelte-kit/output/client/_app/immutable/chunks/7yguzkh8.js                                        0.10 kB │ gzip:   0.11 kB
.svelte-kit/output/client/_app/immutable/chunks/DNiHmOlV.js                                        0.10 kB │ gzip:   0.11 kB
.svelte-kit/output/client/_app/immutable/chunks/Bzak7iHL.js                                        0.10 kB │ gzip:   0.10 kB
.svelte-kit/output/client/_app/immutable/chunks/BTNU9TRV.js                                        0.10 kB │ gzip:   0.11 kB
.svelte-kit/output/client/_app/immutable/chunks/P7cdyDIZ.js                                        0.10 kB │ gzip:   0.12 kB
.svelte-kit/output/client/_app/immutable/chunks/X4gid2Bh.js                                        0.10 kB │ gzip:   0.12 kB
.svelte-kit/output/client/_app/immutable/chunks/Dsxpk4TR.js                                        0.10 kB │ gzip:   0.12 kB
.svelte-kit/output/client/_app/immutable/chunks/BUxbVPH0.js                                        0.10 kB │ gzip:   0.11 kB
.svelte-kit/output/client/_app/immutable/chunks/BRtLr70W.js                                        0.10 kB │ gzip:   0.12 kB
.svelte-kit/output/client/_app/immutable/chunks/CfeJA-Zu.js                                        0.10 kB │ gzip:   0.12 kB
.svelte-kit/output/client/_app/immutable/chunks/IoqDryTL.js                                        0.10 kB │ gzip:   0.12 kB
.svelte-kit/output/client/_app/immutable/chunks/CGuuSh-l.js                                        0.10 kB │ gzip:   0.10 kB
.svelte-kit/output/client/_app/immutable/chunks/BKm_9pEp.js                                        0.10 kB │ gzip:   0.12 kB
.svelte-kit/output/client/_app/immutable/chunks/B85t4Rap.js                                        0.10 kB │ gzip:   0.12 kB
.svelte-kit/output/client/_app/immutable/chunks/CYeTA1iR.js                                        0.10 kB │ gzip:   0.10 kB
.svelte-kit/output/client/_app/immutable/chunks/Bddb4e56.js                                        0.10 kB │ gzip:   0.12 kB
.svelte-kit/output/client/_app/immutable/chunks/Yggde5em.js                                        0.10 kB │ gzip:   0.12 kB
.svelte-kit/output/client/_app/immutable/chunks/DGVo5PnE.js                                        0.10 kB │ gzip:   0.12 kB
.svelte-kit/output/client/_app/immutable/chunks/Bix1PXC2.js                                        0.10 kB │ gzip:   0.12 kB
.svelte-kit/output/client/_app/immutable/chunks/CwXqoYDj.js                                        0.10 kB │ gzip:   0.12 kB
.svelte-kit/output/client/_app/immutable/chunks/Dg32kh21.js                                        0.10 kB │ gzip:   0.12 kB
.svelte-kit/output/client/_app/immutable/chunks/D7Q4lUhk.js                                        0.10 kB │ gzip:   0.11 kB
.svelte-kit/output/client/_app/immutable/chunks/ij3teNaw.js                                        0.11 kB │ gzip:   0.12 kB
.svelte-kit/output/client/_app/immutable/chunks/DeF4tFKJ.js                                        0.11 kB │ gzip:   0.12 kB
.svelte-kit/output/client/_app/immutable/chunks/C3DIAdcd.js                                        0.11 kB │ gzip:   0.13 kB
.svelte-kit/output/client/_app/immutable/chunks/CI1OXT3g.js                                        0.11 kB │ gzip:   0.13 kB
.svelte-kit/output/client/_app/immutable/chunks/CAdIkhqu.js                                        0.12 kB │ gzip:   0.14 kB
.svelte-kit/output/client/_app/immutable/chunks/DpXlYtWd.js                                        0.12 kB │ gzip:   0.12 kB
.svelte-kit/output/client/_app/immutable/entry/start.BBphpRGR.js                                   0.12 kB │ gzip:   0.11 kB
.svelte-kit/output/client/_app/immutable/chunks/M0yLVItO.js                                        0.12 kB │ gzip:   0.14 kB
.svelte-kit/output/client/_app/immutable/chunks/CAx8itm1.js                                        0.12 kB │ gzip:   0.12 kB
.svelte-kit/output/client/_app/immutable/chunks/RHn3EzF6.js                                        0.12 kB │ gzip:   0.14 kB
.svelte-kit/output/client/_app/immutable/chunks/CRxwwPUr.js                                        0.12 kB │ gzip:   0.14 kB
.svelte-kit/output/client/_app/immutable/chunks/DM-9gyUA.js                                        0.12 kB │ gzip:   0.12 kB
.svelte-kit/output/client/_app/immutable/chunks/D2ObzoD4.js                                        0.13 kB │ gzip:   0.13 kB
.svelte-kit/output/client/_app/immutable/chunks/Dn8AbNP9.js                                        0.13 kB │ gzip:   0.12 kB
.svelte-kit/output/client/_app/immutable/chunks/DCPDmXSJ.js                                        0.13 kB │ gzip:   0.12 kB
.svelte-kit/output/client/_app/immutable/chunks/DUcBAiR_.js                                        0.13 kB │ gzip:   0.13 kB
.svelte-kit/output/client/_app/immutable/chunks/F3Wg7a92.js                                        0.13 kB │ gzip:   0.13 kB
.svelte-kit/output/client/_app/immutable/chunks/lAXuXzc5.js                                        0.13 kB │ gzip:   0.12 kB
.svelte-kit/output/client/_app/immutable/chunks/Bz3eqge7.js                                        0.14 kB │ gzip:   0.16 kB
.svelte-kit/output/client/_app/immutable/chunks/BVSGolD9.js                                        0.14 kB │ gzip:   0.14 kB
.svelte-kit/output/client/_app/immutable/chunks/DMVcDFrD.js                                        0.14 kB │ gzip:   0.16 kB
.svelte-kit/output/client/_app/immutable/chunks/Cf_Z2yZ0.js                                        0.14 kB │ gzip:   0.14 kB
.svelte-kit/output/client/_app/immutable/chunks/B0XwC4Ot.js                                        0.15 kB │ gzip:   0.14 kB
.svelte-kit/output/client/_app/immutable/chunks/c_pJJ53I.js                                        0.15 kB │ gzip:   0.14 kB
.svelte-kit/output/client/_app/immutable/chunks/CrZD8iKd.js                                        0.15 kB │ gzip:   0.14 kB
.svelte-kit/output/client/_app/immutable/chunks/Cku38l6_.js                                        0.15 kB │ gzip:   0.15 kB
.svelte-kit/output/client/_app/immutable/chunks/C1GJdWL2.js                                        0.16 kB │ gzip:   0.15 kB
.svelte-kit/output/client/_app/immutable/chunks/BZJzN4S1.js                                        0.16 kB │ gzip:   0.16 kB
.svelte-kit/output/client/_app/immutable/chunks/C5u9T4KT.js                                        0.16 kB │ gzip:   0.16 kB
.svelte-kit/output/client/_app/immutable/chunks/CqB4zQZy.js                                        0.16 kB │ gzip:   0.16 kB
.svelte-kit/output/client/_app/immutable/chunks/BETjkZzg.js                                        0.17 kB │ gzip:   0.13 kB
.svelte-kit/output/client/_app/immutable/chunks/sxZ82EkD.js                                        0.17 kB │ gzip:   0.15 kB
.svelte-kit/output/client/_app/immutable/chunks/BDOYF4mG.js                                        0.17 kB │ gzip:   0.13 kB
.svelte-kit/output/client/_app/immutable/nodes/100.CMcBACbZ.js                                     0.17 kB │ gzip:   0.17 kB
.svelte-kit/output/client/_app/immutable/nodes/101.CMcBACbZ.js                                     0.17 kB │ gzip:   0.17 kB
.svelte-kit/output/client/_app/immutable/nodes/102.CMcBACbZ.js                                     0.17 kB │ gzip:   0.17 kB
.svelte-kit/output/client/_app/immutable/nodes/103.CMcBACbZ.js                                     0.17 kB │ gzip:   0.17 kB
.svelte-kit/output/client/_app/immutable/nodes/104.CMcBACbZ.js                                     0.17 kB │ gzip:   0.17 kB
.svelte-kit/output/client/_app/immutable/nodes/110.CMcBACbZ.js                                     0.17 kB │ gzip:   0.17 kB
.svelte-kit/output/client/_app/immutable/nodes/111.CMcBACbZ.js                                     0.17 kB │ gzip:   0.17 kB
.svelte-kit/output/client/_app/immutable/nodes/115.CMcBACbZ.js                                     0.17 kB │ gzip:   0.17 kB
.svelte-kit/output/client/_app/immutable/nodes/119.CMcBACbZ.js                                     0.17 kB │ gzip:   0.17 kB
.svelte-kit/output/client/_app/immutable/nodes/19.CMcBACbZ.js                                      0.17 kB │ gzip:   0.17 kB
.svelte-kit/output/client/_app/immutable/nodes/23.CMcBACbZ.js                                      0.17 kB │ gzip:   0.17 kB
.svelte-kit/output/client/_app/immutable/nodes/24.CMcBACbZ.js                                      0.17 kB │ gzip:   0.17 kB
.svelte-kit/output/client/_app/immutable/nodes/27.CMcBACbZ.js                                      0.17 kB │ gzip:   0.17 kB
.svelte-kit/output/client/_app/immutable/nodes/33.CMcBACbZ.js                                      0.17 kB │ gzip:   0.17 kB
.svelte-kit/output/client/_app/immutable/nodes/39.CMcBACbZ.js                                      0.17 kB │ gzip:   0.17 kB
.svelte-kit/output/client/_app/immutable/nodes/43.CMcBACbZ.js                                      0.17 kB │ gzip:   0.17 kB
.svelte-kit/output/client/_app/immutable/nodes/44.CMcBACbZ.js                                      0.17 kB │ gzip:   0.17 kB
.svelte-kit/output/client/_app/immutable/nodes/45.CMcBACbZ.js                                      0.17 kB │ gzip:   0.17 kB
.svelte-kit/output/client/_app/immutable/nodes/46.CMcBACbZ.js                                      0.17 kB │ gzip:   0.17 kB
.svelte-kit/output/client/_app/immutable/nodes/47.CMcBACbZ.js                                      0.17 kB │ gzip:   0.17 kB
.svelte-kit/output/client/_app/immutable/nodes/48.CMcBACbZ.js                                      0.17 kB │ gzip:   0.17 kB
.svelte-kit/output/client/_app/immutable/nodes/50.CMcBACbZ.js                                      0.17 kB │ gzip:   0.17 kB
.svelte-kit/output/client/_app/immutable/nodes/52.CMcBACbZ.js                                      0.17 kB │ gzip:   0.17 kB
.svelte-kit/output/client/_app/immutable/nodes/56.CMcBACbZ.js                                      0.17 kB │ gzip:   0.17 kB
.svelte-kit/output/client/_app/immutable/nodes/58.CMcBACbZ.js                                      0.17 kB │ gzip:   0.17 kB
.svelte-kit/output/client/_app/immutable/nodes/59.CMcBACbZ.js                                      0.17 kB │ gzip:   0.17 kB
.svelte-kit/output/client/_app/immutable/nodes/6.CMcBACbZ.js                                       0.17 kB │ gzip:   0.17 kB
.svelte-kit/output/client/_app/immutable/nodes/60.CMcBACbZ.js                                      0.17 kB │ gzip:   0.17 kB
.svelte-kit/output/client/_app/immutable/nodes/62.CMcBACbZ.js                                      0.17 kB │ gzip:   0.17 kB
.svelte-kit/output/client/_app/immutable/nodes/65.CMcBACbZ.js                                      0.17 kB │ gzip:   0.17 kB
.svelte-kit/output/client/_app/immutable/nodes/66.CMcBACbZ.js                                      0.17 kB │ gzip:   0.17 kB
.svelte-kit/output/client/_app/immutable/nodes/67.CMcBACbZ.js                                      0.17 kB │ gzip:   0.17 kB
.svelte-kit/output/client/_app/immutable/nodes/68.CMcBACbZ.js                                      0.17 kB │ gzip:   0.17 kB
.svelte-kit/output/client/_app/immutable/nodes/71.CMcBACbZ.js                                      0.17 kB │ gzip:   0.17 kB
.svelte-kit/output/client/_app/immutable/nodes/72.CMcBACbZ.js                                      0.17 kB │ gzip:   0.17 kB
.svelte-kit/output/client/_app/immutable/nodes/73.CMcBACbZ.js                                      0.17 kB │ gzip:   0.17 kB
.svelte-kit/output/client/_app/immutable/nodes/74.CMcBACbZ.js                                      0.17 kB │ gzip:   0.17 kB
.svelte-kit/output/client/_app/immutable/nodes/76.CMcBACbZ.js                                      0.17 kB │ gzip:   0.17 kB
.svelte-kit/output/client/_app/immutable/nodes/77.CMcBACbZ.js                                      0.17 kB │ gzip:   0.17 kB
.svelte-kit/output/client/_app/immutable/nodes/78.CMcBACbZ.js                                      0.17 kB │ gzip:   0.17 kB
.svelte-kit/output/client/_app/immutable/nodes/82.CMcBACbZ.js                                      0.17 kB │ gzip:   0.17 kB
.svelte-kit/output/client/_app/immutable/nodes/83.CMcBACbZ.js                                      0.17 kB │ gzip:   0.17 kB
.svelte-kit/output/client/_app/immutable/nodes/84.CMcBACbZ.js                                      0.17 kB │ gzip:   0.17 kB
.svelte-kit/output/client/_app/immutable/nodes/85.CMcBACbZ.js                                      0.17 kB │ gzip:   0.17 kB
.svelte-kit/output/client/_app/immutable/nodes/87.CMcBACbZ.js                                      0.17 kB │ gzip:   0.17 kB
.svelte-kit/output/client/_app/immutable/nodes/90.CMcBACbZ.js                                      0.17 kB │ gzip:   0.17 kB
.svelte-kit/output/client/_app/immutable/nodes/91.CMcBACbZ.js                                      0.17 kB │ gzip:   0.17 kB
.svelte-kit/output/client/_app/immutable/nodes/93.CMcBACbZ.js                                      0.17 kB │ gzip:   0.17 kB
.svelte-kit/output/client/_app/immutable/nodes/94.CMcBACbZ.js                                      0.17 kB │ gzip:   0.17 kB
.svelte-kit/output/client/_app/immutable/nodes/95.CMcBACbZ.js                                      0.17 kB │ gzip:   0.17 kB
.svelte-kit/output/client/_app/immutable/nodes/96.CMcBACbZ.js                                      0.17 kB │ gzip:   0.17 kB
.svelte-kit/output/client/_app/immutable/nodes/99.CMcBACbZ.js                                      0.17 kB │ gzip:   0.17 kB
.svelte-kit/output/client/_app/immutable/chunks/SLxhhS6o.js                                        0.18 kB │ gzip:   0.15 kB
.svelte-kit/output/client/_app/immutable/chunks/CkuS7KZN.js                                        0.18 kB │ gzip:   0.15 kB
.svelte-kit/output/client/_app/immutable/chunks/BYGi54AH.js                                        0.18 kB │ gzip:   0.15 kB
.svelte-kit/output/client/_app/immutable/chunks/ASJN8StV.js                                        0.18 kB │ gzip:   0.16 kB
.svelte-kit/output/client/_app/immutable/chunks/__p-OK1U.js                                        0.18 kB │ gzip:   0.17 kB
.svelte-kit/output/client/_app/immutable/chunks/B6P0HM0P.js                                        0.19 kB │ gzip:   0.14 kB
.svelte-kit/output/client/_app/immutable/chunks/BXfokjQa.js                                        0.19 kB │ gzip:   0.15 kB
.svelte-kit/output/client/_app/immutable/chunks/Cq02fsP9.js                                        0.19 kB │ gzip:   0.16 kB
.svelte-kit/output/client/_app/immutable/chunks/BZEj-uVh.js                                        0.20 kB │ gzip:   0.18 kB
.svelte-kit/output/client/_app/immutable/chunks/CMR9KYW2.js                                        0.21 kB │ gzip:   0.19 kB
.svelte-kit/output/client/_app/immutable/chunks/wGaqooAd.js                                        0.22 kB │ gzip:   0.17 kB
.svelte-kit/output/client/_app/immutable/chunks/DgLJP4b3.js                                        0.23 kB │ gzip:   0.21 kB
.svelte-kit/output/client/_app/immutable/chunks/BJolAjIh.js                                        0.23 kB │ gzip:   0.19 kB
.svelte-kit/output/client/_app/immutable/chunks/C5FTSWcy.js                                        0.23 kB │ gzip:   0.18 kB
.svelte-kit/output/client/_app/immutable/chunks/BnbSpKk5.js                                        0.23 kB │ gzip:   0.17 kB
.svelte-kit/output/client/_app/immutable/chunks/CereevS1.js                                        0.24 kB │ gzip:   0.17 kB
.svelte-kit/output/client/_app/immutable/chunks/C2Kl5sJM.js                                        0.24 kB │ gzip:   0.21 kB
.svelte-kit/output/client/_app/immutable/chunks/Da6OrX7q.js                                        0.24 kB │ gzip:   0.19 kB
.svelte-kit/output/client/_app/immutable/chunks/DtoIV8M1.js                                        0.25 kB │ gzip:   0.18 kB
.svelte-kit/output/client/_app/immutable/chunks/tsPuy_IQ.js                                        0.25 kB │ gzip:   0.19 kB
.svelte-kit/output/client/_app/immutable/chunks/DBdDkCeA.js                                        0.26 kB │ gzip:   0.18 kB
.svelte-kit/output/client/_app/immutable/chunks/8cNe_lN7.js                                        0.26 kB │ gzip:   0.20 kB
.svelte-kit/output/client/_app/immutable/chunks/BGotJ-Gt.js                                        0.28 kB │ gzip:   0.19 kB
.svelte-kit/output/client/_app/immutable/chunks/BX5kIoQq.js                                        0.28 kB │ gzip:   0.18 kB
.svelte-kit/output/client/_app/immutable/chunks/CQmM6IM9.js                                        0.28 kB │ gzip:   0.22 kB
.svelte-kit/output/client/_app/immutable/chunks/B7Aq-oyg.js                                        0.29 kB │ gzip:   0.15 kB
.svelte-kit/output/client/_app/immutable/chunks/C-ygNWkD.js                                        0.30 kB │ gzip:   0.19 kB
.svelte-kit/output/client/_app/immutable/chunks/BXM4jTmX.js                                        0.30 kB │ gzip:   0.21 kB
.svelte-kit/output/client/_app/immutable/chunks/BmczeX93.js                                        0.31 kB │ gzip:   0.22 kB
.svelte-kit/output/client/_app/immutable/chunks/CHdL4bol.js                                        0.32 kB │ gzip:   0.24 kB
.svelte-kit/output/client/_app/immutable/chunks/BJTY71-l.js                                        0.32 kB │ gzip:   0.21 kB
.svelte-kit/output/client/_app/immutable/chunks/Bj__wTxG.js                                        0.32 kB │ gzip:   0.27 kB
.svelte-kit/output/client/_app/immutable/chunks/DqNR-XyN.js                                        0.33 kB │ gzip:   0.21 kB
.svelte-kit/output/client/_app/immutable/chunks/CDSC-7s2.js                                        0.33 kB │ gzip:   0.26 kB
.svelte-kit/output/client/_app/immutable/chunks/DRaGgDBn.js                                        0.35 kB │ gzip:   0.20 kB
.svelte-kit/output/client/_app/immutable/chunks/CTGhF_Yh.js                                        0.36 kB │ gzip:   0.26 kB
.svelte-kit/output/client/_app/immutable/chunks/CXZceIvh.js                                        0.36 kB │ gzip:   0.23 kB
.svelte-kit/output/client/_app/immutable/chunks/CuN2G1_b.js                                        0.36 kB │ gzip:   0.25 kB
.svelte-kit/output/client/_app/immutable/chunks/Ld5wqicS.js                                        0.36 kB │ gzip:   0.23 kB
.svelte-kit/output/client/_app/immutable/chunks/CdCtDJx8.js                                        0.36 kB │ gzip:   0.25 kB
.svelte-kit/output/client/_app/immutable/chunks/CK5Aq8fA.js                                        0.37 kB │ gzip:   0.25 kB
.svelte-kit/output/client/_app/immutable/chunks/DyhdoTtk.js                                        0.37 kB │ gzip:   0.29 kB
.svelte-kit/output/client/_app/immutable/chunks/BGKTo5gU.js                                        0.37 kB │ gzip:   0.27 kB
.svelte-kit/output/client/_app/immutable/chunks/BBbMwpMz.js                                        0.37 kB │ gzip:   0.26 kB
.svelte-kit/output/client/_app/immutable/chunks/CMuumvRQ.js                                        0.37 kB │ gzip:   0.25 kB
.svelte-kit/output/client/_app/immutable/chunks/DrtD1ogX.js                                        0.37 kB │ gzip:   0.21 kB
.svelte-kit/output/client/_app/immutable/nodes/1.DXlsLWgP.js                                       0.38 kB │ gzip:   0.27 kB
.svelte-kit/output/client/_app/immutable/chunks/DmBpDXnU.js                                        0.38 kB │ gzip:   0.23 kB
.svelte-kit/output/client/_app/immutable/chunks/B-XXJoo5.js                                        0.38 kB │ gzip:   0.28 kB
.svelte-kit/output/client/_app/immutable/chunks/DF9sGtHn.js                                        0.39 kB │ gzip:   0.27 kB
.svelte-kit/output/client/_app/immutable/chunks/D1ht5jha.js                                        0.39 kB │ gzip:   0.25 kB
.svelte-kit/output/client/_app/immutable/chunks/Dur11GZp.js                                        0.42 kB │ gzip:   0.27 kB
.svelte-kit/output/client/_app/immutable/chunks/CXQROY2v.js                                        0.43 kB │ gzip:   0.27 kB
.svelte-kit/output/client/_app/immutable/chunks/C4BwEKk4.js                                        0.43 kB │ gzip:   0.30 kB
.svelte-kit/output/client/_app/immutable/chunks/Bgqw-DOs.js                                        0.44 kB │ gzip:   0.28 kB
.svelte-kit/output/client/_app/immutable/nodes/25.CEyNi_fq.js                                      0.45 kB │ gzip:   0.29 kB
.svelte-kit/output/client/_app/immutable/chunks/DyAbznGg.js                                        0.46 kB │ gzip:   0.31 kB
.svelte-kit/output/client/_app/immutable/chunks/CkFv4Lv6.js                                        0.46 kB │ gzip:   0.30 kB
.svelte-kit/output/client/_app/immutable/chunks/FvN88m0V.js                                        0.47 kB │ gzip:   0.26 kB
.svelte-kit/output/client/_app/immutable/chunks/_xmTFQLV.js                                        0.48 kB │ gzip:   0.31 kB
.svelte-kit/output/client/_app/immutable/chunks/C3kJ57QO.js                                        0.48 kB │ gzip:   0.28 kB
.svelte-kit/output/client/_app/immutable/chunks/Qzs4DB7J.js                                        0.49 kB │ gzip:   0.32 kB
.svelte-kit/output/client/_app/immutable/chunks/B9REDI8W.js                                        0.50 kB │ gzip:   0.31 kB
.svelte-kit/output/client/_app/immutable/chunks/-UyI9lYi.js                                        0.51 kB │ gzip:   0.30 kB
.svelte-kit/output/client/_app/immutable/chunks/effxbzBs.js                                        0.51 kB │ gzip:   0.34 kB
.svelte-kit/output/client/_app/immutable/chunks/Cb0CrQ0m.js                                        0.53 kB │ gzip:   0.33 kB
.svelte-kit/output/client/_app/immutable/chunks/CM7iWWz3.js                                        0.53 kB │ gzip:   0.30 kB
.svelte-kit/output/client/_app/immutable/chunks/jzw03CWU.js                                        0.53 kB │ gzip:   0.35 kB
.svelte-kit/output/client/_app/immutable/chunks/Dm8JUYGD.js                                        0.54 kB │ gzip:   0.28 kB
.svelte-kit/output/client/_app/immutable/chunks/ZUmAsnkB.js                                        0.54 kB │ gzip:   0.34 kB
.svelte-kit/output/client/_app/immutable/chunks/-rXBZJNa.js                                        0.55 kB │ gzip:   0.31 kB
.svelte-kit/output/client/_app/immutable/chunks/CuZ6zWFh.js                                        0.56 kB │ gzip:   0.39 kB
.svelte-kit/output/client/_app/immutable/chunks/CZAAe3zu.js                                        0.60 kB │ gzip:   0.36 kB
.svelte-kit/output/client/_app/immutable/chunks/BlhkLhJT.js                                        0.61 kB │ gzip:   0.33 kB
.svelte-kit/output/client/_app/immutable/chunks/CXgWVOl-.js                                        0.62 kB │ gzip:   0.41 kB
.svelte-kit/output/client/_app/immutable/chunks/Dtz-Jr2K.js                                        0.63 kB │ gzip:   0.42 kB
.svelte-kit/output/client/_app/immutable/chunks/BEOye62G.js                                        0.64 kB │ gzip:   0.37 kB
.svelte-kit/output/client/_app/immutable/chunks/BuKM7tbP.js                                        0.65 kB │ gzip:   0.42 kB
.svelte-kit/output/client/_app/immutable/chunks/Dh-DcOLR.js                                        0.67 kB │ gzip:   0.44 kB
.svelte-kit/output/client/_app/immutable/chunks/Byl_D19b.js                                        0.68 kB │ gzip:   0.39 kB
.svelte-kit/output/client/_app/immutable/chunks/MUtI-521.js                                        0.68 kB │ gzip:   0.46 kB
.svelte-kit/output/client/_app/immutable/chunks/n9uKBa-H.js                                        0.69 kB │ gzip:   0.44 kB
.svelte-kit/output/client/_app/immutable/nodes/81.D2eftAmc.js                                      0.69 kB │ gzip:   0.44 kB
.svelte-kit/output/client/_app/immutable/chunks/ClMrgZWq.js                                        0.69 kB │ gzip:   0.43 kB
.svelte-kit/output/client/_app/immutable/chunks/1y2jlTl_.js                                        0.69 kB │ gzip:   0.45 kB
.svelte-kit/output/client/_app/immutable/chunks/DQqdFW2U.js                                        0.69 kB │ gzip:   0.37 kB
.svelte-kit/output/client/_app/immutable/chunks/Dcfu646u.js                                        0.71 kB │ gzip:   0.42 kB
.svelte-kit/output/client/_app/immutable/chunks/BoxwlJVK.js                                        0.72 kB │ gzip:   0.45 kB
.svelte-kit/output/client/_app/immutable/chunks/C3K4BGIJ.js                                        0.72 kB │ gzip:   0.40 kB
.svelte-kit/output/client/_app/immutable/chunks/DI4d7pmm.js                                        0.73 kB │ gzip:   0.40 kB
.svelte-kit/output/client/_app/immutable/chunks/DX1S2RnY.js                                        0.75 kB │ gzip:   0.42 kB
.svelte-kit/output/client/_app/immutable/chunks/Czfn8Ojs.js                                        0.75 kB │ gzip:   0.39 kB
.svelte-kit/output/client/_app/immutable/chunks/D8vojqcN.js                                        0.76 kB │ gzip:   0.40 kB
.svelte-kit/output/client/_app/immutable/chunks/CFa3Dise.js                                        0.77 kB │ gzip:   0.43 kB
.svelte-kit/output/client/_app/immutable/chunks/DwGNQrtg.js                                        0.79 kB │ gzip:   0.40 kB
.svelte-kit/output/client/_app/immutable/chunks/Bxuotnsl.js                                        0.81 kB │ gzip:   0.45 kB
.svelte-kit/output/client/_app/immutable/chunks/VBvJOMxP.js                                        0.81 kB │ gzip:   0.45 kB
.svelte-kit/output/client/_app/immutable/chunks/hxWGAqpf.js                                        0.83 kB │ gzip:   0.41 kB
.svelte-kit/output/client/_app/immutable/chunks/jjg2hDNe.js                                        0.83 kB │ gzip:   0.51 kB
.svelte-kit/output/client/_app/immutable/chunks/CkOVtG4I.js                                        0.84 kB │ gzip:   0.39 kB
.svelte-kit/output/client/_app/immutable/chunks/F_yZ04wN.js                                        0.84 kB │ gzip:   0.52 kB
.svelte-kit/output/client/_app/immutable/chunks/Bi1kLlgI.js                                        0.84 kB │ gzip:   0.48 kB
.svelte-kit/output/client/_app/immutable/chunks/BkY10QhV.js                                        0.85 kB │ gzip:   0.41 kB
.svelte-kit/output/client/_app/immutable/chunks/DZpRK15T.js                                        0.86 kB │ gzip:   0.45 kB
.svelte-kit/output/client/_app/immutable/chunks/aj79k3_r.js                                        0.87 kB │ gzip:   0.40 kB
.svelte-kit/output/client/_app/immutable/chunks/BzROy90J.js                                        0.89 kB │ gzip:   0.48 kB
.svelte-kit/output/client/_app/immutable/chunks/CQ5GBF6_.js                                        0.92 kB │ gzip:   0.53 kB
.svelte-kit/output/client/_app/immutable/chunks/BvYDcTaR.js                                        0.96 kB │ gzip:   0.55 kB
.svelte-kit/output/client/_app/immutable/chunks/C56Cbh7Z.js                                        0.99 kB │ gzip:   0.49 kB
.svelte-kit/output/client/_app/immutable/chunks/FA8R00Yr.js                                        1.00 kB │ gzip:   0.54 kB
.svelte-kit/output/client/_app/immutable/chunks/CjCOMZrB.js                                        1.02 kB │ gzip:   0.58 kB
.svelte-kit/output/client/_app/immutable/chunks/D8AqxO33.js                                        1.03 kB │ gzip:   0.58 kB
.svelte-kit/output/client/_app/immutable/chunks/BeBAkJG1.js                                        1.04 kB │ gzip:   0.57 kB
.svelte-kit/output/client/_app/immutable/chunks/C93wNq_c.js                                        1.05 kB │ gzip:   0.55 kB
.svelte-kit/output/client/_app/immutable/chunks/CKPtasTr.js                                        1.07 kB │ gzip:   0.63 kB
.svelte-kit/output/client/_app/immutable/chunks/BrFpzaWE.js                                        1.07 kB │ gzip:   0.57 kB
.svelte-kit/output/client/_app/immutable/chunks/Ba5Ohlrc.js                                        1.08 kB │ gzip:   0.62 kB
.svelte-kit/output/client/_app/immutable/chunks/DaeaNExf.js                                        1.08 kB │ gzip:   0.58 kB
.svelte-kit/output/client/_app/immutable/chunks/DlTca-5K.js                                        1.12 kB │ gzip:   0.60 kB
.svelte-kit/output/client/_app/immutable/chunks/BoIajNw8.js                                        1.12 kB │ gzip:   0.40 kB
.svelte-kit/output/client/_app/immutable/chunks/DHgDgkJC.js                                        1.15 kB │ gzip:   0.59 kB
.svelte-kit/output/client/_app/immutable/chunks/d8lEx_ZT.js                                        1.16 kB │ gzip:   0.62 kB
.svelte-kit/output/client/_app/immutable/chunks/YPGa3PQP.js                                        1.16 kB │ gzip:   0.69 kB
.svelte-kit/output/client/_app/immutable/chunks/DDPBcjkt.js                                        1.17 kB │ gzip:   0.66 kB
.svelte-kit/output/client/_app/immutable/chunks/CE4eceHn.js                                        1.22 kB │ gzip:   0.72 kB
.svelte-kit/output/client/_app/immutable/nodes/41.C1GQhZjI.js                                      1.25 kB │ gzip:   0.70 kB
.svelte-kit/output/client/_app/immutable/chunks/Dp1pzeXC.js                                        1.27 kB │ gzip:   0.73 kB
.svelte-kit/output/client/_app/immutable/chunks/CYvkKnas.js                                        1.28 kB │ gzip:   0.52 kB
.svelte-kit/output/client/_app/immutable/chunks/8rQpeU9Q.js                                        1.28 kB │ gzip:   0.67 kB
.svelte-kit/output/client/_app/immutable/chunks/B5k0Cv-Q.js                                        1.29 kB │ gzip:   0.79 kB
.svelte-kit/output/client/_app/immutable/chunks/BTzJmz6k.js                                        1.29 kB │ gzip:   0.75 kB
.svelte-kit/output/client/_app/immutable/chunks/wbPk3Yxo.js                                        1.37 kB │ gzip:   0.66 kB
.svelte-kit/output/client/_app/immutable/chunks/nBtJqQXy.js                                        1.39 kB │ gzip:   0.67 kB
.svelte-kit/output/client/_app/immutable/chunks/CiWow26T.js                                        1.41 kB │ gzip:   0.85 kB
.svelte-kit/output/client/_app/immutable/chunks/H0Jzc5D-.js                                        1.44 kB │ gzip:   0.67 kB
.svelte-kit/output/client/_app/immutable/chunks/BxKZYAAC.js                                        1.44 kB │ gzip:   0.75 kB
.svelte-kit/output/client/_app/immutable/chunks/Dz-9PJvg.js                                        1.48 kB │ gzip:   0.65 kB
.svelte-kit/output/client/_app/immutable/chunks/DmB5ISWV.js                                        1.48 kB │ gzip:   0.68 kB
.svelte-kit/output/client/_app/immutable/chunks/DVhglEmt.js                                        1.51 kB │ gzip:   0.76 kB
.svelte-kit/output/client/_app/immutable/chunks/CB_qq-IC.js                                        1.51 kB │ gzip:   0.73 kB
.svelte-kit/output/client/_app/immutable/chunks/xoGMlkzR.js                                        1.53 kB │ gzip:   0.73 kB
.svelte-kit/output/client/_app/immutable/nodes/26.CbmiF2HU.js                                      1.53 kB │ gzip:   0.75 kB
.svelte-kit/output/client/_app/immutable/chunks/BwYfj_yp.js                                        1.53 kB │ gzip:   0.71 kB
.svelte-kit/output/client/_app/immutable/chunks/BByYQP7h.js                                        1.53 kB │ gzip:   0.82 kB
.svelte-kit/output/client/_app/immutable/chunks/CrTpJpKM.js                                        1.55 kB │ gzip:   0.64 kB
.svelte-kit/output/client/_app/immutable/chunks/ZOJpuqhe.js                                        1.55 kB │ gzip:   0.90 kB
.svelte-kit/output/client/_app/immutable/chunks/CJNZqGge.js                                        1.56 kB │ gzip:   0.92 kB
.svelte-kit/output/client/_app/immutable/chunks/Dtl2x_f8.js                                        1.62 kB │ gzip:   0.81 kB
.svelte-kit/output/client/_app/immutable/chunks/DCpbDhDH.js                                        1.63 kB │ gzip:   0.91 kB
.svelte-kit/output/client/_app/immutable/chunks/BeXZdoqs.js                                        1.63 kB │ gzip:   0.85 kB
.svelte-kit/output/client/_app/immutable/chunks/KdGNKvJn.js                                        1.68 kB │ gzip:   0.73 kB
.svelte-kit/output/client/_app/immutable/chunks/CVXUBnXp.js                                        1.68 kB │ gzip:   0.92 kB
.svelte-kit/output/client/_app/immutable/chunks/DdspZlUy.js                                        1.72 kB │ gzip:   0.83 kB
.svelte-kit/output/client/_app/immutable/chunks/hinC8bVa.js                                        1.73 kB │ gzip:   0.65 kB
.svelte-kit/output/client/_app/immutable/chunks/CyhkDENt.js                                        1.74 kB │ gzip:   0.94 kB
.svelte-kit/output/client/_app/immutable/chunks/B-wO2GSA.js                                        1.81 kB │ gzip:   0.93 kB
.svelte-kit/output/client/_app/immutable/chunks/iiJiWqB5.js                                        1.81 kB │ gzip:   0.91 kB
.svelte-kit/output/client/_app/immutable/chunks/DsxApkWn.js                                        1.82 kB │ gzip:   0.61 kB
.svelte-kit/output/client/_app/immutable/chunks/C_mJ9R0i.js                                        1.85 kB │ gzip:   0.97 kB
.svelte-kit/output/client/_app/immutable/chunks/C40uq-_L.js                                        1.85 kB │ gzip:   0.77 kB
.svelte-kit/output/client/_app/immutable/chunks/rgnQAqPU.js                                        1.86 kB │ gzip:   0.91 kB
.svelte-kit/output/client/_app/immutable/chunks/B_HuctcO.js                                        1.86 kB │ gzip:   1.01 kB
.svelte-kit/output/client/_app/immutable/chunks/DX5UhK0c.js                                        1.88 kB │ gzip:   0.94 kB
.svelte-kit/output/client/_app/immutable/nodes/113.Dn9iluQr.js                                     1.90 kB │ gzip:   0.98 kB
.svelte-kit/output/client/_app/immutable/chunks/DzWZYoBN.js                                        1.91 kB │ gzip:   0.92 kB
.svelte-kit/output/client/_app/immutable/chunks/DVU77PWN.js                                        1.94 kB │ gzip:   0.97 kB
.svelte-kit/output/client/_app/immutable/chunks/BApenPx-.js                                        1.95 kB │ gzip:   0.85 kB
.svelte-kit/output/client/_app/immutable/chunks/Cxuov_mk.js                                        1.96 kB │ gzip:   1.05 kB
.svelte-kit/output/client/_app/immutable/chunks/qZAbl_rM.js                                        1.97 kB │ gzip:   1.08 kB
.svelte-kit/output/client/_app/immutable/chunks/DhN5Ghfc.js                                        1.98 kB │ gzip:   0.73 kB
.svelte-kit/output/client/_app/immutable/chunks/jRg0srZl.js                                        2.01 kB │ gzip:   0.95 kB
.svelte-kit/output/client/_app/immutable/chunks/C4dIhP7k.js                                        2.07 kB │ gzip:   1.10 kB
.svelte-kit/output/client/_app/immutable/chunks/Diy81Rar.js                                        2.07 kB │ gzip:   1.02 kB
.svelte-kit/output/client/_app/immutable/chunks/Cwm8BWCV.js                                        2.11 kB │ gzip:   0.88 kB
.svelte-kit/output/client/_app/immutable/chunks/Ck0lEJsE.js                                        2.13 kB │ gzip:   0.97 kB
.svelte-kit/output/client/_app/immutable/chunks/Cyh1qaT-.js                                        2.17 kB │ gzip:   1.14 kB
.svelte-kit/output/client/_app/immutable/chunks/DCmG6f1A.js                                        2.17 kB │ gzip:   1.10 kB
.svelte-kit/output/client/_app/immutable/chunks/Fj-IFhFK.js                                        2.18 kB │ gzip:   0.79 kB
.svelte-kit/output/client/_app/immutable/chunks/h0vik2L1.js                                        2.19 kB │ gzip:   1.15 kB
.svelte-kit/output/client/_app/immutable/chunks/CHFdPifL.js                                        2.27 kB │ gzip:   1.25 kB
.svelte-kit/output/client/_app/immutable/chunks/Byk3fgUW.js                                        2.29 kB │ gzip:   1.20 kB
.svelte-kit/output/client/_app/immutable/chunks/Bkxso0jL.js                                        2.29 kB │ gzip:   1.14 kB
.svelte-kit/output/client/_app/immutable/chunks/DKXAaDeX.js                                        2.30 kB │ gzip:   1.33 kB
.svelte-kit/output/client/_app/immutable/chunks/Cdsay2MN.js                                        2.35 kB │ gzip:   0.98 kB
.svelte-kit/output/client/_app/immutable/chunks/D7u_h_ZB.js                                        2.41 kB │ gzip:   1.13 kB
.svelte-kit/output/client/_app/immutable/chunks/BStkj9GB.js                                        2.42 kB │ gzip:   1.06 kB
.svelte-kit/output/client/_app/immutable/chunks/FN-iMIll.js                                        2.43 kB │ gzip:   1.15 kB
.svelte-kit/output/client/_app/immutable/nodes/92.EEQJlwno.js                                      2.47 kB │ gzip:   1.23 kB
.svelte-kit/output/client/_app/immutable/chunks/wxkofBhX.js                                        2.49 kB │ gzip:   0.81 kB
.svelte-kit/output/client/_app/immutable/chunks/DBWE_dza.js                                        2.54 kB │ gzip:   1.29 kB
.svelte-kit/output/client/_app/immutable/chunks/C7wU-J9q.js                                        2.59 kB │ gzip:   1.14 kB
.svelte-kit/output/client/_app/immutable/chunks/DIYyOrWJ.js                                        2.60 kB │ gzip:   1.14 kB
.svelte-kit/output/client/_app/immutable/chunks/sQJElKXE.js                                        2.63 kB │ gzip:   1.36 kB
.svelte-kit/output/client/_app/immutable/nodes/105.C7PdwUph.js                                     2.77 kB │ gzip:   1.43 kB
.svelte-kit/output/client/_app/immutable/chunks/DeY5uzvN.js                                        2.81 kB │ gzip:   1.25 kB
.svelte-kit/output/client/_app/immutable/chunks/fOcy0f1B.js                                        2.83 kB │ gzip:   1.35 kB
.svelte-kit/output/client/_app/immutable/chunks/BmeRlJDU.js                                        2.83 kB │ gzip:   1.40 kB
.svelte-kit/output/client/_app/immutable/chunks/Dirr5Ept.js                                        2.83 kB │ gzip:   1.30 kB
.svelte-kit/output/client/_app/immutable/chunks/CQgks5l7.js                                        2.89 kB │ gzip:   1.35 kB
.svelte-kit/output/client/_app/immutable/chunks/DbHxKPXo.js                                        2.89 kB │ gzip:   1.08 kB
.svelte-kit/output/client/_app/immutable/chunks/C7wtPWDF.js                                        2.89 kB │ gzip:   1.47 kB
.svelte-kit/output/client/_app/immutable/chunks/sQHWaYIe.js                                        2.94 kB │ gzip:   1.13 kB
.svelte-kit/output/client/_app/immutable/chunks/BlWrMQJB.js                                        2.94 kB │ gzip:   1.35 kB
.svelte-kit/output/client/_app/immutable/chunks/oaPBr3BA.js                                        2.94 kB │ gzip:   0.87 kB
.svelte-kit/output/client/_app/immutable/chunks/DYVCDYoC.js                                        2.96 kB │ gzip:   1.06 kB
.svelte-kit/output/client/_app/immutable/chunks/BjjGvOMg.js                                        2.98 kB │ gzip:   1.54 kB
.svelte-kit/output/client/_app/immutable/nodes/98.CMZd-moR.js                                      2.98 kB │ gzip:   1.47 kB
.svelte-kit/output/client/_app/immutable/nodes/107.DJZXteYz.js                                     3.00 kB │ gzip:   1.36 kB
.svelte-kit/output/client/_app/immutable/chunks/irh4FQgc.js                                        3.04 kB │ gzip:   1.32 kB
.svelte-kit/output/client/_app/immutable/chunks/DUcbO0IV.js                                        3.10 kB │ gzip:   1.37 kB
.svelte-kit/output/client/_app/immutable/chunks/DyHwsxMq.js                                        3.24 kB │ gzip:   1.55 kB
.svelte-kit/output/client/_app/immutable/chunks/DZSFDEU0.js                                        3.34 kB │ gzip:   1.32 kB
.svelte-kit/output/client/_app/immutable/chunks/D3onxSOY.js                                        3.38 kB │ gzip:   1.39 kB
.svelte-kit/output/client/_app/immutable/chunks/B0kQFh3R.js                                        3.44 kB │ gzip:   1.66 kB
.svelte-kit/output/client/_app/immutable/chunks/Bhgt19c5.js                                        3.45 kB │ gzip:   1.44 kB
.svelte-kit/output/client/_app/immutable/chunks/DD8hPB8Z.js                                        3.45 kB │ gzip:   1.53 kB
.svelte-kit/output/client/_app/immutable/chunks/Oe4h_TbQ.js                                        3.50 kB │ gzip:   1.64 kB
.svelte-kit/output/client/_app/immutable/chunks/DnSn8YOY.js                                        3.51 kB │ gzip:   1.63 kB
.svelte-kit/output/client/_app/immutable/chunks/4sWmKUlV.js                                        3.62 kB │ gzip:   1.37 kB
.svelte-kit/output/client/_app/immutable/chunks/CpW67__t.js                                        3.62 kB │ gzip:   1.46 kB
.svelte-kit/output/client/_app/immutable/chunks/C00_-m51.js                                        3.70 kB │ gzip:   1.79 kB
.svelte-kit/output/client/_app/immutable/chunks/brRnbLC9.js                                        3.77 kB │ gzip:   1.79 kB
.svelte-kit/output/client/_app/immutable/chunks/Dh49uqmB.js                                        3.80 kB │ gzip:   1.69 kB
.svelte-kit/output/client/_app/immutable/chunks/CxWiSc8I.js                                        3.80 kB │ gzip:   1.51 kB
.svelte-kit/output/client/_app/immutable/chunks/CJqvLrvM.js                                        3.94 kB │ gzip:   1.84 kB
.svelte-kit/output/client/_app/immutable/chunks/YEIktdyU.js                                        3.97 kB │ gzip:   1.71 kB
.svelte-kit/output/client/_app/immutable/chunks/BugfaUSg.js                                        4.01 kB │ gzip:   1.95 kB
.svelte-kit/output/client/_app/immutable/chunks/CFUHO-ki.js                                        4.02 kB │ gzip:   1.22 kB
.svelte-kit/output/client/_app/immutable/chunks/Dk6nXFWl.js                                        4.08 kB │ gzip:   1.58 kB
.svelte-kit/output/client/_app/immutable/chunks/NlvX0UgW.js                                        4.10 kB │ gzip:   1.71 kB
.svelte-kit/output/client/_app/immutable/nodes/61.Deg7qOaO.js                                      4.11 kB │ gzip:   1.74 kB
.svelte-kit/output/client/_app/immutable/chunks/55MUKx9_.js                                        4.15 kB │ gzip:   1.84 kB
.svelte-kit/output/client/_app/immutable/chunks/aVxohf_L.js                                        4.22 kB │ gzip:   1.55 kB
.svelte-kit/output/client/_app/immutable/chunks/sWiWymAC.js                                        4.22 kB │ gzip:   1.95 kB
.svelte-kit/output/client/_app/immutable/chunks/LeIn9Byo.js                                        4.25 kB │ gzip:   1.43 kB
.svelte-kit/output/client/_app/immutable/chunks/BMUt3wRi.js                                        4.28 kB │ gzip:   2.04 kB
.svelte-kit/output/client/_app/immutable/nodes/80.ChIohbqr.js                                      4.29 kB │ gzip:   1.93 kB
.svelte-kit/output/client/_app/immutable/chunks/BgV-oTtI.js                                        4.31 kB │ gzip:   1.50 kB
.svelte-kit/output/client/_app/immutable/chunks/p_mU7ypL.js                                        4.34 kB │ gzip:   2.09 kB
.svelte-kit/output/client/_app/immutable/chunks/B0-CAdxI.js                                        4.47 kB │ gzip:   1.94 kB
.svelte-kit/output/client/_app/immutable/chunks/gWH6bJvf.js                                        4.64 kB │ gzip:   1.77 kB
.svelte-kit/output/client/_app/immutable/chunks/BQnSUCxR.js                                        4.68 kB │ gzip:   1.79 kB
.svelte-kit/output/client/_app/immutable/chunks/CPJwIVcc.js                                        4.80 kB │ gzip:   1.84 kB
.svelte-kit/output/client/_app/immutable/chunks/DxGSHLD-.js                                        4.80 kB │ gzip:   2.19 kB
.svelte-kit/output/client/_app/immutable/chunks/BfXYPtLe.js                                        4.85 kB │ gzip:   2.10 kB
.svelte-kit/output/client/_app/immutable/chunks/CHiFw-nH.js                                        4.88 kB │ gzip:   2.29 kB
.svelte-kit/output/client/_app/immutable/chunks/D0y7aZNN.js                                        4.94 kB │ gzip:   1.80 kB
.svelte-kit/output/client/_app/immutable/chunks/nEIz9TFw.js                                        4.95 kB │ gzip:   1.56 kB
.svelte-kit/output/client/_app/immutable/chunks/D-humpaa.js                                        4.96 kB │ gzip:   2.29 kB
.svelte-kit/output/client/_app/immutable/chunks/CmRlW-9-.js                                        5.02 kB │ gzip:   2.26 kB
.svelte-kit/output/client/_app/immutable/chunks/CHLa0SmA.js                                        5.03 kB │ gzip:   2.01 kB
.svelte-kit/output/client/_app/immutable/chunks/B67_9U4j.js                                        5.05 kB │ gzip:   2.49 kB
.svelte-kit/output/client/_app/immutable/chunks/CtOnbLso.js                                        5.16 kB │ gzip:   2.10 kB
.svelte-kit/output/client/_app/immutable/chunks/CN46mdYk.js                                        5.22 kB │ gzip:   2.05 kB
.svelte-kit/output/client/_app/immutable/chunks/tyQrMib1.js                                        5.29 kB │ gzip:   2.44 kB
.svelte-kit/output/client/_app/immutable/chunks/xEy7l8jq.js                                        5.40 kB │ gzip:   2.04 kB
.svelte-kit/output/client/_app/immutable/chunks/C2Pc2SpT.js                                        5.45 kB │ gzip:   2.24 kB
.svelte-kit/output/client/_app/immutable/chunks/WuSeDwhV.js                                        5.55 kB │ gzip:   1.71 kB
.svelte-kit/output/client/_app/immutable/nodes/22.BURB32rA.js                                      5.84 kB │ gzip:   2.65 kB
.svelte-kit/output/client/_app/immutable/chunks/DIjtC9CB.js                                        5.92 kB │ gzip:   2.11 kB
.svelte-kit/output/client/_app/immutable/nodes/70.BbvU6l8_.js                                      6.04 kB │ gzip:   2.53 kB
.svelte-kit/output/client/_app/immutable/chunks/PSpsjRN_.js                                        6.10 kB │ gzip:   2.53 kB
.svelte-kit/output/client/_app/immutable/nodes/54.DwwbV55i.js                                      6.21 kB │ gzip:   2.76 kB
.svelte-kit/output/client/_app/immutable/chunks/D0ZXx80e.js                                        6.25 kB │ gzip:   2.70 kB
.svelte-kit/output/client/_app/immutable/nodes/29.DcpJna1L.js                                      6.44 kB │ gzip:   2.88 kB
.svelte-kit/output/client/_app/immutable/chunks/CJqmHm_-.js                                        6.46 kB │ gzip:   2.52 kB
.svelte-kit/output/client/_app/immutable/chunks/0Z72E_ta.js                                        6.54 kB │ gzip:   2.70 kB
.svelte-kit/output/client/_app/immutable/chunks/tEFM8L6X.js                                        6.74 kB │ gzip:   2.99 kB
.svelte-kit/output/client/_app/immutable/chunks/BPvTZ-8u.js                                        6.77 kB │ gzip:   2.69 kB
.svelte-kit/output/client/_app/immutable/chunks/Bl-5eRS6.js                                        6.81 kB │ gzip:   2.68 kB
.svelte-kit/output/client/_app/immutable/chunks/DXEGAdAX.js                                        6.87 kB │ gzip:   2.23 kB
.svelte-kit/output/client/_app/immutable/nodes/57.Cdzvbq4M.js                                      6.93 kB │ gzip:   2.81 kB
.svelte-kit/output/client/_app/immutable/chunks/Bka8N545.js                                        7.00 kB │ gzip:   2.97 kB
.svelte-kit/output/client/_app/immutable/nodes/55.Dzs_Yzm2.js                                      7.18 kB │ gzip:   2.96 kB
.svelte-kit/output/client/_app/immutable/nodes/89.D692Tw_6.js                                      7.21 kB │ gzip:   2.95 kB
.svelte-kit/output/client/_app/immutable/chunks/CxAKjtGw.js                                        7.28 kB │ gzip:   3.29 kB
.svelte-kit/output/client/_app/immutable/nodes/108.B-SrqtRX.js                                     7.43 kB │ gzip:   3.25 kB
.svelte-kit/output/client/_app/immutable/nodes/21.DvOP5-95.js                                      7.57 kB │ gzip:   3.37 kB
.svelte-kit/output/client/_app/immutable/chunks/DmoEAFNR.js                                        7.65 kB │ gzip:   3.34 kB
.svelte-kit/output/client/_app/immutable/nodes/122.DqKBVy0n.js                                     7.79 kB │ gzip:   3.51 kB
.svelte-kit/output/client/_app/immutable/chunks/r2ogBa56.js                                        7.83 kB │ gzip:   1.39 kB
.svelte-kit/output/client/_app/immutable/chunks/BuCIYycD.js                                        8.02 kB │ gzip:   3.26 kB
.svelte-kit/output/client/_app/immutable/chunks/Bf5CGCSK.js                                        8.06 kB │ gzip:   3.09 kB
.svelte-kit/output/client/_app/immutable/nodes/109.CZhDCdgX.js                                     8.14 kB │ gzip:   3.20 kB
.svelte-kit/output/client/_app/immutable/nodes/20.CISe3WHd.js                                      8.57 kB │ gzip:   3.65 kB
.svelte-kit/output/client/_app/immutable/chunks/CN-irnh1.js                                        8.70 kB │ gzip:   3.34 kB
.svelte-kit/output/client/_app/immutable/nodes/35.Wgfp3hzz.js                                      8.72 kB │ gzip:   3.83 kB
.svelte-kit/output/client/_app/immutable/nodes/97.ClX3NY4G.js                                      9.13 kB │ gzip:   3.50 kB
.svelte-kit/output/client/_app/immutable/nodes/79.D4bAYCrg.js                                      9.25 kB │ gzip:   3.50 kB
.svelte-kit/output/client/_app/immutable/nodes/86.ZTcjkLNf.js                                      9.26 kB │ gzip:   3.62 kB
.svelte-kit/output/client/_app/immutable/nodes/63.DfIeZnhr.js                                      9.39 kB │ gzip:   3.65 kB
.svelte-kit/output/client/_app/immutable/nodes/117.fvPfLyFE.js                                    10.06 kB │ gzip:   4.04 kB
.svelte-kit/output/client/_app/immutable/chunks/DMQ81Xgr.js                                       10.31 kB │ gzip:   4.26 kB
.svelte-kit/output/client/_app/immutable/chunks/B-WqkVFz.js                                       10.40 kB │ gzip:   4.12 kB
.svelte-kit/output/client/_app/immutable/chunks/ZfQH61GK.js                                       10.66 kB │ gzip:   3.46 kB
.svelte-kit/output/client/_app/immutable/nodes/88.nos-lZtT.js                                     10.87 kB │ gzip:   4.33 kB
.svelte-kit/output/client/_app/immutable/nodes/112.BM4h-Ob4.js                                    11.17 kB │ gzip:   4.69 kB
.svelte-kit/output/client/_app/immutable/nodes/31.eIokPh2c.js                                     11.63 kB │ gzip:   4.56 kB
.svelte-kit/output/client/_app/immutable/chunks/DodkQzTd.js                                       11.72 kB │ gzip:   4.47 kB
.svelte-kit/output/client/_app/immutable/chunks/C4-IXbCf.js                                       11.72 kB │ gzip:   3.76 kB
.svelte-kit/output/client/_app/immutable/nodes/17.AAIvxAc5.js                                     11.93 kB │ gzip:   4.25 kB
.svelte-kit/output/client/_app/immutable/nodes/4.WZFsin4X.js                                      12.01 kB │ gzip:   4.54 kB
.svelte-kit/output/client/_app/immutable/nodes/69.Dc-aNpHv.js                                     12.08 kB │ gzip:   4.88 kB
.svelte-kit/output/client/_app/immutable/chunks/C5npLg8N.js                                       12.14 kB │ gzip:   4.04 kB
.svelte-kit/output/client/_app/immutable/chunks/BpIRAUoY.js                                       12.47 kB │ gzip:   5.21 kB
.svelte-kit/output/client/_app/immutable/nodes/51.BdX10pGY.js                                     12.83 kB │ gzip:   4.90 kB
.svelte-kit/output/client/_app/immutable/nodes/32.B-I41jKY.js                                     13.76 kB │ gzip:   5.32 kB
.svelte-kit/output/client/_app/immutable/nodes/16.BeV09o66.js                                     13.91 kB │ gzip:   5.05 kB
.svelte-kit/output/client/_app/immutable/chunks/BwwLsV2_.js                                       14.04 kB │ gzip:   5.03 kB
.svelte-kit/output/client/_app/immutable/nodes/38.CwvDBe8x.js                                     14.57 kB │ gzip:   6.26 kB
.svelte-kit/output/client/_app/immutable/nodes/18.DLkyRew0.js                                     15.17 kB │ gzip:   5.67 kB
.svelte-kit/output/client/_app/immutable/chunks/C1EnDGua.js                                       15.20 kB │ gzip:   5.77 kB
.svelte-kit/output/client/_app/immutable/nodes/3.CAt3w8wf.js                                      15.80 kB │ gzip:   6.00 kB
.svelte-kit/output/client/_app/immutable/chunks/C6xHUsg2.js                                       15.83 kB │ gzip:   6.83 kB
.svelte-kit/output/client/_app/immutable/nodes/36.BsoBo2FR.js                                     16.02 kB │ gzip:   6.38 kB
.svelte-kit/output/client/_app/immutable/nodes/37.DILHHilf.js                                     17.00 kB │ gzip:   6.60 kB
.svelte-kit/output/client/_app/immutable/nodes/28.CMBgpoiW.js                                     17.13 kB │ gzip:   6.04 kB
.svelte-kit/output/client/_app/immutable/chunks/CUlXSc0t.js                                       17.93 kB │ gzip:   6.63 kB
.svelte-kit/output/client/_app/immutable/nodes/49.DnSt7Xlg.js                                     18.00 kB │ gzip:   6.79 kB
.svelte-kit/output/client/_app/immutable/chunks/Dksvxr0I.js                                       18.75 kB │ gzip:   7.73 kB
.svelte-kit/output/client/_app/immutable/nodes/118.BPJYUO1c.js                                    20.77 kB │ gzip:   7.83 kB
.svelte-kit/output/client/_app/immutable/nodes/9.DcPi2VFe.js                                      21.75 kB │ gzip:   8.15 kB
.svelte-kit/output/client/_app/immutable/nodes/42.Sijqorrv.js                                     21.96 kB │ gzip:   8.40 kB
.svelte-kit/output/client/_app/immutable/chunks/DEyIt0e-.js                                       22.31 kB │ gzip:   5.69 kB
.svelte-kit/output/client/_app/immutable/nodes/116.DDSyZuO4.js                                    22.44 kB │ gzip:   8.05 kB
.svelte-kit/output/client/_app/immutable/chunks/ComBUVDx.js                                       22.90 kB │ gzip:   8.04 kB
.svelte-kit/output/client/_app/immutable/nodes/7.0djIC4iR.js                                      23.16 kB │ gzip:   8.69 kB
.svelte-kit/output/client/_app/immutable/nodes/5.BxmyO5kU.js                                      23.17 kB │ gzip:   8.25 kB
.svelte-kit/output/client/_app/immutable/chunks/RM0AHrY8.js                                       24.02 kB │ gzip:   9.33 kB
.svelte-kit/output/client/_app/immutable/nodes/114.DI3Xoecr.js                                    24.19 kB │ gzip:   9.24 kB
.svelte-kit/output/client/_app/immutable/nodes/8.aGmPf44m.js                                      26.38 kB │ gzip:   9.41 kB
.svelte-kit/output/client/_app/immutable/nodes/121.oAQ2FFSB.js                                    28.37 kB │ gzip:   9.73 kB
.svelte-kit/output/client/_app/immutable/nodes/40.C93truC0.js                                     28.87 kB │ gzip:  13.85 kB
.svelte-kit/output/client/_app/immutable/nodes/53.DjMwUyFB.js                                     30.87 kB │ gzip:   9.89 kB
.svelte-kit/output/client/_app/immutable/chunks/tHfljsLV.js                                       31.07 kB │ gzip:  12.82 kB
.svelte-kit/output/client/_app/immutable/nodes/13.vjaAdmED.js                                     31.98 kB │ gzip:  11.30 kB
.svelte-kit/output/client/_app/immutable/nodes/12.sYULNele.js                                     32.14 kB │ gzip:  11.08 kB
.svelte-kit/output/client/_app/immutable/nodes/10.BgWa4yFL.js                                     32.53 kB │ gzip:  10.85 kB
.svelte-kit/output/client/_app/immutable/nodes/106.Ck8Msne6.js                                    33.33 kB │ gzip:  12.11 kB
.svelte-kit/output/client/_app/immutable/nodes/11.fbyySSd9.js                                     34.94 kB │ gzip:  12.43 kB
.svelte-kit/output/client/_app/immutable/nodes/14.BduYxfzd.js                                     35.98 kB │ gzip:  12.63 kB
.svelte-kit/output/client/_app/immutable/chunks/CoArI9bG.js                                       36.23 kB │ gzip:  14.11 kB
.svelte-kit/output/client/_app/immutable/nodes/15.CIp7EwEn.js                                     37.24 kB │ gzip:  12.48 kB
.svelte-kit/output/client/_app/immutable/chunks/BDjOuIKD.js                                       38.04 kB │ gzip:  10.77 kB
.svelte-kit/output/client/_app/immutable/chunks/BSjULuHD.js                                       40.25 kB │ gzip:  15.71 kB
.svelte-kit/output/client/_app/immutable/nodes/34.B9fT90XY.js                                     40.85 kB │ gzip:  13.18 kB
.svelte-kit/output/client/_app/immutable/chunks/BKiSi350.js                                       41.10 kB │ gzip:  15.51 kB
.svelte-kit/output/client/_app/immutable/nodes/30.BnV_e6GV.js                                     42.50 kB │ gzip:  13.11 kB
.svelte-kit/output/client/_app/immutable/nodes/64.DnXn22kD.js                                     43.92 kB │ gzip:  14.30 kB
.svelte-kit/output/client/_app/immutable/chunks/n47tNPyv.js                                       44.39 kB │ gzip:  10.27 kB
.svelte-kit/output/client/_app/immutable/nodes/2.lZztpe99.js                                      44.48 kB │ gzip:  15.76 kB
.svelte-kit/output/client/_app/immutable/chunks/DyvqNXtY.js                                       56.01 kB │ gzip:  20.69 kB
.svelte-kit/output/client/_app/immutable/entry/app.CA-s-kGR.js                                    62.20 kB │ gzip:  14.85 kB
.svelte-kit/output/client/_app/immutable/chunks/COdM-hWf.js                                       62.68 kB │ gzip:  21.29 kB
.svelte-kit/output/client/_app/immutable/chunks/JePX_Vvp.js                                       67.68 kB │ gzip:  20.06 kB
.svelte-kit/output/client/_app/immutable/chunks/DvsvzNxp.js                                       85.82 kB │ gzip:  28.88 kB
.svelte-kit/output/client/_app/immutable/nodes/120.C_uVvpIG.js                                   104.37 kB │ gzip:  36.26 kB
.svelte-kit/output/client/_app/immutable/chunks/BKg4JIOm.js                                      129.10 kB │ gzip:  35.21 kB
.svelte-kit/output/client/_app/immutable/nodes/75.BhjzR594.js                                    192.65 kB │ gzip:  22.56 kB
.svelte-kit/output/client/_app/immutable/chunks/BNDTNUIh.js                                      216.62 kB │ gzip:  78.84 kB
.svelte-kit/output/client/_app/immutable/chunks/VJcNm7C7.js                                      409.52 kB │ gzip: 123.06 kB
✓ built in 21.65s
vite v6.4.3 building for production...
transforming...
✓ 6 modules transformed.
rendering chunks...
computing gzip size...
.svelte-kit/output/client/service-worker.mjs  68.99 kB │ gzip: 13.63 kB
✓ built in 32ms
.svelte-kit/output/server/.vite/manifest.json                                            167.34 kB
.svelte-kit/output/server/_app/immutable/assets/ChoiceChips.BbnDpI89.css                   0.04 kB
.svelte-kit/output/server/_app/immutable/assets/_page.of10DU40.css                         0.06 kB
.svelte-kit/output/server/_app/immutable/assets/_page.CEBZhOUt.css                         0.06 kB
.svelte-kit/output/server/_app/immutable/assets/TimePicker.CE82Svbs.css                    0.06 kB
.svelte-kit/output/server/_app/immutable/assets/_page.BVl2XI1B.css                         0.07 kB
.svelte-kit/output/server/_app/immutable/assets/ReadGate.TZFwY6rr.css                      0.07 kB
.svelte-kit/output/server/_app/immutable/assets/VoicePlayer.DfYc2k3w.css                   0.08 kB
.svelte-kit/output/server/_app/immutable/assets/_page.Bd46l6SV.css                         0.08 kB
.svelte-kit/output/server/_app/immutable/assets/DiscardSheet.BsHAsh63.css                  0.08 kB
.svelte-kit/output/server/_app/immutable/assets/_page.mj4dWElF.css                         0.08 kB
.svelte-kit/output/server/_app/immutable/assets/DatePicker.DlN0ynQY.css                    0.10 kB
.svelte-kit/output/server/_app/immutable/assets/Mark.DE7SL4Vi.css                          0.10 kB
.svelte-kit/output/server/_app/immutable/assets/StarredPhotoGrid.D4aGZdrr.css              0.10 kB
.svelte-kit/output/server/_app/immutable/assets/_page.CQcf1K4S.css                         0.10 kB
.svelte-kit/output/server/_app/immutable/assets/Field.Cp5H9ar4.css                         0.11 kB
.svelte-kit/output/server/_app/immutable/assets/Disclosure.BfdGALZ3.css                    0.11 kB
.svelte-kit/output/server/_app/immutable/assets/Sheet.WF98ji7b.css                         0.12 kB
.svelte-kit/output/server/_app/immutable/assets/PhotoChipRow.BTGNYTJS.css                  0.12 kB
.svelte-kit/output/server/_app/immutable/assets/AreaFinish.-OlMNacw.css                    0.12 kB
.svelte-kit/output/server/_app/immutable/assets/_page.CuNQlFjE.css                         0.16 kB
.svelte-kit/output/server/_app/immutable/assets/LockAfterChoice.Ddgi9Atd.css               0.16 kB
.svelte-kit/output/server/_app/immutable/assets/_page.S4ZZ67Tq.css                         0.18 kB
.svelte-kit/output/server/_app/immutable/assets/_page.SMKwTFWO.css                         0.18 kB
.svelte-kit/output/server/_app/immutable/assets/BatchedList.DCwU6d5m.css                   0.18 kB
.svelte-kit/output/server/_app/immutable/assets/recordEditor.C3Tj5awG.css                  0.18 kB
.svelte-kit/output/server/_app/immutable/assets/ChartEmpty.GQUIpUCB.css                    0.21 kB
.svelte-kit/output/server/_app/immutable/assets/_page.Cqpw2BgU.css                         0.22 kB
.svelte-kit/output/server/_app/immutable/assets/ReadReserve.C2LZY4RV.css                   0.23 kB
.svelte-kit/output/server/_app/immutable/assets/_page.eoVubTdL.css                         0.23 kB
.svelte-kit/output/server/_app/immutable/assets/SectionHeading.ID5KBm2j.css                0.28 kB
.svelte-kit/output/server/_app/immutable/assets/DayEntry.Bu5Wbcsl.css                      0.30 kB
.svelte-kit/output/server/_app/immutable/assets/DayStrip.B7QAMYMR.css                      0.30 kB
.svelte-kit/output/server/_app/immutable/assets/PhotoViewer.wiP4e9SP.css                   0.30 kB
.svelte-kit/output/server/_app/immutable/assets/_page.CQw7zpdv.css                         0.33 kB
.svelte-kit/output/server/_app/immutable/assets/_page.CI7QDOx4.css                         0.36 kB
.svelte-kit/output/server/_app/immutable/assets/_page.CXnhmm0l.css                         0.37 kB
.svelte-kit/output/server/_app/immutable/assets/MoodPicker.CvIeG4k5.css                    0.40 kB
.svelte-kit/output/server/_app/immutable/assets/_page.CPhR4P_6.css                         0.41 kB
.svelte-kit/output/server/_app/immutable/assets/_page.h46nGzGy.css                         0.42 kB
.svelte-kit/output/server/_app/immutable/assets/ResurfacedPhoto.BsNd1DnI.css               0.43 kB
.svelte-kit/output/server/_app/immutable/assets/_page.UPdwmlbY.css                         0.45 kB
.svelte-kit/output/server/_app/immutable/assets/_page.BDOcdHut.css                         0.47 kB
.svelte-kit/output/server/_app/immutable/assets/_page.DMTQKXfm.css                         0.52 kB
.svelte-kit/output/server/_app/immutable/assets/_page.BHn5oNMp.css                         0.57 kB
.svelte-kit/output/server/_app/immutable/assets/Slider.BXP1_4jw.css                        0.58 kB
.svelte-kit/output/server/_app/immutable/assets/_page.DuykILfM.css                         0.59 kB
.svelte-kit/output/server/_app/immutable/assets/AccessModeSetup.CY_RCkLZ.css               0.63 kB
.svelte-kit/output/server/_app/immutable/assets/_page.DQaaOZwE.css                         0.65 kB
.svelte-kit/output/server/_app/immutable/assets/ListRow.OT_lYC8_.css                       0.67 kB
.svelte-kit/output/server/_app/immutable/assets/_page.CREmaxDU.css                         0.69 kB
.svelte-kit/output/server/_app/immutable/assets/EntryDays.KFwCzU7O.css                     0.73 kB
.svelte-kit/output/server/_app/immutable/assets/paletteChoices.5eW7Hsp3.css                0.74 kB
.svelte-kit/output/server/_app/immutable/assets/_page.C-zrSfY2.css                         0.77 kB
.svelte-kit/output/server/_app/immutable/assets/BarRows.Bb6BeN1l.css                       0.80 kB
.svelte-kit/output/server/_app/immutable/assets/_page.DMq53CQh.css                         0.99 kB
.svelte-kit/output/server/_app/immutable/assets/PermissionList.BCzL9iFe.css                1.01 kB
.svelte-kit/output/server/_app/immutable/assets/AreaChart.tHrbTiod.css                     1.02 kB
.svelte-kit/output/server/_app/immutable/assets/_page.DPXysF5w.css                         1.04 kB
.svelte-kit/output/server/_app/immutable/assets/SectionJump.1J8E0XY_.css                   1.08 kB
.svelte-kit/output/server/_app/immutable/assets/_page.B53SW1_6.css                         1.12 kB
.svelte-kit/output/server/_app/immutable/assets/Progress.SBS-oeAf.css                      1.17 kB
.svelte-kit/output/server/_app/immutable/assets/VideoNotePlayer.DTdOsAFH.css               1.23 kB
.svelte-kit/output/server/_app/immutable/assets/_page.D7KdTqu1.css                         1.24 kB
.svelte-kit/output/server/_app/immutable/assets/_page.9MbRvaAX.css                         1.31 kB
.svelte-kit/output/server/_app/immutable/assets/_page.kEFcd-Te.css                         1.32 kB
.svelte-kit/output/server/_app/immutable/assets/_page.BnR614Hk.css                         1.34 kB
.svelte-kit/output/server/_app/immutable/assets/_page.Bn9GCQXX.css                         1.48 kB
.svelte-kit/output/server/_app/immutable/assets/MarginNotes.DlJD_wR_.css                   1.49 kB
.svelte-kit/output/server/_app/immutable/assets/_page.DS_vwP0z.css                         1.57 kB
.svelte-kit/output/server/_app/immutable/assets/_page.DBU3SNN6.css                         1.84 kB
.svelte-kit/output/server/_app/immutable/assets/_page.UXCVPqfq.css                         1.98 kB
.svelte-kit/output/server/_app/immutable/assets/_page.CFYcMjKX.css                         2.01 kB
.svelte-kit/output/server/_app/immutable/assets/_page.4n3QXRvz.css                         2.22 kB
.svelte-kit/output/server/_app/immutable/assets/MediaTransport.BN9-jv-w.css                2.38 kB
.svelte-kit/output/server/_app/immutable/assets/_page.DFMeOLli.css                         2.43 kB
.svelte-kit/output/server/_app/immutable/assets/LetterCard.Di-Uw7Zp.css                    2.45 kB
.svelte-kit/output/server/_app/immutable/assets/MonthJump.C0m-qm19.css                     2.45 kB
.svelte-kit/output/server/_app/immutable/assets/_page.CoKWfiC3.css                         2.52 kB
.svelte-kit/output/server/_app/immutable/assets/InjectionSiteMap.DHQEH5rW.css              2.92 kB
.svelte-kit/output/server/_app/immutable/assets/_page.DnvLKmo_.css                         3.03 kB
.svelte-kit/output/server/_app/immutable/assets/PhotoWipe.DKQOpbK5.css                     3.06 kB
.svelte-kit/output/server/_app/immutable/assets/_page.DKcmTNrm.css                         3.15 kB
.svelte-kit/output/server/_app/immutable/assets/_page.DF-lNooU.css                         3.17 kB
.svelte-kit/output/server/_app/immutable/assets/_page.Dy3w9UT7.css                         3.24 kB
.svelte-kit/output/server/_app/immutable/assets/_page.3q4PdC6L.css                         3.93 kB
.svelte-kit/output/server/_app/immutable/assets/_page.2NQjQ2Rh.css                         5.62 kB
.svelte-kit/output/server/_app/immutable/assets/_page.DYpW2GYQ.css                         5.75 kB
.svelte-kit/output/server/_app/immutable/assets/_page.iQZQGxvD.css                         5.81 kB
.svelte-kit/output/server/_app/immutable/assets/_page.BpFVhXVZ.css                         6.10 kB
.svelte-kit/output/server/_app/immutable/assets/_page.C7cKrYpr.css                         6.52 kB
.svelte-kit/output/server/_app/immutable/assets/_page.D7ObSVRe.css                         6.98 kB
.svelte-kit/output/server/_app/immutable/assets/EntryEditor.-FnDDmSr.css                   7.12 kB
.svelte-kit/output/server/_app/immutable/assets/_page.DULtU1Sy.css                         8.10 kB
.svelte-kit/output/server/_app/immutable/assets/_page.bo3SwQBz.css                         8.83 kB
.svelte-kit/output/server/_app/immutable/assets/_page.BLG8eB3C.css                        10.45 kB
.svelte-kit/output/server/_app/immutable/assets/PairedDots.ymNTlWXs.css                   11.18 kB
.svelte-kit/output/server/_app/immutable/assets/_layout.Bm66zvH5.css                     124.72 kB
.svelte-kit/output/server/chunks/PickerHost.svelte_svelte_type_style_lang.js               0.00 kB
.svelte-kit/output/server/entries/pages/_layout.ts.js                                      0.08 kB
.svelte-kit/output/server/entries/pages/doses/_page.ts.js                                  0.08 kB
.svelte-kit/output/server/entries/pages/timeline/_page.ts.js                               0.08 kB
.svelte-kit/output/server/entries/pages/body/sizes/_page.ts.js                             0.08 kB
.svelte-kit/output/server/entries/pages/doubt/moments/_page.ts.js                          0.08 kB
.svelte-kit/output/server/entries/pages/doubt/readings/_page.ts.js                         0.08 kB
.svelte-kit/output/server/entries/pages/health/appointment-prep/_page.ts.js                0.08 kB
.svelte-kit/output/server/entries/pages/health/side-effects/_page.ts.js                    0.08 kB
.svelte-kit/output/server/entries/pages/practice/entry-templates/_page.ts.js               0.08 kB
.svelte-kit/output/server/entries/pages/practice/personal-effects/_page.ts.js              0.08 kB
.svelte-kit/output/server/entries/pages/practice/resources/_page.ts.js                     0.08 kB
.svelte-kit/output/server/entries/pages/practice/voice/_page.ts.js                         0.08 kB
.svelte-kit/output/server/entries/pages/practice/wear/_page.ts.js                          0.08 kB
.svelte-kit/output/server/entries/pages/search/questions/_page.ts.js                       0.08 kB
.svelte-kit/output/server/entries/pages/search/starred/_page.ts.js                         0.08 kB
.svelte-kit/output/server/entries/pages/settings/appointment-prep/_page.ts.js              0.08 kB
.svelte-kit/output/server/entries/pages/settings/clinician-summary/_page.ts.js             0.08 kB
.svelte-kit/output/server/entries/pages/settings/cycle-events/_page.ts.js                  0.08 kB
.svelte-kit/output/server/entries/pages/settings/dilation/_page.ts.js                      0.08 kB
.svelte-kit/output/server/entries/pages/settings/entry-templates/_page.ts.js               0.08 kB
.svelte-kit/output/server/entries/pages/settings/exposure/_page.ts.js                      0.08 kB
.svelte-kit/output/server/entries/pages/settings/hair-progress/_page.ts.js                 0.08 kB
.svelte-kit/output/server/entries/pages/settings/hair-removal/_page.ts.js                  0.08 kB
.svelte-kit/output/server/entries/pages/settings/hormone-curve/_page.ts.js                 0.08 kB
.svelte-kit/output/server/entries/pages/settings/journey-anchor/_page.ts.js                0.08 kB
.svelte-kit/output/server/entries/pages/settings/labs/_page.ts.js                          0.08 kB
.svelte-kit/output/server/entries/pages/settings/letters/_page.ts.js                       0.08 kB
.svelte-kit/output/server/entries/pages/settings/live-tiles/_page.ts.js                    0.08 kB
.svelte-kit/output/server/entries/pages/settings/measurements/_page.ts.js                  0.08 kB
.svelte-kit/output/server/entries/pages/settings/milestones/_page.ts.js                    0.08 kB
.svelte-kit/output/server/entries/pages/settings/personal-effects/_page.ts.js              0.08 kB
.svelte-kit/output/server/entries/pages/settings/photos/_page.ts.js                        0.08 kB
.svelte-kit/output/server/entries/pages/settings/presentations/_page.ts.js                 0.08 kB
.svelte-kit/output/server/entries/pages/settings/regimen/_page.ts.js                       0.08 kB
.svelte-kit/output/server/entries/pages/settings/resources/_page.ts.js                     0.08 kB
.svelte-kit/output/server/entries/pages/settings/roadmap/_page.ts.js                       0.08 kB
.svelte-kit/output/server/entries/pages/settings/side-effects/_page.ts.js                  0.08 kB
.svelte-kit/output/server/entries/pages/settings/sizes/_page.ts.js                         0.08 kB
.svelte-kit/output/server/entries/pages/settings/stock/_page.ts.js                         0.08 kB
.svelte-kit/output/server/entries/pages/settings/surgery/_page.ts.js                       0.08 kB
.svelte-kit/output/server/entries/pages/settings/tryouts/_page.ts.js                       0.08 kB
.svelte-kit/output/server/entries/pages/settings/voice/_page.ts.js                         0.08 kB
.svelte-kit/output/server/entries/pages/settings/wear/_page.ts.js                          0.08 kB
.svelte-kit/output/server/entries/pages/transition/eras/_page.ts.js                        0.08 kB
.svelte-kit/output/server/entries/pages/transition/presentations/_page.ts.js               0.08 kB
.svelte-kit/output/server/entries/pages/transition/words/_page.ts.js                       0.08 kB
.svelte-kit/output/server/entries/pages/media/voice/memos/_page.ts.js                      0.09 kB
.svelte-kit/output/server/entries/pages/practice/voice/metrics/_page.ts.js                 0.09 kB
.svelte-kit/output/server/entries/pages/settings/letters/_id_/_page.ts.js                  0.09 kB
.svelte-kit/output/server/entries/pages/settings/photos/export/_page.ts.js                 0.09 kB
.svelte-kit/output/server/entries/pages/settings/tryouts/_id_/_page.ts.js                  0.09 kB
.svelte-kit/output/server/entries/pages/settings/voice/memos/_page.ts.js                   0.09 kB
.svelte-kit/output/server/entries/pages/settings/voice/metrics/_page.ts.js                 0.09 kB
.svelte-kit/output/server/chunks/activeFlag.svelte.js                                      0.10 kB
.svelte-kit/output/server/chunks/detailDraft.js                                            0.12 kB
.svelte-kit/output/server/chunks/sealedUntil.js                                            0.13 kB
.svelte-kit/output/server/chunks/android-bridge2.js                                        0.13 kB
.svelte-kit/output/server/chunks/android-bridge3.js                                        0.14 kB
.svelte-kit/output/server/chunks/rowIcon.js                                                0.15 kB
.svelte-kit/output/server/chunks/today.svelte.js                                           0.15 kB
.svelte-kit/output/server/chunks/garmentCategories.js                                      0.17 kB
.svelte-kit/output/server/chunks/indicator.js                                              0.18 kB
.svelte-kit/output/server/chunks/android-bridge.js                                         0.19 kB
.svelte-kit/output/server/chunks/hairRemovalAreas.js                                       0.19 kB
.svelte-kit/output/server/chunks/ui.svelte.js                                              0.19 kB
.svelte-kit/output/server/chunks/index-server2.js                                          0.20 kB
.svelte-kit/output/server/chunks/index-server.js                                           0.22 kB
.svelte-kit/output/server/chunks/UpdateNotice.js                                           0.23 kB
.svelte-kit/output/server/env.js                                                           0.23 kB
.svelte-kit/output/server/chunks/container.svelte.js                                       0.25 kB
.svelte-kit/output/server/entries/hooks.server.js                                          0.25 kB
.svelte-kit/output/server/chunks/smart-back.js                                             0.25 kB
.svelte-kit/output/server/chunks/identity.js                                               0.26 kB
.svelte-kit/output/server/chunks/platform.js                                               0.28 kB
.svelte-kit/output/server/chunks/autoSource.js                                             0.29 kB
.svelte-kit/output/server/chunks/channel-timeout.js                                        0.29 kB
.svelte-kit/output/server/chunks/client.js                                                 0.31 kB
.svelte-kit/output/server/internal.js                                                      0.36 kB
.svelte-kit/output/server/entries/fallbacks/error.svelte.js                                0.39 kB
.svelte-kit/output/server/chunks/role.js                                                   0.40 kB
.svelte-kit/output/server/chunks/counterevidence.js                                        0.40 kB
.svelte-kit/output/server/chunks/playback.js                                               0.41 kB
.svelte-kit/output/server/entries/pages/entry/_id_/_page.svelte.js                         0.41 kB
.svelte-kit/output/server/chunks/flagSun.js                                                0.42 kB
.svelte-kit/output/server/chunks/state.svelte.js                                           0.43 kB
.svelte-kit/output/server/chunks/adoptionMood.js                                           0.46 kB
.svelte-kit/output/server/chunks/FieldGroupHeading.js                                      0.46 kB
.svelte-kit/output/server/chunks/back.js                                                   0.47 kB
.svelte-kit/output/server/chunks/skip.js                                                   0.47 kB
.svelte-kit/output/server/chunks/done.js                                                   0.47 kB
.svelte-kit/output/server/chunks/mood.js                                                   0.47 kB
.svelte-kit/output/server/chunks/entry.js                                                  0.48 kB
.svelte-kit/output/server/chunks/today.js                                                  0.48 kB
.svelte-kit/output/server/chunks/saved.js                                                  0.48 kB
.svelte-kit/output/server/chunks/cancel.js                                                 0.49 kB
.svelte-kit/output/server/chunks/search.js                                                 0.49 kB
.svelte-kit/output/server/chunks/wrapped.js                                                0.49 kB
.svelte-kit/output/server/chunks/keep_it.js                                                0.49 kB
.svelte-kit/output/server/chunks/dismiss.js                                                0.49 kB
.svelte-kit/output/server/chunks/regimen.js                                                0.49 kB
.svelte-kit/output/server/chunks/not_now.js                                                0.50 kB
.svelte-kit/output/server/chunks/app_name.js                                               0.50 kB
.svelte-kit/output/server/chunks/dilation.js                                               0.51 kB
.svelte-kit/output/server/chunks/vb_title.js                                               0.51 kB
.svelte-kit/output/server/chunks/vb_hz.js                                                  0.51 kB
.svelte-kit/output/server/chunks/new_entry.js                                              0.51 kB
.svelte-kit/output/server/chunks/eras_title.js                                             0.51 kB
.svelte-kit/output/server/chunks/reminders.js                                              0.51 kB
.svelte-kit/output/server/chunks/dose_save.js                                              0.51 kB
.svelte-kit/output/server/chunks/size_log.js                                               0.52 kB
.svelte-kit/output/server/chunks/trash_title.js                                            0.52 kB
.svelte-kit/output/server/chunks/pdf-floor.js                                              0.52 kB
.svelte-kit/output/server/chunks/milestones.js                                             0.52 kB
.svelte-kit/output/server/chunks/cycle_events.js                                           0.53 kB
.svelte-kit/output/server/chunks/cycleTracking.js                                          0.53 kB
.svelte-kit/output/server/chunks/on_this_day.js                                            0.53 kB
.svelte-kit/output/server/chunks/stock_title.js                                            0.53 kB
.svelte-kit/output/server/chunks/tryout_title.js                                           0.53 kB
.svelte-kit/output/server/chunks/lab_results.js                                            0.53 kB
.svelte-kit/output/server/chunks/nav_calendar.js                                           0.53 kB
.svelte-kit/output/server/chunks/nav_lookback.js                                           0.53 kB
.svelte-kit/output/server/chunks/apart_suffix.js                                           0.53 kB
.svelte-kit/output/server/chunks/nav_settings.js                                           0.53 kB
.svelte-kit/output/server/chunks/manage_tags.js                                            0.53 kB
.svelte-kit/output/server/chunks/disguise_name.js                                          0.54 kB
.svelte-kit/output/server/chunks/side_effects.js                                           0.54 kB
.svelte-kit/output/server/chunks/notif_title.js                                            0.54 kB
.svelte-kit/output/server/chunks/doses_add_aria.js                                         0.54 kB
.svelte-kit/output/server/chunks/cd_range_label.js                                         0.54 kB
.svelte-kit/output/server/chunks/roadmap_title.js                                          0.54 kB
.svelte-kit/output/server/chunks/index.js                                                  0.54 kB
.svelte-kit/output/server/chunks/export_import.js                                          0.54 kB
.svelte-kit/output/server/chunks/checkin_title.js                                          0.55 kB
.svelte-kit/output/server/chunks/record_deleted.js                                         0.55 kB
.svelte-kit/output/server/chunks/list_more.js                                              0.55 kB
.svelte-kit/output/server/chunks/vb_screen_title.js                                        0.55 kB
.svelte-kit/output/server/chunks/unstar_photo.js                                           0.55 kB
.svelte-kit/output/server/chunks/photo_day_label.js                                        0.55 kB
.svelte-kit/output/server/chunks/letters_title.js                                          0.55 kB
.svelte-kit/output/server/chunks/dose_unit_label.js                                        0.55 kB
.svelte-kit/output/server/chunks/documents_title.js                                        0.55 kB
.svelte-kit/output/server/chunks/ms_default_name.js                                        0.56 kB
.svelte-kit/output/server/chunks/writeOutcome.js                                           0.56 kB
.svelte-kit/output/server/chunks/dose_amount_label.js                                      0.56 kB
.svelte-kit/output/server/chunks/progress_photos.js                                        0.56 kB
.svelte-kit/output/server/chunks/resources_title.js                                        0.56 kB
.svelte-kit/output/server/chunks/pp_change_title.js                                        0.56 kB
.svelte-kit/output/server/chunks/stats_range_group.js                                      0.56 kB
.svelte-kit/output/server/chunks/values_title.js                                           0.56 kB
.svelte-kit/output/server/chunks/tally_trend_title.js                                      0.56 kB
.svelte-kit/output/server/chunks/write_failed.js                                           0.57 kB
.svelte-kit/output/server/chunks/am_setup_title.js                                         0.57 kB
.svelte-kit/output/server/chunks/effects_timeline.js                                       0.57 kB
.svelte-kit/output/server/chunks/in_the_room_title.js                                      0.57 kB
.svelte-kit/output/server/chunks/presentation_label.js                                     0.57 kB
.svelte-kit/output/server/chunks/appointments_title.js                                     0.57 kB
.svelte-kit/output/server/chunks/safe_space_title.js                                       0.57 kB
.svelte-kit/output/server/chunks/comfort_list_title.js                                     0.57 kB
.svelte-kit/output/server/entries/pages/_layout.svelte.js                                  0.57 kB
.svelte-kit/output/server/chunks/ListCard.js                                               0.57 kB
.svelte-kit/output/server/chunks/presentations_title.js                                    0.58 kB
.svelte-kit/output/server/chunks/doses_empty_action.js                                     0.58 kB
.svelte-kit/output/server/chunks/surgery_date_label.js                                     0.58 kB
.svelte-kit/output/server/chunks/body_regions_group.js                                     0.58 kB
.svelte-kit/output/server/chunks/batchedList2.js                                           0.58 kB
.svelte-kit/output/server/chunks/settings_lock_row.js                                      0.58 kB
.svelte-kit/output/server/chunks/wrapped_stat_entries.js                                   0.58 kB
.svelte-kit/output/server/chunks/progress_percent.js                                       0.58 kB
.svelte-kit/output/server/chunks/tryout_feeling_save.js                                    0.59 kB
.svelte-kit/output/server/chunks/words_ignored_title.js                                    0.59 kB
.svelte-kit/output/server/chunks/appointments_untitled.js                                  0.59 kB
.svelte-kit/output/server/chunks/hair_other_unwritten.js                                   0.59 kB
.svelte-kit/output/server/chunks/surgery_journey_title.js                                  0.59 kB
.svelte-kit/output/server/chunks/affirmations_row_title.js                                 0.60 kB
.svelte-kit/output/server/chunks/SaveBar.js                                                0.60 kB
.svelte-kit/output/server/chunks/body_regions_row_title.js                                 0.61 kB
.svelte-kit/output/server/chunks/clinician_summary_row.js                                  0.61 kB
.svelte-kit/output/server/chunks/recap_tag_count.js                                        0.61 kB
.svelte-kit/output/server/chunks/journaling_pause_title.js                                 0.61 kB
.svelte-kit/output/server/chunks/measurements_and_sizes.js                                 0.61 kB
.svelte-kit/output/server/chunks/wear_session_stop_action.js                               0.61 kB
.svelte-kit/output/server/chunks/appointment_prep_title.js                                 0.61 kB
.svelte-kit/output/server/chunks/calendar_handoff_button.js                                0.62 kB
.svelte-kit/output/server/chunks/search_elsewhere_heading.js                               0.62 kB
.svelte-kit/output/server/chunks/adherence_nothing_logged.js                               0.62 kB
.svelte-kit/output/server/chunks/surgery_day_unscheduled.js                                0.62 kB
.svelte-kit/output/server/chunks/server.js                                                 0.62 kB
.svelte-kit/output/server/chunks/wear_session_start_action.js                              0.63 kB
.svelte-kit/output/server/chunks/backupHealth.js                                           0.63 kB
.svelte-kit/output/server/chunks/dose_injection_site_label.js                              0.63 kB
.svelte-kit/output/server/chunks/source_record_unavailable.js                              0.64 kB
.svelte-kit/output/server/chunks/roadmap_reviewed_on.js                                    0.64 kB
.svelte-kit/output/server/chunks/look_back_letter_written.js                               0.65 kB
.svelte-kit/output/server/chunks/appointment_prep_add_button.js                            0.66 kB
.svelte-kit/output/server/chunks/safe_space_counterevidence_title.js                       0.67 kB
.svelte-kit/output/server/chunks/wear_session_duration_hm.js                               0.68 kB
.svelte-kit/output/server/chunks/recap_custom_range_required.js                            0.69 kB
.svelte-kit/output/server/chunks/areaLabels.js                                             0.70 kB
.svelte-kit/output/server/chunks/PrintLetterhead.js                                        0.71 kB
.svelte-kit/output/server/chunks/utils.js                                                  0.72 kB
.svelte-kit/output/server/chunks/dayParam.js                                               0.73 kB
.svelte-kit/output/server/chunks/wordIgnore.js                                             0.73 kB
.svelte-kit/output/server/chunks/datePicker2.js                                            0.74 kB
.svelte-kit/output/server/chunks/journalingPause.js                                        0.77 kB
.svelte-kit/output/server/chunks/entryPresentation.js                                      0.79 kB
.svelte-kit/output/server/chunks/safeSpaceNudge.js                                         0.80 kB
.svelte-kit/output/server/chunks/PairedDots.svelte_svelte_type_style_lang.js               0.82 kB
.svelte-kit/output/server/chunks/searchReturn.js                                           0.82 kB
.svelte-kit/output/server/chunks/EmptyState.js                                             0.85 kB
.svelte-kit/output/server/chunks/ChartEmpty.js                                             0.87 kB
.svelte-kit/output/server/chunks/entrySections.js                                          0.88 kB
.svelte-kit/output/server/chunks/homeReserve.js                                            0.89 kB
.svelte-kit/output/server/chunks/VoicePlayer.js                                            0.89 kB
.svelte-kit/output/server/chunks/Switch.js                                                 0.89 kB
.svelte-kit/output/server/chunks/attempt.svelte.js                                         0.94 kB
.svelte-kit/output/server/chunks/milestoneStatus.js                                        0.97 kB
.svelte-kit/output/server/chunks/MediaTransport.svelte_svelte_type_style_lang.js           0.98 kB
.svelte-kit/output/server/chunks/areaState.js                                              0.98 kB
.svelte-kit/output/server/chunks/FlagSun2.js                                               0.99 kB
.svelte-kit/output/server/chunks/inTheRoom.js                                              0.99 kB
.svelte-kit/output/server/chunks/metricRange.js                                            1.00 kB
.svelte-kit/output/server/chunks/hairStageScales.js                                        1.00 kB
.svelte-kit/output/server/chunks/tags_label.js                                             1.01 kB
.svelte-kit/output/server/chunks/tags_hidden.js                                            1.02 kB
.svelte-kit/output/server/chunks/add_photo_camera.js                                       1.03 kB
.svelte-kit/output/server/chunks/ms_name_label.js                                          1.03 kB
.svelte-kit/output/server/chunks/read_retry.js                                             1.04 kB
.svelte-kit/output/server/chunks/lookBackSpan.js                                           1.06 kB
.svelte-kit/output/server/chunks/dose_time_label.js                                        1.06 kB
.svelte-kit/output/server/chunks/entryTemplates.js                                         1.07 kB
.svelte-kit/output/server/chunks/ChoiceChips.js                                            1.08 kB
.svelte-kit/output/server/chunks/curve_title.js                                            1.09 kB
.svelte-kit/output/server/chunks/toasts.svelte.js                                          1.10 kB
.svelte-kit/output/server/chunks/n_entries.js                                              1.11 kB
.svelte-kit/output/server/chunks/measurement_unit_in.js                                    1.12 kB
.svelte-kit/output/server/chunks/voicePracticeTakes.js                                     1.12 kB
.svelte-kit/output/server/chunks/ms_photo_label.js                                         1.12 kB
.svelte-kit/output/server/chunks/debrief_offer_write.js                                    1.14 kB
.svelte-kit/output/server/chunks/tally_misgendered.js                                      1.16 kB
.svelte-kit/output/server/chunks/n_days.js                                                 1.17 kB
.svelte-kit/output/server/chunks/tryout_feeling_note_placeholder.js                        1.17 kB
.svelte-kit/output/server/chunks/intervalMoodPattern.js                                    1.17 kB
.svelte-kit/output/server/chunks/WrappedCard.js                                            1.17 kB
.svelte-kit/output/server/chunks/cycle_event_kind_label.js                                 1.17 kB
.svelte-kit/output/server/chunks/resurfacing.js                                            1.18 kB
.svelte-kit/output/server/chunks/letters_sealed_until.js                                   1.18 kB
.svelte-kit/output/server/chunks/eras_empty_title.js                                       1.18 kB
.svelte-kit/output/server/chunks/RiveSlot.js                                               1.19 kB
.svelte-kit/output/server/chunks/recap_custom_start_label.js                               1.20 kB
.svelte-kit/output/server/chunks/wrapped2.js                                               1.21 kB
.svelte-kit/output/server/chunks/tokens.js                                                 1.24 kB
.svelte-kit/output/server/chunks/imp_log_n_milestones.js                                   1.24 kB
.svelte-kit/output/server/chunks/dayRangeOptions.js                                        1.24 kB
.svelte-kit/output/server/chunks/area_suspend_done_title.js                                1.25 kB
.svelte-kit/output/server/chunks/photo_heic.js                                             1.25 kB
.svelte-kit/output/server/chunks/wear_session_running_since.js                             1.26 kB
.svelte-kit/output/server/chunks/compareStretch.js                                         1.28 kB
.svelte-kit/output/server/chunks/scroll-region.js                                          1.30 kB
.svelte-kit/output/server/chunks/Field.js                                                  1.30 kB
.svelte-kit/output/server/chunks/Disclosure.js                                             1.30 kB
.svelte-kit/output/server/chunks/adherence_slot_numbered.js                                1.30 kB
.svelte-kit/output/server/chunks/taperSchedule.js                                          1.30 kB
.svelte-kit/output/server/chunks/Skeleton.js                                               1.32 kB
.svelte-kit/output/server/chunks/bodyMap.js                                                1.34 kB
.svelte-kit/output/server/chunks/ChartCard.js                                              1.36 kB
.svelte-kit/output/server/chunks/reset_offer_archive_password.js                           1.40 kB
.svelte-kit/output/server/chunks/hormoneTestosteroneEster.js                               1.41 kB
.svelte-kit/output/server/chunks/savedQuestions.js                                         1.43 kB
.svelte-kit/output/server/chunks/letterRetrospective.js                                    1.48 kB
.svelte-kit/output/server/chunks/recordEditor.js                                           1.50 kB
.svelte-kit/output/server/chunks/wear_log.js                                               1.52 kB
.svelte-kit/output/server/chunks/moodMagnifier.svelte.js                                   1.54 kB
.svelte-kit/output/server/chunks/TimePicker.js                                             1.65 kB
.svelte-kit/output/server/chunks/compareStretchLink.svelte.js                              1.70 kB
.svelte-kit/output/server/chunks/surgery_day_upcoming.js                                   1.70 kB
.svelte-kit/output/server/chunks/comfortItems.js                                           1.72 kB
.svelte-kit/output/server/chunks/imp_password_placeholder.js                               1.76 kB
.svelte-kit/output/server/chunks/side_effect_severity_label.js                             1.76 kB
.svelte-kit/output/server/chunks/rowForwardReads.js                                        1.79 kB
.svelte-kit/output/server/chunks/photoSection.svelte.js                                    1.79 kB
.svelte-kit/output/server/chunks/sourceRecord.js                                           1.80 kB
.svelte-kit/output/server/chunks/recoveryDay.js                                            1.88 kB
.svelte-kit/output/server/chunks/DatePicker.js                                             1.93 kB
.svelte-kit/output/server/chunks/LockAfterChoice.js                                        1.93 kB
.svelte-kit/output/server/chunks/dayAheadRows.js                                           1.96 kB
.svelte-kit/output/server/chunks/MoodPicker.js                                             1.98 kB
.svelte-kit/output/server/chunks/labTiming.js                                              2.18 kB
.svelte-kit/output/server/chunks/ChartPicker.js                                            2.22 kB
.svelte-kit/output/server/chunks/surgery_notes_title.js                                    2.24 kB
.svelte-kit/output/server/chunks/eras.js                                                   2.25 kB
.svelte-kit/output/server/chunks/LinkedDocuments.js                                        2.25 kB
.svelte-kit/output/server/chunks/FeltSenseOfferSheet.js                                    2.26 kB
.svelte-kit/output/server/chunks/intervalMoodPattern2.js                                   2.32 kB
.svelte-kit/output/server/entries/pages/entry/new/_day_/_page.svelte.js                    2.32 kB
.svelte-kit/output/server/chunks/wrapped_unknown_title.js                                  2.32 kB
.svelte-kit/output/server/chunks/photoLibrary.js                                           2.37 kB
.svelte-kit/output/server/chunks/UnreadableJournalWayOut.js                                2.37 kB
.svelte-kit/output/server/chunks/roles.js                                                  2.38 kB
.svelte-kit/output/server/chunks/PhotoViewer.js                                            2.41 kB
.svelte-kit/output/server/chunks/doubtJournal.js                                           2.44 kB
.svelte-kit/output/server/entries/pages/settings/permissions/_page.svelte.js               2.55 kB
.svelte-kit/output/server/chunks/SourceRecordHandoff.js                                    2.56 kB
.svelte-kit/output/server/chunks/leaveGuard.svelte.js                                      2.58 kB
.svelte-kit/output/server/chunks/SectionHeading.js                                         2.60 kB
.svelte-kit/output/server/chunks/countUp.js                                                2.64 kB
.svelte-kit/output/server/chunks/detailDraft.svelte.js                                     2.66 kB
.svelte-kit/output/server/chunks/labs_value_label.js                                       2.71 kB
.svelte-kit/output/server/chunks/rem_web_list_note.js                                      2.71 kB
.svelte-kit/output/server/chunks/DimensionSlider.js                                        2.71 kB
.svelte-kit/output/server/chunks/SchemaTooNew.js                                           2.71 kB
.svelte-kit/output/server/chunks/regimen_route_label.js                                    2.75 kB
.svelte-kit/output/server/chunks/PinEntry.js                                               2.76 kB
.svelte-kit/output/server/chunks/settings_backup_none.js                                   2.76 kB
.svelte-kit/output/server/chunks/PhotoThumb.js                                             2.77 kB
.svelte-kit/output/server/chunks/journalBook.js                                            2.77 kB
.svelte-kit/output/server/chunks/reminderRule.js                                           2.83 kB
.svelte-kit/output/server/chunks/progress.svelte.js                                        2.88 kB
.svelte-kit/output/server/chunks/fileOwnership.js                                          2.95 kB
.svelte-kit/output/server/chunks/areaGroups.js                                             2.95 kB
.svelte-kit/output/server/chunks/SectionJump.js                                            2.98 kB
.svelte-kit/output/server/chunks/roadmap.js                                                2.99 kB
.svelte-kit/output/server/chunks/recoveryKeyPresence.svelte.js                             3.00 kB
.svelte-kit/output/server/chunks/movedAddresses.js                                         3.08 kB
.svelte-kit/output/server/chunks/LookBackLetterCard.js                                     3.09 kB
.svelte-kit/output/server/chunks/HostedRows.js                                             3.13 kB
.svelte-kit/output/server/chunks/ConfirmDeleteSheet.js                                     3.17 kB
.svelte-kit/output/server/chunks/Notice.js                                                 3.18 kB
.svelte-kit/output/server/chunks/letterStatus.js                                           3.20 kB
.svelte-kit/output/server/chunks/Sheet.js                                                  3.20 kB
.svelte-kit/output/server/chunks/grain.js                                                  3.21 kB
.svelte-kit/output/server/chunks/pinnedRows.js                                             3.27 kB
.svelte-kit/output/server/chunks/wrappedRange.js                                           3.30 kB
.svelte-kit/output/server/chunks/support.js                                                3.39 kB
.svelte-kit/output/server/chunks/plugin-registry.js                                        3.41 kB
.svelte-kit/output/server/chunks/labContextLabel.js                                        3.42 kB
.svelte-kit/output/server/chunks/Progress.js                                               3.42 kB
.svelte-kit/output/server/chunks/DiscardSheet.js                                           3.43 kB
.svelte-kit/output/server/chunks/ScreenHeader.js                                           3.48 kB
.svelte-kit/output/server/chunks/TagPicker.js                                              3.54 kB
.svelte-kit/output/server/chunks/StarredPhotoGrid.svelte_svelte_type_style_lang.js         3.54 kB
.svelte-kit/output/server/entries/pages/transition/letters/_id_/_page.svelte.js            3.56 kB
.svelte-kit/output/server/chunks/Mark.js                                                   3.59 kB
.svelte-kit/output/server/chunks/clinicianSummaryData.js                                   3.64 kB
.svelte-kit/output/server/chunks/PhotoChipRow.js                                           3.68 kB
.svelte-kit/output/server/chunks/PresentationChipRow.js                                    3.83 kB
.svelte-kit/output/server/chunks/EntryDays.js                                              4.21 kB
.svelte-kit/output/server/entries/pages/stats/_page.svelte.js                              4.26 kB
.svelte-kit/output/server/chunks/BatchedList.js                                            4.29 kB
.svelte-kit/output/server/chunks/wrappedDisplay.js                                         4.35 kB
.svelte-kit/output/server/chunks/annotations.js                                            4.40 kB
.svelte-kit/output/server/chunks/hormoneDrug.js                                            4.40 kB
.svelte-kit/output/server/chunks/dates.js                                                  4.59 kB
.svelte-kit/output/server/chunks/Segmented.js                                              4.70 kB
.svelte-kit/output/server/chunks/ReadGate.js                                               4.72 kB
.svelte-kit/output/server/chunks/reconcile.js                                              4.74 kB
.svelte-kit/output/server/chunks/reorder.svelte.js                                         4.87 kB
.svelte-kit/output/server/chunks/PhotoSection.js                                           4.95 kB
.svelte-kit/output/server/chunks/Slider.js                                                 5.01 kB
.svelte-kit/output/server/chunks/ReadReserve.js                                            5.05 kB
.svelte-kit/output/server/chunks/clinicianSummary.js                                       5.06 kB
.svelte-kit/output/server/chunks/appointments.js                                           5.15 kB
.svelte-kit/output/server/chunks/PhotoDayPromptSheet.js                                    5.25 kB
.svelte-kit/output/server/chunks/stockProjection.js                                        5.28 kB
.svelte-kit/output/server/chunks/MoodFace.js                                               5.46 kB
.svelte-kit/output/server/chunks/CalendarHandoffSheet.js                                   5.50 kB
.svelte-kit/output/server/chunks/careSpine.js                                              5.55 kB
.svelte-kit/output/server/chunks/exports.js                                                5.57 kB
.svelte-kit/output/server/chunks/correlationCards.js                                       5.58 kB
.svelte-kit/output/server/entries/pages/settings/passphrase/_page.svelte.js                5.60 kB
.svelte-kit/output/server/chunks/store.svelte.js                                           6.14 kB
.svelte-kit/output/server/entries/pages/settings/words/_page.svelte.js                     6.28 kB
.svelte-kit/output/server/chunks/mapChannels.js                                            6.46 kB
.svelte-kit/output/server/chunks/trackAndGraph.js                                          6.62 kB
.svelte-kit/output/server/chunks/epochDay.js                                               6.67 kB
.svelte-kit/output/server/chunks/provenance.js                                             6.70 kB
.svelte-kit/output/server/entries/pages/settings/licences/_page.svelte.js                  6.81 kB
.svelte-kit/output/server/chunks/photos.js                                                 6.92 kB
.svelte-kit/output/server/chunks/hormoneCurveQualitative.js                                7.11 kB
.svelte-kit/output/server/chunks/photoLibraryLabels.js                                     7.25 kB
.svelte-kit/output/server/chunks/BarRows.js                                                7.38 kB
.svelte-kit/output/server/entries/pages/settings/security/_page.svelte.js                  7.60 kB
.svelte-kit/output/server/entries/pages/settings/trash/_page.svelte.js                     7.61 kB
.svelte-kit/output/server/chunks/restore.js                                                7.74 kB
.svelte-kit/output/server/chunks/DayStrip.js                                               8.34 kB
.svelte-kit/output/server/chunks/hormoneCurve2.js                                          8.61 kB
.svelte-kit/output/server/chunks/wrapEncoding.js                                           8.61 kB
.svelte-kit/output/server/chunks/wearSessions.js                                           8.88 kB
.svelte-kit/output/server/chunks/MarginNotes.js                                            9.17 kB
.svelte-kit/output/server/chunks/photoReview.svelte.js                                     9.34 kB
.svelte-kit/output/server/entries/pages/wrapped/_cadence_/share/_page.svelte.js            9.46 kB
.svelte-kit/output/server/chunks/entryTags.js                                              9.48 kB
.svelte-kit/output/server/chunks/ListRow.js                                                9.95 kB
.svelte-kit/output/server/chunks/searchHitRows.js                                         10.07 kB
.svelte-kit/output/server/chunks/stockLabel.js                                            10.18 kB
.svelte-kit/output/server/chunks/LetterCard.js                                            10.25 kB
.svelte-kit/output/server/chunks/procedures.js                                            10.29 kB
.svelte-kit/output/server/chunks/VideoNotePlayer.js                                       10.32 kB
.svelte-kit/output/server/entries/pages/settings/dimension/_page.svelte.js                10.37 kB
.svelte-kit/output/server/chunks/dayAxisLabel.js                                          10.54 kB
.svelte-kit/output/server/chunks/builtins.js                                              10.57 kB
.svelte-kit/output/server/chunks/recordEditor.svelte.js                                   10.73 kB
.svelte-kit/output/server/chunks/documents.js                                             11.15 kB
.svelte-kit/output/server/chunks/journal-passphrase.js                                    11.29 kB
.svelte-kit/output/server/chunks/Tree.svelte.js                                           11.48 kB
.svelte-kit/output/server/chunks/chartAnnotations.js                                      11.87 kB
.svelte-kit/output/server/chunks/container.js                                             12.02 kB
.svelte-kit/output/server/chunks/documentTargets.svelte.js                                12.29 kB
.svelte-kit/output/server/chunks/PhotoWipe.js                                             12.88 kB
.svelte-kit/output/server/chunks/picker.js                                                12.93 kB
.svelte-kit/output/server/entries/pages/settings/journaling-pause/_page.svelte.js         12.94 kB
.svelte-kit/output/server/entries/pages/on-this-day/_page.svelte.js                       13.29 kB
.svelte-kit/output/server/entries/pages/doubt/evidence/_page.svelte.js                    13.49 kB
.svelte-kit/output/server/entries/pages/health/appointments/in-the-room/_page.svelte.js   13.85 kB
.svelte-kit/output/server/chunks/InjectionSiteMap.js                                      13.95 kB
.svelte-kit/output/server/entries/pages/doubt/comfort/_page.svelte.js                     13.97 kB
.svelte-kit/output/server/chunks/reference.svelte.js                                      14.39 kB
.svelte-kit/output/server/chunks/regimenEpisode.js                                        14.58 kB
.svelte-kit/output/server/entries/pages/doubt/_page.svelte.js                             14.92 kB
.svelte-kit/output/server/entries/pages/tally/_page.svelte.js                             15.27 kB
.svelte-kit/output/server/entries/pages/settings/body-regions/_page.svelte.js             15.37 kB
.svelte-kit/output/server/chunks/vocabulary.js                                            15.53 kB
.svelte-kit/output/server/chunks/Icon.js                                                  16.59 kB
.svelte-kit/output/server/chunks/offers.js                                                17.42 kB
.svelte-kit/output/server/entries/pages/settings/affirmations/_page.svelte.js             19.33 kB
.svelte-kit/output/server/chunks/paletteChoices.js                                        19.37 kB
.svelte-kit/output/server/entries/pages/settings/recovery-key/_page.svelte.js             19.55 kB
.svelte-kit/output/server/entries/pages/settings/reminders/_id_/_page.svelte.js           19.59 kB
.svelte-kit/output/server/chunks/hubRows.js                                               19.98 kB
.svelte-kit/output/server/chunks/internal.js                                              20.28 kB
.svelte-kit/output/server/entries/pages/settings/access-mode/_page.svelte.js              20.45 kB
.svelte-kit/output/server/entries/pages/settings/tags/_page.svelte.js                     20.97 kB
.svelte-kit/output/server/entries/pages/media/photos/export/_page.svelte.js               21.15 kB
.svelte-kit/output/server/chunks/chartAnnotation.js                                       21.30 kB
.svelte-kit/output/server/entries/pages/support/resources/_page.svelte.js                 21.55 kB
.svelte-kit/output/server/chunks/doses.js                                                 21.55 kB
.svelte-kit/output/server/entries/pages/media/documents/_page.svelte.js                   21.79 kB
.svelte-kit/output/server/chunks/AreaFinish.js                                            22.15 kB
.svelte-kit/output/server/entries/pages/settings/notifications/_page.svelte.js            23.06 kB
.svelte-kit/output/server/entries/pages/transition/letters/_page.svelte.js                23.46 kB
.svelte-kit/output/server/entries/pages/media/documents/_id_/_page.svelte.js              23.55 kB
.svelte-kit/output/server/chunks/AreaChart.js                                             23.84 kB
.svelte-kit/output/server/entries/pages/transition/tryouts/_page.svelte.js                23.98 kB
.svelte-kit/output/server/entries/pages/compare/_page.svelte.js                           24.81 kB
.svelte-kit/output/server/entries/pages/settings/reminders/_page.svelte.js                25.67 kB
.svelte-kit/output/server/entries/pages/search/questions/_id_/_page.svelte.js             26.35 kB
.svelte-kit/output/server/entries/pages/settings/eras/_page.svelte.js                     26.99 kB
.svelte-kit/output/server/chunks/PermissionList.js                                        27.12 kB
.svelte-kit/output/server/entries/pages/settings/journal-book/_page.svelte.js             27.42 kB
.svelte-kit/output/server/entries/pages/health/cycle-events/_page.svelte.js               28.36 kB
.svelte-kit/output/server/chunks/wearLabels.js                                            28.61 kB
.svelte-kit/output/server/chunks/doseLabels.js                                            31.41 kB
.svelte-kit/output/server/entries/pages/media/photos/_page.svelte.js                      32.64 kB
.svelte-kit/output/server/entries/pages/search/_page.svelte.js                            33.02 kB
.svelte-kit/output/server/entries/pages/coming-back/_page.svelte.js                       33.22 kB
.svelte-kit/output/server/chunks/hubLabels.js                                             34.38 kB
.svelte-kit/output/server/chunks/utils2.js                                                35.66 kB
.svelte-kit/output/server/entries/pages/more/_page.svelte.js                              36.23 kB
.svelte-kit/output/server/entries/pages/body/hair-removal/_page.svelte.js                 37.66 kB
.svelte-kit/output/server/remote-entry.js                                                 39.44 kB
.svelte-kit/output/server/entries/pages/day/_day_/_page.svelte.js                         39.83 kB
.svelte-kit/output/server/chunks/entries.js                                               40.08 kB
.svelte-kit/output/server/entries/pages/transition/roadmap/_page.svelte.js                40.21 kB
.svelte-kit/output/server/entries/pages/calendar/_page.svelte.js                          40.93 kB
.svelte-kit/output/server/entries/pages/health/dilation/_page.svelte.js                   41.37 kB
.svelte-kit/output/server/entries/pages/onboarding/_page.svelte.js                        43.45 kB
.svelte-kit/output/server/chunks/AccessModeSetup.js                                       44.48 kB
.svelte-kit/output/server/chunks/hormoneCurve.js                                          45.51 kB
.svelte-kit/output/server/entries/pages/body/hair-progress/_page.svelte.js                47.93 kB
.svelte-kit/output/server/entries/pages/health/appointments/_page.svelte.js               49.60 kB
.svelte-kit/output/server/entries/pages/transition/milestones/_page.svelte.js             53.21 kB
.svelte-kit/output/server/entries/pages/transition/tryouts/_id_/_page.svelte.js           53.25 kB
.svelte-kit/output/server/chunks/archive.js                                               54.06 kB
.svelte-kit/output/server/entries/pages/body/wear/_page.svelte.js                         55.48 kB
.svelte-kit/output/server/entries/pages/body-map/_page.svelte.js                          58.55 kB
.svelte-kit/output/server/chunks/liveTiles.js                                             63.85 kB
.svelte-kit/output/server/chunks/roadmapLabels.js                                         64.81 kB
.svelte-kit/output/server/entries/pages/body/measurements/_page.svelte.js                 66.13 kB
.svelte-kit/output/server/entries/pages/wrapped/_cadence_/_page.svelte.js                 66.63 kB
.svelte-kit/output/server/chunks/migrations.js                                            67.74 kB
.svelte-kit/output/server/entries/pages/settings/_page.svelte.js                          74.21 kB
.svelte-kit/output/server/entries/pages/care/doses/_page.svelte.js                        74.55 kB
.svelte-kit/output/server/entries/pages/care/curve/_page.svelte.js                        76.09 kB
.svelte-kit/output/server/entries/pages/care/_page.svelte.js                              87.60 kB
.svelte-kit/output/server/entries/pages/care/changes/_page.svelte.js                      88.13 kB
.svelte-kit/output/server/entries/pages/care/labs/_page.svelte.js                         88.38 kB
.svelte-kit/output/server/chunks/journal.svelte.js                                        91.34 kB
.svelte-kit/output/server/chunks/_layout.js                                               93.83 kB
.svelte-kit/output/server/entries/pages/care/regimen/_page.svelte.js                      93.84 kB
.svelte-kit/output/server/chunks/archiveSections.js                                       96.64 kB
.svelte-kit/output/server/entries/pages/_page.svelte.js                                  100.20 kB
.svelte-kit/output/server/entries/pages/settings/export/_page.svelte.js                  101.33 kB
.svelte-kit/output/server/entries/pages/health/clinician-summary/_page.svelte.js         105.00 kB
.svelte-kit/output/server/entries/pages/health/surgery/_page.svelte.js                   111.22 kB
.svelte-kit/output/server/entries/pages/stats/_reading_/_page.svelte.js                  113.97 kB
.svelte-kit/output/server/chunks/EntryEditor.js                                          115.50 kB
.svelte-kit/output/server/index.js                                                       139.19 kB
.svelte-kit/output/server/chunks/root.js                                                 142.28 kB
.svelte-kit/output/server/entries/pages/voice/_page.svelte.js                            172.93 kB
.svelte-kit/output/server/chunks/labels.js                                               175.59 kB
.svelte-kit/output/server/chunks/boot.svelte.js                                          221.08 kB
✓ built in 36.20s

Run npm run preview to preview your production build locally.

> Using @sveltejs/adapter-static
  Wrote site to "build"
  ✔ done
release.json: 0.0.0-dev+g2c27e3b4.dirty (build 1791496808318, schema up to 88)
