
> build
> node scripts/build-locales.mjs

Prepared local Tesseract assets in static/tesseract, and pdf.js standard fonts in static/pdf-fonts
vite v6.4.3 building SSR bundle for production...
ℹ [paraglide-js] Compilation skipped — inputs unchanged (message-modules)
transforming...
src/lib/data/live/journal.svelte.ts (180:1): Error when using sourcemap for reporting an error: Can't resolve original location of error.
src/lib/data/live/journal.svelte.ts (180:1): A comment

"/* @__PURE__ */"

in "src/lib/data/live/journal.svelte.ts" contains an annotation that Rollup cannot interpret due to the position of the comment. The comment will be removed to avoid issues.
"autoUpdate" is imported from external module "@floating-ui/dom" but never used in "node_modules/melt/dist/utils/use-floating.svelte.js".
✓ 4890 modules transformed.
rendering chunks...
vite v6.4.3 building for production...
ℹ [paraglide-js] Compilation skipped — inputs unchanged (message-modules)
transforming...
✓ 5296 modules transformed.
rendering chunks...
computing gzip size...
.svelte-kit/output/client/_app/version.json                                                        0.03 kB │ gzip:   0.05 kB
.svelte-kit/output/client/_app/immutable/workers/sqlite3-opfs-async-proxy-BpVpzIkN.js              9.52 kB
.svelte-kit/output/client/_app/immutable/workers/argon2id.worker-DDPWp7r6.js                      28.56 kB
.svelte-kit/output/client/_app/immutable/workers/sqlite3-worker1-bundler-friendly-D6cQoI3y.js    191.74 kB
.svelte-kit/output/client/.vite/manifest.json                                                    196.20 kB │ gzip:  25.30 kB
.svelte-kit/output/client/_app/immutable/workers/mc-worker-D97-VHM5.js                           197.17 kB
.svelte-kit/output/client/_app/immutable/assets/sqlite3.B7imZ2XV.wasm                          1,036.17 kB │ gzip: 464.98 kB
.svelte-kit/output/client/_app/immutable/workers/pdf-worker-Kp7_pMCT.js                        1,378.61 kB
.svelte-kit/output/client/_app/immutable/assets/ChoiceChips.BbnDpI89.css                           0.04 kB │ gzip:   0.06 kB
.svelte-kit/output/client/_app/immutable/assets/17.of10DU40.css                                    0.06 kB │ gzip:   0.08 kB
.svelte-kit/output/client/_app/immutable/assets/97.CEBZhOUt.css                                    0.06 kB │ gzip:   0.08 kB
.svelte-kit/output/client/_app/immutable/assets/32.BVl2XI1B.css                                    0.07 kB │ gzip:   0.09 kB
.svelte-kit/output/client/_app/immutable/assets/ReadGate.TZFwY6rr.css                              0.07 kB │ gzip:   0.08 kB
.svelte-kit/output/client/_app/immutable/assets/VoicePlayer.DfYc2k3w.css                           0.08 kB │ gzip:   0.10 kB
.svelte-kit/output/client/_app/immutable/assets/54.Bd46l6SV.css                                    0.08 kB │ gzip:   0.09 kB
.svelte-kit/output/client/_app/immutable/assets/DiscardSheet.BsHAsh63.css                          0.08 kB │ gzip:   0.09 kB
.svelte-kit/output/client/_app/immutable/assets/63.mj4dWElF.css                                    0.08 kB │ gzip:   0.10 kB
.svelte-kit/output/client/_app/immutable/assets/Mark.DE7SL4Vi.css                                  0.10 kB │ gzip:   0.10 kB
.svelte-kit/output/client/_app/immutable/assets/StarredPhotoGrid.D4aGZdrr.css                      0.10 kB │ gzip:   0.10 kB
.svelte-kit/output/client/_app/immutable/assets/113.CQcf1K4S.css                                   0.10 kB │ gzip:   0.10 kB
.svelte-kit/output/client/_app/immutable/assets/Field.Cp5H9ar4.css                                 0.11 kB │ gzip:   0.11 kB
.svelte-kit/output/client/_app/immutable/assets/Disclosure.BfdGALZ3.css                            0.11 kB │ gzip:   0.11 kB
.svelte-kit/output/client/_app/immutable/assets/Sheet.WF98ji7b.css                                 0.12 kB │ gzip:   0.11 kB
.svelte-kit/output/client/_app/immutable/assets/PhotoChipRow.BTGNYTJS.css                          0.12 kB │ gzip:   0.12 kB
.svelte-kit/output/client/_app/immutable/assets/AreaFinish.-OlMNacw.css                            0.12 kB │ gzip:   0.10 kB
.svelte-kit/output/client/_app/immutable/assets/109.CuNQlFjE.css                                   0.16 kB │ gzip:   0.13 kB
.svelte-kit/output/client/_app/immutable/assets/LockAfterChoice.Ddgi9Atd.css                       0.16 kB │ gzip:   0.13 kB
.svelte-kit/output/client/_app/immutable/assets/51.S4ZZ67Tq.css                                    0.18 kB │ gzip:   0.14 kB
.svelte-kit/output/client/_app/immutable/assets/14.SMKwTFWO.css                                    0.18 kB │ gzip:   0.16 kB
.svelte-kit/output/client/_app/immutable/assets/BatchedList.DCwU6d5m.css                           0.18 kB │ gzip:   0.12 kB
.svelte-kit/output/client/_app/immutable/assets/RecordSheet.C3Tj5awG.css                           0.18 kB │ gzip:   0.13 kB
.svelte-kit/output/client/_app/immutable/assets/ChartEmpty.GQUIpUCB.css                            0.21 kB │ gzip:   0.16 kB
.svelte-kit/output/client/_app/immutable/assets/3.Cqpw2BgU.css                                     0.22 kB │ gzip:   0.16 kB
.svelte-kit/output/client/_app/immutable/assets/ReadReserve.C2LZY4RV.css                           0.23 kB │ gzip:   0.14 kB
.svelte-kit/output/client/_app/immutable/assets/18.eoVubTdL.css                                    0.23 kB │ gzip:   0.17 kB
.svelte-kit/output/client/_app/immutable/assets/SectionHeading.ID5KBm2j.css                        0.28 kB │ gzip:   0.19 kB
.svelte-kit/output/client/_app/immutable/assets/DayEntry.Bu5Wbcsl.css                              0.30 kB │ gzip:   0.18 kB
.svelte-kit/output/client/_app/immutable/assets/DayStrip.B7QAMYMR.css                              0.30 kB │ gzip:   0.21 kB
.svelte-kit/output/client/_app/immutable/assets/PhotoViewer.wiP4e9SP.css                           0.30 kB │ gzip:   0.21 kB
.svelte-kit/output/client/_app/immutable/assets/105.CQw7zpdv.css                                   0.33 kB │ gzip:   0.20 kB
.svelte-kit/output/client/_app/immutable/assets/64.CI7QDOx4.css                                    0.36 kB │ gzip:   0.22 kB
.svelte-kit/output/client/_app/immutable/assets/35.CXnhmm0l.css                                    0.37 kB │ gzip:   0.24 kB
.svelte-kit/output/client/_app/immutable/assets/MoodPicker.CvIeG4k5.css                            0.40 kB │ gzip:   0.22 kB
.svelte-kit/output/client/_app/immutable/assets/122.CPhR4P_6.css                                   0.41 kB │ gzip:   0.24 kB
.svelte-kit/output/client/_app/immutable/assets/LookBackLetterCard.BsNd1DnI.css                    0.43 kB │ gzip:   0.22 kB
.svelte-kit/output/client/_app/immutable/assets/pickerField.BmvbcaNP.css                           0.43 kB │ gzip:   0.25 kB
.svelte-kit/output/client/_app/immutable/assets/49.UPdwmlbY.css                                    0.45 kB │ gzip:   0.23 kB
.svelte-kit/output/client/_app/immutable/assets/75.BDOcdHut.css                                    0.47 kB │ gzip:   0.23 kB
.svelte-kit/output/client/_app/immutable/assets/ListRow.CiHXLe9J.css                               0.52 kB │ gzip:   0.28 kB
.svelte-kit/output/client/_app/immutable/assets/38.DMTQKXfm.css                                    0.52 kB │ gzip:   0.26 kB
.svelte-kit/output/client/_app/immutable/assets/40.BHn5oNMp.css                                    0.57 kB │ gzip:   0.31 kB
.svelte-kit/output/client/_app/immutable/assets/Slider.BXP1_4jw.css                                0.58 kB │ gzip:   0.23 kB
.svelte-kit/output/client/_app/immutable/assets/21.DuykILfM.css                                    0.59 kB │ gzip:   0.29 kB
.svelte-kit/output/client/_app/immutable/assets/AccessModeSetup.CY_RCkLZ.css                       0.63 kB │ gzip:   0.28 kB
.svelte-kit/output/client/_app/immutable/assets/79.DQaaOZwE.css                                    0.65 kB │ gzip:   0.31 kB
.svelte-kit/output/client/_app/immutable/assets/86.CREmaxDU.css                                    0.69 kB │ gzip:   0.31 kB
.svelte-kit/output/client/_app/immutable/assets/EntryDays.KFwCzU7O.css                             0.73 kB │ gzip:   0.23 kB
.svelte-kit/output/client/_app/immutable/assets/paletteChoices.5eW7Hsp3.css                        0.74 kB │ gzip:   0.29 kB
.svelte-kit/output/client/_app/immutable/assets/15.C-zrSfY2.css                                    0.77 kB │ gzip:   0.37 kB
.svelte-kit/output/client/_app/immutable/assets/BarRows.Bb6BeN1l.css                               0.80 kB │ gzip:   0.27 kB
.svelte-kit/output/client/_app/immutable/assets/108.DMq53CQh.css                                   0.99 kB │ gzip:   0.37 kB
.svelte-kit/output/client/_app/immutable/assets/PermissionList.BCzL9iFe.css                        1.01 kB │ gzip:   0.42 kB
.svelte-kit/output/client/_app/immutable/assets/AreaChart.tHrbTiod.css                             1.02 kB │ gzip:   0.39 kB
.svelte-kit/output/client/_app/immutable/assets/118.DPXysF5w.css                                   1.04 kB │ gzip:   0.38 kB
.svelte-kit/output/client/_app/immutable/assets/SectionJump.1J8E0XY_.css                           1.08 kB │ gzip:   0.47 kB
.svelte-kit/output/client/_app/immutable/assets/5.B53SW1_6.css                                     1.12 kB │ gzip:   0.42 kB
.svelte-kit/output/client/_app/immutable/assets/Progress.SBS-oeAf.css                              1.17 kB │ gzip:   0.45 kB
.svelte-kit/output/client/_app/immutable/assets/VideoNotePlayer.DTdOsAFH.css                       1.23 kB │ gzip:   0.51 kB
.svelte-kit/output/client/_app/immutable/assets/29.D7KdTqu1.css                                    1.24 kB │ gzip:   0.47 kB
.svelte-kit/output/client/_app/immutable/assets/7.9MbRvaAX.css                                     1.31 kB │ gzip:   0.47 kB
.svelte-kit/output/client/_app/immutable/assets/69.kEFcd-Te.css                                    1.32 kB │ gzip:   0.56 kB
.svelte-kit/output/client/_app/immutable/assets/31.BnR614Hk.css                                    1.34 kB │ gzip:   0.50 kB
.svelte-kit/output/client/_app/immutable/assets/112.genRb-2B.css                                   1.37 kB │ gzip:   0.52 kB
.svelte-kit/output/client/_app/immutable/assets/28.Bn9GCQXX.css                                    1.48 kB │ gzip:   0.55 kB
.svelte-kit/output/client/_app/immutable/assets/MarginNotes.DlJD_wR_.css                           1.49 kB │ gzip:   0.48 kB
.svelte-kit/output/client/_app/immutable/assets/VocabularyManagerSheets.cgzzZKmW.css               1.77 kB │ gzip:   0.57 kB
.svelte-kit/output/client/_app/immutable/assets/36.DBU3SNN6.css                                    1.84 kB │ gzip:   0.62 kB
.svelte-kit/output/client/_app/immutable/assets/121.UXCVPqfq.css                                   1.98 kB │ gzip:   0.71 kB
.svelte-kit/output/client/_app/immutable/assets/16.CFYcMjKX.css                                    2.01 kB │ gzip:   0.67 kB
.svelte-kit/output/client/_app/immutable/assets/TimePicker.DDqO33n7.css                            2.14 kB │ gzip:   0.74 kB
.svelte-kit/output/client/_app/immutable/assets/20.4n3QXRvz.css                                    2.22 kB │ gzip:   0.81 kB
.svelte-kit/output/client/_app/immutable/assets/MediaTransport.BN9-jv-w.css                        2.38 kB │ gzip:   0.78 kB
.svelte-kit/output/client/_app/immutable/assets/53.DFMeOLli.css                                    2.43 kB │ gzip:   0.79 kB
.svelte-kit/output/client/_app/immutable/assets/LetterCard.Di-Uw7Zp.css                            2.45 kB │ gzip:   0.76 kB
.svelte-kit/output/client/_app/immutable/assets/MonthJump.C0m-qm19.css                             2.45 kB │ gzip:   0.86 kB
.svelte-kit/output/client/_app/immutable/assets/37.CoKWfiC3.css                                    2.52 kB │ gzip:   0.80 kB
.svelte-kit/output/client/_app/immutable/assets/InjectionSiteMap.DHQEH5rW.css                      2.92 kB │ gzip:   0.83 kB
.svelte-kit/output/client/_app/immutable/assets/114.DnvLKmo_.css                                   3.03 kB │ gzip:   0.94 kB
.svelte-kit/output/client/_app/immutable/assets/PhotoWipe.DKQOpbK5.css                             3.06 kB │ gzip:   0.92 kB
.svelte-kit/output/client/_app/immutable/assets/117.DKcmTNrm.css                                   3.15 kB │ gzip:   0.98 kB
.svelte-kit/output/client/_app/immutable/assets/116.DF-lNooU.css                                   3.17 kB │ gzip:   0.91 kB
.svelte-kit/output/client/_app/immutable/assets/12.Dy3w9UT7.css                                    3.24 kB │ gzip:   0.96 kB
.svelte-kit/output/client/_app/immutable/assets/13.3q4PdC6L.css                                    3.93 kB │ gzip:   0.99 kB
.svelte-kit/output/client/_app/immutable/assets/DatePicker.BgA5OgkC.css                            4.30 kB │ gzip:   1.22 kB
.svelte-kit/output/client/_app/immutable/assets/11.2NQjQ2Rh.css                                    5.62 kB │ gzip:   1.54 kB
.svelte-kit/output/client/_app/immutable/assets/34.DYpW2GYQ.css                                    5.75 kB │ gzip:   1.45 kB
.svelte-kit/output/client/_app/immutable/assets/8.iQZQGxvD.css                                     5.81 kB │ gzip:   1.41 kB
.svelte-kit/output/client/_app/immutable/assets/10.BpFVhXVZ.css                                    6.10 kB │ gzip:   1.43 kB
.svelte-kit/output/client/_app/immutable/assets/42.C7cKrYpr.css                                    6.52 kB │ gzip:   1.63 kB
.svelte-kit/output/client/_app/immutable/assets/2.D7ObSVRe.css                                     6.98 kB │ gzip:   1.83 kB
.svelte-kit/output/client/_app/immutable/assets/EntryEditor.-FnDDmSr.css                           7.12 kB │ gzip:   1.58 kB
.svelte-kit/output/client/_app/immutable/assets/30.DULtU1Sy.css                                    8.10 kB │ gzip:   1.90 kB
.svelte-kit/output/client/_app/immutable/assets/9.bo3SwQBz.css                                     8.83 kB │ gzip:   1.91 kB
.svelte-kit/output/client/_app/immutable/assets/106.DALq5495.css                                   9.43 kB │ gzip:   2.18 kB
.svelte-kit/output/client/_app/immutable/assets/ThemesReading.ymNTlWXs.css                        11.18 kB │ gzip:   2.47 kB
.svelte-kit/output/client/_app/immutable/assets/120.Cum5-O4I.css                                  15.03 kB │ gzip:   2.85 kB
.svelte-kit/output/client/_app/immutable/assets/0.s3-7Pq-S.css                                   125.49 kB │ gzip:  23.75 kB
.svelte-kit/output/client/_app/immutable/chunks/1gzUVTTe.js                                        0.04 kB │ gzip:   0.06 kB
.svelte-kit/output/client/_app/immutable/chunks/DYAEPJ09.js                                        0.06 kB │ gzip:   0.08 kB
.svelte-kit/output/client/_app/immutable/chunks/CGdUt2a-.js                                        0.08 kB │ gzip:   0.10 kB
.svelte-kit/output/client/_app/immutable/chunks/r9LcHaGY.js                                        0.08 kB │ gzip:   0.10 kB
.svelte-kit/output/client/_app/immutable/chunks/mDwHZbRk.js                                        0.08 kB │ gzip:   0.10 kB
.svelte-kit/output/client/_app/immutable/chunks/9Oy_vRRg.js                                        0.08 kB │ gzip:   0.10 kB
.svelte-kit/output/client/_app/immutable/chunks/C0cdhROU.js                                        0.08 kB │ gzip:   0.10 kB
.svelte-kit/output/client/_app/immutable/chunks/DvmfKJ4t.js                                        0.08 kB │ gzip:   0.10 kB
.svelte-kit/output/client/_app/immutable/chunks/CwnEBMNG.js                                        0.08 kB │ gzip:   0.10 kB
.svelte-kit/output/client/_app/immutable/chunks/JAHV41Yv.js                                        0.08 kB │ gzip:   0.10 kB
.svelte-kit/output/client/_app/immutable/chunks/PzsSmdez.js                                        0.08 kB │ gzip:   0.10 kB
.svelte-kit/output/client/_app/immutable/chunks/BIXRIVL7.js                                        0.08 kB │ gzip:   0.10 kB
.svelte-kit/output/client/_app/immutable/chunks/6WW7rU6V.js                                        0.08 kB │ gzip:   0.10 kB
.svelte-kit/output/client/_app/immutable/chunks/qmTh4-VW.js                                        0.08 kB │ gzip:   0.10 kB
.svelte-kit/output/client/_app/immutable/chunks/CHW6r1Ig.js                                        0.08 kB │ gzip:   0.10 kB
.svelte-kit/output/client/_app/immutable/chunks/BNs7O1i_.js                                        0.08 kB │ gzip:   0.10 kB
.svelte-kit/output/client/_app/immutable/chunks/u3BxAsUL.js                                        0.08 kB │ gzip:   0.10 kB
.svelte-kit/output/client/_app/immutable/chunks/DvC9a7SF.js                                        0.08 kB │ gzip:   0.10 kB
.svelte-kit/output/client/_app/immutable/chunks/CPuatOR7.js                                        0.08 kB │ gzip:   0.10 kB
.svelte-kit/output/client/_app/immutable/chunks/B8qN_6Ad.js                                        0.08 kB │ gzip:   0.10 kB
.svelte-kit/output/client/_app/immutable/chunks/Dy-e4SZs.js                                        0.08 kB │ gzip:   0.10 kB
.svelte-kit/output/client/_app/immutable/chunks/-WXAwVx-.js                                        0.08 kB │ gzip:   0.10 kB
.svelte-kit/output/client/_app/immutable/chunks/CFmK6KgN.js                                        0.08 kB │ gzip:   0.10 kB
.svelte-kit/output/client/_app/immutable/chunks/CIC9wOUb.js                                        0.08 kB │ gzip:   0.10 kB
.svelte-kit/output/client/_app/immutable/chunks/ClJvcm5j.js                                        0.08 kB │ gzip:   0.10 kB
.svelte-kit/output/client/_app/immutable/chunks/C9Q58osU.js                                        0.08 kB │ gzip:   0.10 kB
.svelte-kit/output/client/_app/immutable/chunks/D-Qar4lq.js                                        0.08 kB │ gzip:   0.10 kB
.svelte-kit/output/client/_app/immutable/chunks/BDyqF15W.js                                        0.08 kB │ gzip:   0.10 kB
.svelte-kit/output/client/_app/immutable/chunks/BxpwY7zC.js                                        0.08 kB │ gzip:   0.10 kB
.svelte-kit/output/client/_app/immutable/chunks/BJIghspb.js                                        0.08 kB │ gzip:   0.10 kB
.svelte-kit/output/client/_app/immutable/chunks/gRZr0yd2.js                                        0.08 kB │ gzip:   0.10 kB
.svelte-kit/output/client/_app/immutable/chunks/BiOHC0tu.js                                        0.08 kB │ gzip:   0.10 kB
.svelte-kit/output/client/_app/immutable/chunks/BKNGuUBk.js                                        0.08 kB │ gzip:   0.10 kB
.svelte-kit/output/client/_app/immutable/chunks/0Lk97Lhg.js                                        0.08 kB │ gzip:   0.10 kB
.svelte-kit/output/client/_app/immutable/chunks/DfiTK655.js                                        0.08 kB │ gzip:   0.10 kB
.svelte-kit/output/client/_app/immutable/chunks/BIgv2zKW.js                                        0.08 kB │ gzip:   0.10 kB
.svelte-kit/output/client/_app/immutable/chunks/CoaL93tu.js                                        0.08 kB │ gzip:   0.10 kB
.svelte-kit/output/client/_app/immutable/chunks/sCor5LsL.js                                        0.08 kB │ gzip:   0.10 kB
.svelte-kit/output/client/_app/immutable/chunks/CU4mUNlV.js                                        0.08 kB │ gzip:   0.10 kB
.svelte-kit/output/client/_app/immutable/chunks/CIIllYKu.js                                        0.08 kB │ gzip:   0.10 kB
.svelte-kit/output/client/_app/immutable/chunks/B78Rddua.js                                        0.08 kB │ gzip:   0.10 kB
.svelte-kit/output/client/_app/immutable/chunks/nkBcObTm.js                                        0.08 kB │ gzip:   0.10 kB
.svelte-kit/output/client/_app/immutable/chunks/VkvssW8x.js                                        0.08 kB │ gzip:   0.10 kB
.svelte-kit/output/client/_app/immutable/chunks/Dyo8PP52.js                                        0.08 kB │ gzip:   0.10 kB
.svelte-kit/output/client/_app/immutable/chunks/BzvRvy56.js                                        0.08 kB │ gzip:   0.10 kB
.svelte-kit/output/client/_app/immutable/chunks/BwJm-lQc.js                                        0.08 kB │ gzip:   0.10 kB
.svelte-kit/output/client/_app/immutable/chunks/DO9_0oWF.js                                        0.08 kB │ gzip:   0.10 kB
.svelte-kit/output/client/_app/immutable/chunks/DpI_XSsl.js                                        0.09 kB │ gzip:   0.10 kB
.svelte-kit/output/client/_app/immutable/chunks/QO3FbDf1.js                                        0.09 kB │ gzip:   0.10 kB
.svelte-kit/output/client/_app/immutable/chunks/BL2eu6oC.js                                        0.09 kB │ gzip:   0.10 kB
.svelte-kit/output/client/_app/immutable/chunks/DzclIDZ3.js                                        0.09 kB │ gzip:   0.10 kB
.svelte-kit/output/client/_app/immutable/chunks/iRFp0wK3.js                                        0.09 kB │ gzip:   0.10 kB
.svelte-kit/output/client/_app/immutable/chunks/BI-3pCag.js                                        0.09 kB │ gzip:   0.10 kB
.svelte-kit/output/client/_app/immutable/chunks/BEQg8GSa.js                                        0.09 kB │ gzip:   0.10 kB
.svelte-kit/output/client/_app/immutable/chunks/CqHR0gN8.js                                        0.09 kB │ gzip:   0.10 kB
.svelte-kit/output/client/_app/immutable/chunks/DdFCyoFY.js                                        0.09 kB │ gzip:   0.10 kB
.svelte-kit/output/client/_app/immutable/chunks/V06IOWMX.js                                        0.09 kB │ gzip:   0.10 kB
.svelte-kit/output/client/_app/immutable/chunks/Btd45tVR.js                                        0.09 kB │ gzip:   0.10 kB
.svelte-kit/output/client/_app/immutable/chunks/DX1oMmm6.js                                        0.09 kB │ gzip:   0.10 kB
.svelte-kit/output/client/_app/immutable/chunks/Cn8RcIcD.js                                        0.09 kB │ gzip:   0.11 kB
.svelte-kit/output/client/_app/immutable/chunks/DmaZp4ef.js                                        0.09 kB │ gzip:   0.11 kB
.svelte-kit/output/client/_app/immutable/chunks/ChP8NCru.js                                        0.09 kB │ gzip:   0.11 kB
.svelte-kit/output/client/_app/immutable/chunks/CRIU6Wl4.js                                        0.09 kB │ gzip:   0.11 kB
.svelte-kit/output/client/_app/immutable/chunks/9ISOMwlU.js                                        0.09 kB │ gzip:   0.11 kB
.svelte-kit/output/client/_app/immutable/chunks/ZOLZxUAx.js                                        0.09 kB │ gzip:   0.11 kB
.svelte-kit/output/client/_app/immutable/chunks/tfWqUJhy.js                                        0.09 kB │ gzip:   0.11 kB
.svelte-kit/output/client/_app/immutable/chunks/DyR7Gsbj.js                                        0.09 kB │ gzip:   0.11 kB
.svelte-kit/output/client/_app/immutable/chunks/oZVSgnkI.js                                        0.09 kB │ gzip:   0.11 kB
.svelte-kit/output/client/_app/immutable/chunks/DI-eht5p.js                                        0.09 kB │ gzip:   0.11 kB
.svelte-kit/output/client/_app/immutable/chunks/UuR8SnRM.js                                        0.09 kB │ gzip:   0.11 kB
.svelte-kit/output/client/_app/immutable/chunks/r9jHU9GC.js                                        0.09 kB │ gzip:   0.11 kB
.svelte-kit/output/client/_app/immutable/chunks/CVMosg8Z.js                                        0.09 kB │ gzip:   0.11 kB
.svelte-kit/output/client/_app/immutable/chunks/DcLnt-Wa.js                                        0.09 kB │ gzip:   0.11 kB
.svelte-kit/output/client/_app/immutable/chunks/Cy5Pg5UJ.js                                        0.09 kB │ gzip:   0.11 kB
.svelte-kit/output/client/_app/immutable/chunks/1WuwsNW3.js                                        0.09 kB │ gzip:   0.11 kB
.svelte-kit/output/client/_app/immutable/nodes/0.1CTZjmB7.js                                       0.09 kB │ gzip:   0.10 kB
.svelte-kit/output/client/_app/immutable/chunks/CyOdbqpU.js                                        0.09 kB │ gzip:   0.11 kB
.svelte-kit/output/client/_app/immutable/chunks/BIvlT81o.js                                        0.09 kB │ gzip:   0.11 kB
.svelte-kit/output/client/_app/immutable/chunks/Bj6aEPGI.js                                        0.09 kB │ gzip:   0.11 kB
.svelte-kit/output/client/_app/immutable/chunks/n5ns6GTy.js                                        0.09 kB │ gzip:   0.11 kB
.svelte-kit/output/client/_app/immutable/chunks/CS27qpdb.js                                        0.09 kB │ gzip:   0.11 kB
.svelte-kit/output/client/_app/immutable/chunks/rGipDNf5.js                                        0.09 kB │ gzip:   0.11 kB
.svelte-kit/output/client/_app/immutable/chunks/CQ9nx_og.js                                        0.09 kB │ gzip:   0.10 kB
.svelte-kit/output/client/_app/immutable/chunks/bjkUJEBj.js                                        0.09 kB │ gzip:   0.11 kB
.svelte-kit/output/client/_app/immutable/chunks/UulIzi8L.js                                        0.09 kB │ gzip:   0.11 kB
.svelte-kit/output/client/_app/immutable/chunks/DjgmE0dN.js                                        0.09 kB │ gzip:   0.11 kB
.svelte-kit/output/client/_app/immutable/chunks/BeKnOE0C.js                                        0.09 kB │ gzip:   0.11 kB
.svelte-kit/output/client/_app/immutable/chunks/DiZ5GKNq.js                                        0.09 kB │ gzip:   0.11 kB
.svelte-kit/output/client/_app/immutable/chunks/BIodaXn-.js                                        0.09 kB │ gzip:   0.11 kB
.svelte-kit/output/client/_app/immutable/chunks/7JqzVMMv.js                                        0.09 kB │ gzip:   0.11 kB
.svelte-kit/output/client/_app/immutable/chunks/BChhwHuf.js                                        0.09 kB │ gzip:   0.11 kB
.svelte-kit/output/client/_app/immutable/chunks/VIUGkW09.js                                        0.09 kB │ gzip:   0.11 kB
.svelte-kit/output/client/_app/immutable/chunks/Chia4mo9.js                                        0.09 kB │ gzip:   0.11 kB
.svelte-kit/output/client/_app/immutable/chunks/B92oyjYe.js                                        0.09 kB │ gzip:   0.11 kB
.svelte-kit/output/client/_app/immutable/chunks/DYtF3-GP.js                                        0.09 kB │ gzip:   0.10 kB
.svelte-kit/output/client/_app/immutable/chunks/CCBQXLT9.js                                        0.09 kB │ gzip:   0.11 kB
.svelte-kit/output/client/_app/immutable/chunks/B_npUCAJ.js                                        0.10 kB │ gzip:   0.11 kB
.svelte-kit/output/client/_app/immutable/chunks/C4huQhT9.js                                        0.10 kB │ gzip:   0.11 kB
.svelte-kit/output/client/_app/immutable/chunks/ZUB0TvPw.js                                        0.10 kB │ gzip:   0.11 kB
.svelte-kit/output/client/_app/immutable/chunks/BRYaf-Am.js                                        0.10 kB │ gzip:   0.11 kB
.svelte-kit/output/client/_app/immutable/chunks/Bzak7iHL.js                                        0.10 kB │ gzip:   0.10 kB
.svelte-kit/output/client/_app/immutable/chunks/CuYQCdhR.js                                        0.10 kB │ gzip:   0.11 kB
.svelte-kit/output/client/_app/immutable/chunks/BB2j8dhX.js                                        0.10 kB │ gzip:   0.11 kB
.svelte-kit/output/client/_app/immutable/chunks/zNJG-mX0.js                                        0.10 kB │ gzip:   0.11 kB
.svelte-kit/output/client/_app/immutable/chunks/BTNU9TRV.js                                        0.10 kB │ gzip:   0.11 kB
.svelte-kit/output/client/_app/immutable/chunks/DYTYDEYy.js                                        0.10 kB │ gzip:   0.12 kB
.svelte-kit/output/client/_app/immutable/chunks/Dh4sCzOz.js                                        0.10 kB │ gzip:   0.12 kB
.svelte-kit/output/client/_app/immutable/chunks/BUxbVPH0.js                                        0.10 kB │ gzip:   0.11 kB
.svelte-kit/output/client/_app/immutable/chunks/CGuuSh-l.js                                        0.10 kB │ gzip:   0.10 kB
.svelte-kit/output/client/_app/immutable/chunks/BOSCkAyr.js                                        0.10 kB │ gzip:   0.12 kB
.svelte-kit/output/client/_app/immutable/chunks/CYeTA1iR.js                                        0.10 kB │ gzip:   0.10 kB
.svelte-kit/output/client/_app/immutable/chunks/Cle05dCJ.js                                        0.10 kB │ gzip:   0.12 kB
.svelte-kit/output/client/_app/immutable/chunks/CXESEZNs.js                                        0.10 kB │ gzip:   0.12 kB
.svelte-kit/output/client/_app/immutable/chunks/K25Z_tuw.js                                        0.10 kB │ gzip:   0.12 kB
.svelte-kit/output/client/_app/immutable/chunks/D7Q4lUhk.js                                        0.10 kB │ gzip:   0.11 kB
.svelte-kit/output/client/_app/immutable/chunks/BoOxBur8.js                                        0.11 kB │ gzip:   0.12 kB
.svelte-kit/output/client/_app/immutable/chunks/DVJRMxZJ.js                                        0.11 kB │ gzip:   0.12 kB
.svelte-kit/output/client/_app/immutable/chunks/CcGwED20.js                                        0.11 kB │ gzip:   0.12 kB
.svelte-kit/output/client/_app/immutable/chunks/Jn1oGN3_.js                                        0.11 kB │ gzip:   0.13 kB
.svelte-kit/output/client/_app/immutable/chunks/BYEegJ1I.js                                        0.11 kB │ gzip:   0.13 kB
.svelte-kit/output/client/_app/immutable/chunks/C_ABendi.js                                        0.12 kB │ gzip:   0.13 kB
.svelte-kit/output/client/_app/immutable/chunks/CBSVdZNB.js                                        0.12 kB │ gzip:   0.13 kB
.svelte-kit/output/client/_app/immutable/chunks/DpXlYtWd.js                                        0.12 kB │ gzip:   0.12 kB
.svelte-kit/output/client/_app/immutable/entry/start.CyCjdpKO.js                                   0.12 kB │ gzip:   0.11 kB
.svelte-kit/output/client/_app/immutable/chunks/DmTDTKr_.js                                        0.12 kB │ gzip:   0.12 kB
.svelte-kit/output/client/_app/immutable/chunks/CLUjGhu5.js                                        0.12 kB │ gzip:   0.12 kB
.svelte-kit/output/client/_app/immutable/chunks/BLsOMDdb.js                                        0.12 kB │ gzip:   0.12 kB
.svelte-kit/output/client/_app/immutable/chunks/-Ys3uJkD.js                                        0.13 kB │ gzip:   0.13 kB
.svelte-kit/output/client/_app/immutable/chunks/HM-iQWwz.js                                        0.13 kB │ gzip:   0.13 kB
.svelte-kit/output/client/_app/immutable/chunks/DCPDmXSJ.js                                        0.13 kB │ gzip:   0.12 kB
.svelte-kit/output/client/_app/immutable/chunks/CLdwUPEI.js                                        0.13 kB │ gzip:   0.13 kB
.svelte-kit/output/client/_app/immutable/chunks/BRmOXeBe.js                                        0.13 kB │ gzip:   0.14 kB
.svelte-kit/output/client/_app/immutable/chunks/CkXQdUU_.js                                        0.13 kB │ gzip:   0.12 kB
.svelte-kit/output/client/_app/immutable/chunks/F3Wg7a92.js                                        0.13 kB │ gzip:   0.13 kB
.svelte-kit/output/client/_app/immutable/chunks/lAXuXzc5.js                                        0.13 kB │ gzip:   0.12 kB
.svelte-kit/output/client/_app/immutable/chunks/CiwcGPq-.js                                        0.14 kB │ gzip:   0.14 kB
.svelte-kit/output/client/_app/immutable/chunks/BOAvgSWj.js                                        0.14 kB │ gzip:   0.14 kB
.svelte-kit/output/client/_app/immutable/chunks/_tM9nTUD.js                                        0.14 kB │ gzip:   0.13 kB
.svelte-kit/output/client/_app/immutable/chunks/B0XwC4Ot.js                                        0.15 kB │ gzip:   0.14 kB
.svelte-kit/output/client/_app/immutable/chunks/BU5PrXuz.js                                        0.15 kB │ gzip:   0.15 kB
.svelte-kit/output/client/_app/immutable/chunks/Bb790XZS.js                                        0.15 kB │ gzip:   0.14 kB
.svelte-kit/output/client/_app/immutable/chunks/BBKVKc4t.js                                        0.15 kB │ gzip:   0.14 kB
.svelte-kit/output/client/_app/immutable/chunks/Cku38l6_.js                                        0.15 kB │ gzip:   0.15 kB
.svelte-kit/output/client/_app/immutable/chunks/C_6j99Kf.js                                        0.16 kB │ gzip:   0.15 kB
.svelte-kit/output/client/_app/immutable/chunks/BETjkZzg.js                                        0.17 kB │ gzip:   0.13 kB
.svelte-kit/output/client/_app/immutable/chunks/sxZ82EkD.js                                        0.17 kB │ gzip:   0.15 kB
.svelte-kit/output/client/_app/immutable/chunks/BDOYF4mG.js                                        0.17 kB │ gzip:   0.13 kB
.svelte-kit/output/client/_app/immutable/nodes/100.CMcBACbZ.js                                     0.17 kB │ gzip:   0.17 kB
.svelte-kit/output/client/_app/immutable/nodes/101.CMcBACbZ.js                                     0.17 kB │ gzip:   0.17 kB
.svelte-kit/output/client/_app/immutable/nodes/102.CMcBACbZ.js                                     0.17 kB │ gzip:   0.17 kB
.svelte-kit/output/client/_app/immutable/nodes/103.CMcBACbZ.js                                     0.17 kB │ gzip:   0.17 kB
.svelte-kit/output/client/_app/immutable/nodes/104.CMcBACbZ.js                                     0.17 kB │ gzip:   0.17 kB
.svelte-kit/output/client/_app/immutable/nodes/110.CMcBACbZ.js                                     0.17 kB │ gzip:   0.17 kB
.svelte-kit/output/client/_app/immutable/nodes/111.CMcBACbZ.js                                     0.17 kB │ gzip:   0.17 kB
.svelte-kit/output/client/_app/immutable/nodes/115.CMcBACbZ.js                                     0.17 kB │ gzip:   0.17 kB
.svelte-kit/output/client/_app/immutable/nodes/119.CMcBACbZ.js                                     0.17 kB │ gzip:   0.17 kB
.svelte-kit/output/client/_app/immutable/nodes/19.CMcBACbZ.js                                      0.17 kB │ gzip:   0.17 kB
.svelte-kit/output/client/_app/immutable/nodes/23.CMcBACbZ.js                                      0.17 kB │ gzip:   0.17 kB
.svelte-kit/output/client/_app/immutable/nodes/24.CMcBACbZ.js                                      0.17 kB │ gzip:   0.17 kB
.svelte-kit/output/client/_app/immutable/nodes/27.CMcBACbZ.js                                      0.17 kB │ gzip:   0.17 kB
.svelte-kit/output/client/_app/immutable/nodes/33.CMcBACbZ.js                                      0.17 kB │ gzip:   0.17 kB
.svelte-kit/output/client/_app/immutable/nodes/39.CMcBACbZ.js                                      0.17 kB │ gzip:   0.17 kB
.svelte-kit/output/client/_app/immutable/nodes/43.CMcBACbZ.js                                      0.17 kB │ gzip:   0.17 kB
.svelte-kit/output/client/_app/immutable/nodes/44.CMcBACbZ.js                                      0.17 kB │ gzip:   0.17 kB
.svelte-kit/output/client/_app/immutable/nodes/45.CMcBACbZ.js                                      0.17 kB │ gzip:   0.17 kB
.svelte-kit/output/client/_app/immutable/nodes/46.CMcBACbZ.js                                      0.17 kB │ gzip:   0.17 kB
.svelte-kit/output/client/_app/immutable/nodes/47.CMcBACbZ.js                                      0.17 kB │ gzip:   0.17 kB
.svelte-kit/output/client/_app/immutable/nodes/48.CMcBACbZ.js                                      0.17 kB │ gzip:   0.17 kB
.svelte-kit/output/client/_app/immutable/nodes/50.CMcBACbZ.js                                      0.17 kB │ gzip:   0.17 kB
.svelte-kit/output/client/_app/immutable/nodes/52.CMcBACbZ.js                                      0.17 kB │ gzip:   0.17 kB
.svelte-kit/output/client/_app/immutable/nodes/56.CMcBACbZ.js                                      0.17 kB │ gzip:   0.17 kB
.svelte-kit/output/client/_app/immutable/nodes/58.CMcBACbZ.js                                      0.17 kB │ gzip:   0.17 kB
.svelte-kit/output/client/_app/immutable/nodes/59.CMcBACbZ.js                                      0.17 kB │ gzip:   0.17 kB
.svelte-kit/output/client/_app/immutable/nodes/6.CMcBACbZ.js                                       0.17 kB │ gzip:   0.17 kB
.svelte-kit/output/client/_app/immutable/nodes/60.CMcBACbZ.js                                      0.17 kB │ gzip:   0.17 kB
.svelte-kit/output/client/_app/immutable/nodes/62.CMcBACbZ.js                                      0.17 kB │ gzip:   0.17 kB
.svelte-kit/output/client/_app/immutable/nodes/65.CMcBACbZ.js                                      0.17 kB │ gzip:   0.17 kB
.svelte-kit/output/client/_app/immutable/nodes/66.CMcBACbZ.js                                      0.17 kB │ gzip:   0.17 kB
.svelte-kit/output/client/_app/immutable/nodes/67.CMcBACbZ.js                                      0.17 kB │ gzip:   0.17 kB
.svelte-kit/output/client/_app/immutable/nodes/68.CMcBACbZ.js                                      0.17 kB │ gzip:   0.17 kB
.svelte-kit/output/client/_app/immutable/nodes/71.CMcBACbZ.js                                      0.17 kB │ gzip:   0.17 kB
.svelte-kit/output/client/_app/immutable/nodes/72.CMcBACbZ.js                                      0.17 kB │ gzip:   0.17 kB
.svelte-kit/output/client/_app/immutable/nodes/73.CMcBACbZ.js                                      0.17 kB │ gzip:   0.17 kB
.svelte-kit/output/client/_app/immutable/nodes/74.CMcBACbZ.js                                      0.17 kB │ gzip:   0.17 kB
.svelte-kit/output/client/_app/immutable/nodes/76.CMcBACbZ.js                                      0.17 kB │ gzip:   0.17 kB
.svelte-kit/output/client/_app/immutable/nodes/77.CMcBACbZ.js                                      0.17 kB │ gzip:   0.17 kB
.svelte-kit/output/client/_app/immutable/nodes/78.CMcBACbZ.js                                      0.17 kB │ gzip:   0.17 kB
.svelte-kit/output/client/_app/immutable/nodes/82.CMcBACbZ.js                                      0.17 kB │ gzip:   0.17 kB
.svelte-kit/output/client/_app/immutable/nodes/83.CMcBACbZ.js                                      0.17 kB │ gzip:   0.17 kB
.svelte-kit/output/client/_app/immutable/nodes/84.CMcBACbZ.js                                      0.17 kB │ gzip:   0.17 kB
.svelte-kit/output/client/_app/immutable/nodes/85.CMcBACbZ.js                                      0.17 kB │ gzip:   0.17 kB
.svelte-kit/output/client/_app/immutable/nodes/87.CMcBACbZ.js                                      0.17 kB │ gzip:   0.17 kB
.svelte-kit/output/client/_app/immutable/nodes/90.CMcBACbZ.js                                      0.17 kB │ gzip:   0.17 kB
.svelte-kit/output/client/_app/immutable/nodes/91.CMcBACbZ.js                                      0.17 kB │ gzip:   0.17 kB
.svelte-kit/output/client/_app/immutable/nodes/93.CMcBACbZ.js                                      0.17 kB │ gzip:   0.17 kB
.svelte-kit/output/client/_app/immutable/nodes/94.CMcBACbZ.js                                      0.17 kB │ gzip:   0.17 kB
.svelte-kit/output/client/_app/immutable/nodes/95.CMcBACbZ.js                                      0.17 kB │ gzip:   0.17 kB
.svelte-kit/output/client/_app/immutable/nodes/96.CMcBACbZ.js                                      0.17 kB │ gzip:   0.17 kB
.svelte-kit/output/client/_app/immutable/nodes/99.CMcBACbZ.js                                      0.17 kB │ gzip:   0.17 kB
.svelte-kit/output/client/_app/immutable/chunks/DBoVnena.js                                        0.17 kB │ gzip:   0.14 kB
.svelte-kit/output/client/_app/immutable/chunks/SLxhhS6o.js                                        0.18 kB │ gzip:   0.15 kB
.svelte-kit/output/client/_app/immutable/chunks/BjETB6L7.js                                        0.18 kB │ gzip:   0.15 kB
.svelte-kit/output/client/_app/immutable/chunks/B7J7j8mo.js                                        0.18 kB │ gzip:   0.15 kB
.svelte-kit/output/client/_app/immutable/chunks/CxDNo5Y3.js                                        0.18 kB │ gzip:   0.15 kB
.svelte-kit/output/client/_app/immutable/chunks/Acc3SNXN.js                                        0.18 kB │ gzip:   0.15 kB
.svelte-kit/output/client/_app/immutable/chunks/__p-OK1U.js                                        0.18 kB │ gzip:   0.17 kB
.svelte-kit/output/client/_app/immutable/chunks/B6P0HM0P.js                                        0.19 kB │ gzip:   0.14 kB
.svelte-kit/output/client/_app/immutable/chunks/C7Pnkfe-.js                                        0.19 kB │ gzip:   0.17 kB
.svelte-kit/output/client/_app/immutable/chunks/BZEj-uVh.js                                        0.20 kB │ gzip:   0.18 kB
.svelte-kit/output/client/_app/immutable/chunks/DvyAllt-.js                                        0.21 kB │ gzip:   0.18 kB
.svelte-kit/output/client/_app/immutable/chunks/BMhqqgBw.js                                        0.21 kB │ gzip:   0.19 kB
.svelte-kit/output/client/_app/immutable/chunks/wGaqooAd.js                                        0.22 kB │ gzip:   0.17 kB
.svelte-kit/output/client/_app/immutable/chunks/C-do5ohc.js                                        0.22 kB │ gzip:   0.18 kB
.svelte-kit/output/client/_app/immutable/chunks/DfPLRY1P.js                                        0.23 kB │ gzip:   0.16 kB
.svelte-kit/output/client/_app/immutable/chunks/BBIJuqGb.js                                        0.23 kB │ gzip:   0.18 kB
.svelte-kit/output/client/_app/immutable/chunks/DMuTVJAW.js                                        0.23 kB │ gzip:   0.19 kB
.svelte-kit/output/client/_app/immutable/chunks/aMklfgcA.js                                        0.23 kB │ gzip:   0.17 kB
.svelte-kit/output/client/_app/immutable/chunks/CereevS1.js                                        0.24 kB │ gzip:   0.17 kB
.svelte-kit/output/client/_app/immutable/chunks/D0gLVsuy.js                                        0.25 kB │ gzip:   0.18 kB
.svelte-kit/output/client/_app/immutable/chunks/tsPuy_IQ.js                                        0.25 kB │ gzip:   0.19 kB
.svelte-kit/output/client/_app/immutable/chunks/M6DoxMOF.js                                        0.25 kB │ gzip:   0.19 kB
.svelte-kit/output/client/_app/immutable/chunks/8cNe_lN7.js                                        0.26 kB │ gzip:   0.20 kB
.svelte-kit/output/client/_app/immutable/chunks/DDvIiLn1.js                                        0.26 kB │ gzip:   0.17 kB
.svelte-kit/output/client/_app/immutable/chunks/kXwCKGn-.js                                        0.27 kB │ gzip:   0.19 kB
.svelte-kit/output/client/_app/immutable/chunks/mr2eNLAK.js                                        0.28 kB │ gzip:   0.18 kB
.svelte-kit/output/client/_app/immutable/chunks/BX5kIoQq.js                                        0.28 kB │ gzip:   0.18 kB
.svelte-kit/output/client/_app/immutable/chunks/CQmM6IM9.js                                        0.28 kB │ gzip:   0.22 kB
.svelte-kit/output/client/_app/immutable/chunks/Dqiu5_hl.js                                        0.28 kB │ gzip:   0.21 kB
.svelte-kit/output/client/_app/immutable/chunks/xAPp0cRj.js                                        0.28 kB │ gzip:   0.23 kB
.svelte-kit/output/client/_app/immutable/chunks/HgsbZaIc.js                                        0.29 kB │ gzip:   0.22 kB
.svelte-kit/output/client/_app/immutable/chunks/B7Aq-oyg.js                                        0.29 kB │ gzip:   0.15 kB
.svelte-kit/output/client/_app/immutable/chunks/BXM4jTmX.js                                        0.30 kB │ gzip:   0.21 kB
.svelte-kit/output/client/_app/immutable/chunks/BHeGsVfI.js                                        0.31 kB │ gzip:   0.20 kB
.svelte-kit/output/client/_app/immutable/chunks/BJTY71-l.js                                        0.32 kB │ gzip:   0.21 kB
.svelte-kit/output/client/_app/immutable/chunks/BbHIaSfT.js                                        0.33 kB │ gzip:   0.23 kB
.svelte-kit/output/client/_app/immutable/chunks/Djpqyimt.js                                        0.34 kB │ gzip:   0.24 kB
.svelte-kit/output/client/_app/immutable/chunks/DjnjepvB.js                                        0.35 kB │ gzip:   0.20 kB
.svelte-kit/output/client/_app/immutable/chunks/CXZceIvh.js                                        0.36 kB │ gzip:   0.23 kB
.svelte-kit/output/client/_app/immutable/chunks/CuN2G1_b.js                                        0.36 kB │ gzip:   0.25 kB
.svelte-kit/output/client/_app/immutable/chunks/BdCns7wQ.js                                        0.36 kB │ gzip:   0.28 kB
.svelte-kit/output/client/_app/immutable/chunks/CdCtDJx8.js                                        0.36 kB │ gzip:   0.25 kB
.svelte-kit/output/client/_app/immutable/chunks/Q_hZDxs2.js                                        0.37 kB │ gzip:   0.25 kB
.svelte-kit/output/client/_app/immutable/chunks/BGKTo5gU.js                                        0.37 kB │ gzip:   0.27 kB
.svelte-kit/output/client/_app/immutable/chunks/BBbMwpMz.js                                        0.37 kB │ gzip:   0.26 kB
.svelte-kit/output/client/_app/immutable/chunks/ICrDjML6.js                                        0.37 kB │ gzip:   0.25 kB
.svelte-kit/output/client/_app/immutable/chunks/BxnpkJsm.js                                        0.37 kB │ gzip:   0.21 kB
.svelte-kit/output/client/_app/immutable/nodes/1.BdTD0JGv.js                                       0.38 kB │ gzip:   0.27 kB
.svelte-kit/output/client/_app/immutable/chunks/R0hOBUff.js                                        0.38 kB │ gzip:   0.28 kB
.svelte-kit/output/client/_app/immutable/chunks/DF9sGtHn.js                                        0.39 kB │ gzip:   0.27 kB
.svelte-kit/output/client/_app/immutable/chunks/D1ht5jha.js                                        0.39 kB │ gzip:   0.25 kB
.svelte-kit/output/client/_app/immutable/chunks/Dur11GZp.js                                        0.42 kB │ gzip:   0.27 kB
.svelte-kit/output/client/_app/immutable/chunks/CXQROY2v.js                                        0.43 kB │ gzip:   0.27 kB
.svelte-kit/output/client/_app/immutable/chunks/C4BwEKk4.js                                        0.43 kB │ gzip:   0.30 kB
.svelte-kit/output/client/_app/immutable/chunks/Bgqw-DOs.js                                        0.44 kB │ gzip:   0.28 kB
.svelte-kit/output/client/_app/immutable/nodes/25.mrOH6Aa7.js                                      0.45 kB │ gzip:   0.28 kB
.svelte-kit/output/client/_app/immutable/chunks/DLjBVeRu.js                                        0.46 kB │ gzip:   0.31 kB
.svelte-kit/output/client/_app/immutable/chunks/CkFv4Lv6.js                                        0.46 kB │ gzip:   0.30 kB
.svelte-kit/output/client/_app/immutable/chunks/FvN88m0V.js                                        0.47 kB │ gzip:   0.26 kB
.svelte-kit/output/client/_app/immutable/chunks/_xmTFQLV.js                                        0.48 kB │ gzip:   0.31 kB
.svelte-kit/output/client/_app/immutable/chunks/C3kJ57QO.js                                        0.48 kB │ gzip:   0.28 kB
.svelte-kit/output/client/_app/immutable/chunks/Qzs4DB7J.js                                        0.49 kB │ gzip:   0.32 kB
.svelte-kit/output/client/_app/immutable/chunks/Y6ZMiJ4b.js                                        0.50 kB │ gzip:   0.33 kB
.svelte-kit/output/client/_app/immutable/chunks/B9REDI8W.js                                        0.50 kB │ gzip:   0.31 kB
.svelte-kit/output/client/_app/immutable/chunks/-UyI9lYi.js                                        0.51 kB │ gzip:   0.30 kB
.svelte-kit/output/client/_app/immutable/chunks/effxbzBs.js                                        0.51 kB │ gzip:   0.34 kB
.svelte-kit/output/client/_app/immutable/chunks/Cb0CrQ0m.js                                        0.53 kB │ gzip:   0.33 kB
.svelte-kit/output/client/_app/immutable/chunks/CM7iWWz3.js                                        0.53 kB │ gzip:   0.30 kB
.svelte-kit/output/client/_app/immutable/chunks/jzw03CWU.js                                        0.53 kB │ gzip:   0.35 kB
.svelte-kit/output/client/_app/immutable/chunks/TEqcb8SL.js                                        0.54 kB │ gzip:   0.28 kB
.svelte-kit/output/client/_app/immutable/chunks/CojvrbfH.js                                        0.54 kB │ gzip:   0.34 kB
.svelte-kit/output/client/_app/immutable/chunks/-rXBZJNa.js                                        0.55 kB │ gzip:   0.31 kB
.svelte-kit/output/client/_app/immutable/chunks/CZAAe3zu.js                                        0.60 kB │ gzip:   0.36 kB
.svelte-kit/output/client/_app/immutable/chunks/BlhkLhJT.js                                        0.61 kB │ gzip:   0.33 kB
.svelte-kit/output/client/_app/immutable/chunks/DCd9YFgl.js                                        0.61 kB │ gzip:   0.39 kB
.svelte-kit/output/client/_app/immutable/chunks/D-VtWv0l.js                                        0.62 kB │ gzip:   0.41 kB
.svelte-kit/output/client/_app/immutable/chunks/BEOye62G.js                                        0.64 kB │ gzip:   0.37 kB
.svelte-kit/output/client/_app/immutable/chunks/02VBA5mX.js                                        0.65 kB │ gzip:   0.42 kB
.svelte-kit/output/client/_app/immutable/chunks/D8I6vZa4.js                                        0.66 kB │ gzip:   0.41 kB
.svelte-kit/output/client/_app/immutable/nodes/81.Ve2iGSI_.js                                      0.68 kB │ gzip:   0.42 kB
.svelte-kit/output/client/_app/immutable/chunks/Byl_D19b.js                                        0.68 kB │ gzip:   0.39 kB
.svelte-kit/output/client/_app/immutable/chunks/MUtI-521.js                                        0.68 kB │ gzip:   0.46 kB
.svelte-kit/output/client/_app/immutable/chunks/n9uKBa-H.js                                        0.69 kB │ gzip:   0.44 kB
.svelte-kit/output/client/_app/immutable/chunks/ClMrgZWq.js                                        0.69 kB │ gzip:   0.43 kB
.svelte-kit/output/client/_app/immutable/chunks/CZTBOP9T.js                                        0.69 kB │ gzip:   0.45 kB
.svelte-kit/output/client/_app/immutable/chunks/DQqdFW2U.js                                        0.69 kB │ gzip:   0.37 kB
.svelte-kit/output/client/_app/immutable/chunks/Buxtz1MF.js                                        0.71 kB │ gzip:   0.43 kB
.svelte-kit/output/client/_app/immutable/chunks/Dcfu646u.js                                        0.71 kB │ gzip:   0.42 kB
.svelte-kit/output/client/_app/immutable/chunks/C3K4BGIJ.js                                        0.72 kB │ gzip:   0.40 kB
.svelte-kit/output/client/_app/immutable/chunks/BYCdwhK7.js                                        0.72 kB │ gzip:   0.40 kB
.svelte-kit/output/client/_app/immutable/chunks/DX1S2RnY.js                                        0.75 kB │ gzip:   0.42 kB
.svelte-kit/output/client/_app/immutable/chunks/Czfn8Ojs.js                                        0.75 kB │ gzip:   0.39 kB
.svelte-kit/output/client/_app/immutable/chunks/D8vojqcN.js                                        0.76 kB │ gzip:   0.40 kB
.svelte-kit/output/client/_app/immutable/chunks/CFa3Dise.js                                        0.77 kB │ gzip:   0.43 kB
.svelte-kit/output/client/_app/immutable/chunks/DwGNQrtg.js                                        0.79 kB │ gzip:   0.40 kB
.svelte-kit/output/client/_app/immutable/chunks/Bxuotnsl.js                                        0.81 kB │ gzip:   0.45 kB
.svelte-kit/output/client/_app/immutable/chunks/hqlTfB9E.js                                        0.81 kB │ gzip:   0.45 kB
.svelte-kit/output/client/_app/immutable/chunks/q1vKB0pg.js                                        0.83 kB │ gzip:   0.40 kB
.svelte-kit/output/client/_app/immutable/chunks/jjg2hDNe.js                                        0.83 kB │ gzip:   0.51 kB
.svelte-kit/output/client/_app/immutable/chunks/CkOVtG4I.js                                        0.84 kB │ gzip:   0.39 kB
.svelte-kit/output/client/_app/immutable/chunks/I6yui7nz.js                                        0.84 kB │ gzip:   0.51 kB
.svelte-kit/output/client/_app/immutable/chunks/Bi1kLlgI.js                                        0.84 kB │ gzip:   0.48 kB
.svelte-kit/output/client/_app/immutable/chunks/BkY10QhV.js                                        0.85 kB │ gzip:   0.41 kB
.svelte-kit/output/client/_app/immutable/chunks/DZpRK15T.js                                        0.86 kB │ gzip:   0.45 kB
.svelte-kit/output/client/_app/immutable/chunks/aj79k3_r.js                                        0.87 kB │ gzip:   0.40 kB
.svelte-kit/output/client/_app/immutable/chunks/DGISgjrk.js                                        0.89 kB │ gzip:   0.48 kB
.svelte-kit/output/client/_app/immutable/chunks/D-vp1Vsy.js                                        0.92 kB │ gzip:   0.53 kB
.svelte-kit/output/client/_app/immutable/chunks/BqinX_7-.js                                        0.96 kB │ gzip:   0.55 kB
.svelte-kit/output/client/_app/immutable/chunks/BkGAw3wH.js                                        0.99 kB │ gzip:   0.49 kB
.svelte-kit/output/client/_app/immutable/chunks/FA8R00Yr.js                                        1.00 kB │ gzip:   0.54 kB
.svelte-kit/output/client/_app/immutable/chunks/CjCOMZrB.js                                        1.02 kB │ gzip:   0.58 kB
.svelte-kit/output/client/_app/immutable/chunks/CH5oDAEl.js                                        1.03 kB │ gzip:   0.58 kB
.svelte-kit/output/client/_app/immutable/chunks/BeBAkJG1.js                                        1.04 kB │ gzip:   0.57 kB
.svelte-kit/output/client/_app/immutable/chunks/C93wNq_c.js                                        1.05 kB │ gzip:   0.55 kB
.svelte-kit/output/client/_app/immutable/chunks/DUnYBL6V.js                                        1.07 kB │ gzip:   0.63 kB
.svelte-kit/output/client/_app/immutable/chunks/BrFpzaWE.js                                        1.07 kB │ gzip:   0.57 kB
.svelte-kit/output/client/_app/immutable/chunks/BJTlZlMB.js                                        1.08 kB │ gzip:   0.62 kB
.svelte-kit/output/client/_app/immutable/chunks/DaeaNExf.js                                        1.08 kB │ gzip:   0.58 kB
.svelte-kit/output/client/_app/immutable/chunks/CI_uH97_.js                                        1.12 kB │ gzip:   0.60 kB
.svelte-kit/output/client/_app/immutable/chunks/BoIajNw8.js                                        1.12 kB │ gzip:   0.40 kB
.svelte-kit/output/client/_app/immutable/chunks/C5d-27WG.js                                        1.14 kB │ gzip:   0.62 kB
.svelte-kit/output/client/_app/immutable/chunks/Ci74ZuBP.js                                        1.15 kB │ gzip:   0.59 kB
.svelte-kit/output/client/_app/immutable/chunks/OCiWZqpT.js                                        1.16 kB │ gzip:   0.62 kB
.svelte-kit/output/client/_app/immutable/chunks/Cnzckf6n.js                                        1.16 kB │ gzip:   0.69 kB
.svelte-kit/output/client/_app/immutable/chunks/BoWMXn9P.js                                        1.22 kB │ gzip:   0.73 kB
.svelte-kit/output/client/_app/immutable/nodes/41.CV10RsDx.js                                      1.22 kB │ gzip:   0.66 kB
.svelte-kit/output/client/_app/immutable/chunks/Dp1pzeXC.js                                        1.27 kB │ gzip:   0.73 kB
.svelte-kit/output/client/_app/immutable/chunks/CYvkKnas.js                                        1.28 kB │ gzip:   0.52 kB
.svelte-kit/output/client/_app/immutable/chunks/BctAIyER.js                                        1.28 kB │ gzip:   0.76 kB
.svelte-kit/output/client/_app/immutable/chunks/8rQpeU9Q.js                                        1.28 kB │ gzip:   0.67 kB
.svelte-kit/output/client/_app/immutable/chunks/DDZJi0Y0.js                                        1.29 kB │ gzip:   0.75 kB
.svelte-kit/output/client/_app/immutable/chunks/DZOKFtG5.js                                        1.32 kB │ gzip:   0.58 kB
.svelte-kit/output/client/_app/immutable/chunks/wbPk3Yxo.js                                        1.37 kB │ gzip:   0.66 kB
.svelte-kit/output/client/_app/immutable/chunks/CYl3mQzB.js                                        1.39 kB │ gzip:   0.67 kB
.svelte-kit/output/client/_app/immutable/chunks/CiWow26T.js                                        1.41 kB │ gzip:   0.85 kB
.svelte-kit/output/client/_app/immutable/chunks/mOm49mZo.js                                        1.42 kB │ gzip:   0.75 kB
.svelte-kit/output/client/_app/immutable/chunks/H0Jzc5D-.js                                        1.44 kB │ gzip:   0.67 kB
.svelte-kit/output/client/_app/immutable/chunks/Dz-9PJvg.js                                        1.48 kB │ gzip:   0.65 kB
.svelte-kit/output/client/_app/immutable/chunks/DmB5ISWV.js                                        1.48 kB │ gzip:   0.68 kB
.svelte-kit/output/client/_app/immutable/chunks/DVhglEmt.js                                        1.51 kB │ gzip:   0.76 kB
.svelte-kit/output/client/_app/immutable/chunks/CB_qq-IC.js                                        1.51 kB │ gzip:   0.73 kB
.svelte-kit/output/client/_app/immutable/chunks/BNTutkbu.js                                        1.53 kB │ gzip:   0.87 kB
.svelte-kit/output/client/_app/immutable/chunks/BZseSwQp.js                                        1.53 kB │ gzip:   0.73 kB
.svelte-kit/output/client/_app/immutable/nodes/26.k17T5iaL.js                                      1.53 kB │ gzip:   0.75 kB
.svelte-kit/output/client/_app/immutable/chunks/BwYfj_yp.js                                        1.53 kB │ gzip:   0.71 kB
.svelte-kit/output/client/_app/immutable/chunks/BByYQP7h.js                                        1.53 kB │ gzip:   0.82 kB
.svelte-kit/output/client/_app/immutable/chunks/NV3hcLJw.js                                        1.54 kB │ gzip:   0.89 kB
.svelte-kit/output/client/_app/immutable/chunks/DPE73fw4.js                                        1.60 kB │ gzip:   0.77 kB
.svelte-kit/output/client/_app/immutable/chunks/DHmpqU7Q.js                                        1.62 kB │ gzip:   0.90 kB
.svelte-kit/output/client/_app/immutable/chunks/1EKR2F_f.js                                        1.63 kB │ gzip:   0.85 kB
.svelte-kit/output/client/_app/immutable/chunks/BBQJSGcs.js                                        1.67 kB │ gzip:   0.91 kB
.svelte-kit/output/client/_app/immutable/chunks/KdGNKvJn.js                                        1.68 kB │ gzip:   0.73 kB
.svelte-kit/output/client/_app/immutable/chunks/wy1VCLdK.js                                        1.68 kB │ gzip:   0.73 kB
.svelte-kit/output/client/_app/immutable/chunks/DdspZlUy.js                                        1.72 kB │ gzip:   0.83 kB
.svelte-kit/output/client/_app/immutable/chunks/hinC8bVa.js                                        1.73 kB │ gzip:   0.65 kB
.svelte-kit/output/client/_app/immutable/chunks/DKdiZM7n.js                                        1.73 kB │ gzip:   0.93 kB
.svelte-kit/output/client/_app/immutable/chunks/CZcc1Z40.js                                        1.79 kB │ gzip:   0.89 kB
.svelte-kit/output/client/_app/immutable/chunks/DHFswtXr.js                                        1.80 kB │ gzip:   0.92 kB
.svelte-kit/output/client/_app/immutable/chunks/BNE1SHrT.js                                        1.81 kB │ gzip:   0.89 kB
.svelte-kit/output/client/_app/immutable/chunks/DsxApkWn.js                                        1.82 kB │ gzip:   0.61 kB
.svelte-kit/output/client/_app/immutable/chunks/BGaGX6ch.js                                        1.85 kB │ gzip:   0.96 kB
.svelte-kit/output/client/_app/immutable/chunks/rgnQAqPU.js                                        1.86 kB │ gzip:   0.91 kB
.svelte-kit/output/client/_app/immutable/chunks/BxSwTp6H.js                                        1.87 kB │ gzip:   0.87 kB
.svelte-kit/output/client/_app/immutable/chunks/Etd9HCun.js                                        1.88 kB │ gzip:   0.94 kB
.svelte-kit/output/client/_app/immutable/nodes/113.2EGEdNfu.js                                     1.90 kB │ gzip:   0.95 kB
.svelte-kit/output/client/_app/immutable/chunks/CfJHuUWB.js                                        1.94 kB │ gzip:   0.97 kB
.svelte-kit/output/client/_app/immutable/chunks/BApenPx-.js                                        1.95 kB │ gzip:   0.85 kB
.svelte-kit/output/client/_app/immutable/chunks/CEgxAGIr.js                                        1.96 kB │ gzip:   1.04 kB
.svelte-kit/output/client/_app/immutable/chunks/7cwDkRiU.js                                        1.97 kB │ gzip:   1.08 kB
.svelte-kit/output/client/_app/immutable/chunks/DhN5Ghfc.js                                        1.98 kB │ gzip:   0.73 kB
.svelte-kit/output/client/_app/immutable/chunks/jRg0srZl.js                                        2.01 kB │ gzip:   0.95 kB
.svelte-kit/output/client/_app/immutable/chunks/EQ0ftScQ.js                                        2.06 kB │ gzip:   1.10 kB
.svelte-kit/output/client/_app/immutable/chunks/rAv10YDy.js                                        2.07 kB │ gzip:   1.02 kB
.svelte-kit/output/client/_app/immutable/chunks/Cwm8BWCV.js                                        2.11 kB │ gzip:   0.88 kB
.svelte-kit/output/client/_app/immutable/chunks/BLVxrK8m.js                                        2.13 kB │ gzip:   0.97 kB
.svelte-kit/output/client/_app/immutable/chunks/DyG57dXJ.js                                        2.16 kB │ gzip:   1.08 kB
.svelte-kit/output/client/_app/immutable/chunks/D1qM33eg.js                                        2.17 kB │ gzip:   1.14 kB
.svelte-kit/output/client/_app/immutable/chunks/Fj-IFhFK.js                                        2.18 kB │ gzip:   0.79 kB
.svelte-kit/output/client/_app/immutable/chunks/h0vik2L1.js                                        2.19 kB │ gzip:   1.15 kB
.svelte-kit/output/client/_app/immutable/chunks/CmsDmw2e.js                                        2.24 kB │ gzip:   1.11 kB
.svelte-kit/output/client/_app/immutable/chunks/DoSRo5NY.js                                        2.27 kB │ gzip:   1.25 kB
.svelte-kit/output/client/_app/immutable/chunks/DBMZlmPg.js                                        2.27 kB │ gzip:   0.95 kB
.svelte-kit/output/client/_app/immutable/chunks/wdAUsQcS.js                                        2.29 kB │ gzip:   1.14 kB
.svelte-kit/output/client/_app/immutable/chunks/BMidDlmb.js                                        2.30 kB │ gzip:   1.32 kB
.svelte-kit/output/client/_app/immutable/chunks/BxgybkMN.js                                        2.41 kB │ gzip:   1.13 kB
.svelte-kit/output/client/_app/immutable/chunks/BStkj9GB.js                                        2.42 kB │ gzip:   1.06 kB
.svelte-kit/output/client/_app/immutable/chunks/FN-iMIll.js                                        2.43 kB │ gzip:   1.15 kB
.svelte-kit/output/client/_app/immutable/nodes/92.yPgbWrNc.js                                      2.43 kB │ gzip:   1.17 kB
.svelte-kit/output/client/_app/immutable/chunks/wxkofBhX.js                                        2.49 kB │ gzip:   0.81 kB
.svelte-kit/output/client/_app/immutable/chunks/C8RQqDi3.js                                        2.54 kB │ gzip:   1.28 kB
.svelte-kit/output/client/_app/immutable/chunks/BwLtQpUn.js                                        2.59 kB │ gzip:   1.14 kB
.svelte-kit/output/client/_app/immutable/chunks/DIYyOrWJ.js                                        2.60 kB │ gzip:   1.14 kB
.svelte-kit/output/client/_app/immutable/chunks/Corg6HSt.js                                        2.62 kB │ gzip:   1.33 kB
.svelte-kit/output/client/_app/immutable/nodes/105.Cru1NWwT.js                                     2.69 kB │ gzip:   1.34 kB
.svelte-kit/output/client/_app/immutable/chunks/D7-kFXtn.js                                        2.78 kB │ gzip:   1.20 kB
.svelte-kit/output/client/_app/immutable/chunks/CU_RpuW3.js                                        2.82 kB │ gzip:   1.40 kB
.svelte-kit/output/client/_app/immutable/chunks/Cq5EHii4.js                                        2.83 kB │ gzip:   1.35 kB
.svelte-kit/output/client/_app/immutable/chunks/BCFwydNM.js                                        2.83 kB │ gzip:   1.30 kB
.svelte-kit/output/client/_app/immutable/nodes/98.CJP8aOlQ.js                                      2.86 kB │ gzip:   1.42 kB
.svelte-kit/output/client/_app/immutable/chunks/CQgks5l7.js                                        2.89 kB │ gzip:   1.35 kB
.svelte-kit/output/client/_app/immutable/chunks/DbHxKPXo.js                                        2.89 kB │ gzip:   1.08 kB
.svelte-kit/output/client/_app/immutable/chunks/C2NoCiRQ.js                                        2.89 kB │ gzip:   1.47 kB
.svelte-kit/output/client/_app/immutable/chunks/sQHWaYIe.js                                        2.94 kB │ gzip:   1.13 kB
.svelte-kit/output/client/_app/immutable/chunks/oaPBr3BA.js                                        2.94 kB │ gzip:   0.87 kB
.svelte-kit/output/client/_app/immutable/chunks/C6XSxU1i.js                                        2.94 kB │ gzip:   1.34 kB
.svelte-kit/output/client/_app/immutable/chunks/DYVCDYoC.js                                        2.96 kB │ gzip:   1.06 kB
.svelte-kit/output/client/_app/immutable/chunks/B37BwnkM.js                                        2.97 kB │ gzip:   1.50 kB
.svelte-kit/output/client/_app/immutable/nodes/107.k6e_w2n-.js                                     2.99 kB │ gzip:   1.34 kB
.svelte-kit/output/client/_app/immutable/chunks/irh4FQgc.js                                        3.04 kB │ gzip:   1.32 kB
.svelte-kit/output/client/_app/immutable/chunks/BslJdAzs.js                                        3.09 kB │ gzip:   1.35 kB
.svelte-kit/output/client/_app/immutable/chunks/DyHwsxMq.js                                        3.24 kB │ gzip:   1.55 kB
.svelte-kit/output/client/_app/immutable/chunks/DZSFDEU0.js                                        3.34 kB │ gzip:   1.32 kB
.svelte-kit/output/client/_app/immutable/chunks/DaBkSJbL.js                                        3.36 kB │ gzip:   1.34 kB
.svelte-kit/output/client/_app/immutable/chunks/sNhl2Ccj.js                                        3.44 kB │ gzip:   1.66 kB
.svelte-kit/output/client/_app/immutable/chunks/Bhgt19c5.js                                        3.45 kB │ gzip:   1.44 kB
.svelte-kit/output/client/_app/immutable/chunks/DD8hPB8Z.js                                        3.45 kB │ gzip:   1.53 kB
.svelte-kit/output/client/_app/immutable/chunks/Oe4h_TbQ.js                                        3.50 kB │ gzip:   1.64 kB
.svelte-kit/output/client/_app/immutable/chunks/DnSn8YOY.js                                        3.51 kB │ gzip:   1.63 kB
.svelte-kit/output/client/_app/immutable/chunks/DQ_m7C0t.js                                        3.52 kB │ gzip:   1.34 kB
.svelte-kit/output/client/_app/immutable/chunks/dHl6OJZQ.js                                        3.62 kB │ gzip:   1.46 kB
.svelte-kit/output/client/_app/immutable/chunks/ChLBGV5x.js                                        3.66 kB │ gzip:   1.73 kB
.svelte-kit/output/client/_app/immutable/chunks/DTivjrA5.js                                        3.73 kB │ gzip:   1.38 kB
.svelte-kit/output/client/_app/immutable/chunks/mOuZwgnX.js                                        3.75 kB │ gzip:   1.76 kB
.svelte-kit/output/client/_app/immutable/chunks/Dh49uqmB.js                                        3.80 kB │ gzip:   1.69 kB
.svelte-kit/output/client/_app/immutable/chunks/BaIzHA13.js                                        3.84 kB │ gzip:   1.79 kB
.svelte-kit/output/client/_app/immutable/chunks/DxiHSNHb.js                                        3.91 kB │ gzip:   1.78 kB
.svelte-kit/output/client/_app/immutable/chunks/0Rqr-uoa.js                                        3.97 kB │ gzip:   1.70 kB
.svelte-kit/output/client/_app/immutable/chunks/AHscj_Tk.js                                        4.00 kB │ gzip:   1.60 kB
.svelte-kit/output/client/_app/immutable/chunks/CFUHO-ki.js                                        4.02 kB │ gzip:   1.22 kB
.svelte-kit/output/client/_app/immutable/chunks/AiK7mZN8.js                                        4.08 kB │ gzip:   1.58 kB
.svelte-kit/output/client/_app/immutable/nodes/61.CJ9ISk2f.js                                      4.09 kB │ gzip:   1.70 kB
.svelte-kit/output/client/_app/immutable/chunks/DxxDP1Uc.js                                        4.11 kB │ gzip:   1.81 kB
.svelte-kit/output/client/_app/immutable/chunks/aVxohf_L.js                                        4.22 kB │ gzip:   1.55 kB
.svelte-kit/output/client/_app/immutable/chunks/CJQzQ-yT.js                                        4.23 kB │ gzip:   1.96 kB
.svelte-kit/output/client/_app/immutable/chunks/LeIn9Byo.js                                        4.25 kB │ gzip:   1.43 kB
.svelte-kit/output/client/_app/immutable/chunks/BRSqIj4U.js                                        4.28 kB │ gzip:   2.00 kB
.svelte-kit/output/client/_app/immutable/chunks/DZJGm3Od.js                                        4.32 kB │ gzip:   1.50 kB
.svelte-kit/output/client/_app/immutable/chunks/CdmybEQh.js                                        4.33 kB │ gzip:   2.05 kB
.svelte-kit/output/client/_app/immutable/nodes/80.DfTOTTEy.js                                      4.35 kB │ gzip:   1.87 kB
.svelte-kit/output/client/_app/immutable/chunks/BXe7xQdq.js                                        4.47 kB │ gzip:   1.94 kB
.svelte-kit/output/client/_app/immutable/chunks/CcoRUgDH.js                                        4.56 kB │ gzip:   1.71 kB
.svelte-kit/output/client/_app/immutable/chunks/DaFdyVLp.js                                        4.59 kB │ gzip:   1.68 kB
.svelte-kit/output/client/_app/immutable/chunks/Do2N0HEC.js                                        4.77 kB │ gzip:   2.14 kB
.svelte-kit/output/client/_app/immutable/chunks/CPJwIVcc.js                                        4.80 kB │ gzip:   1.84 kB
.svelte-kit/output/client/_app/immutable/chunks/CAjHKeLd.js                                        4.83 kB │ gzip:   1.94 kB
.svelte-kit/output/client/_app/immutable/chunks/BfXYPtLe.js                                        4.85 kB │ gzip:   2.10 kB
.svelte-kit/output/client/_app/immutable/chunks/DCMCwWQn.js                                        4.87 kB │ gzip:   2.22 kB
.svelte-kit/output/client/_app/immutable/chunks/BafhDO7N.js                                        4.94 kB │ gzip:   1.80 kB
.svelte-kit/output/client/_app/immutable/chunks/nEIz9TFw.js                                        4.95 kB │ gzip:   1.56 kB
.svelte-kit/output/client/_app/immutable/chunks/Bo5A9E8w.js                                        4.96 kB │ gzip:   2.29 kB
.svelte-kit/output/client/_app/immutable/chunks/JsYavXLH.js                                        5.01 kB │ gzip:   2.23 kB
.svelte-kit/output/client/_app/immutable/chunks/BdrHZazx.js                                        5.03 kB │ gzip:   2.45 kB
.svelte-kit/output/client/_app/immutable/chunks/CCeKyeOl.js                                        5.07 kB │ gzip:   2.04 kB
.svelte-kit/output/client/_app/immutable/chunks/DnKspqlD.js                                        5.18 kB │ gzip:   1.96 kB
.svelte-kit/output/client/_app/immutable/chunks/tyQrMib1.js                                        5.29 kB │ gzip:   2.44 kB
.svelte-kit/output/client/_app/immutable/chunks/wLqpmzTL.js                                        5.40 kB │ gzip:   2.04 kB
.svelte-kit/output/client/_app/immutable/chunks/C2Pc2SpT.js                                        5.45 kB │ gzip:   2.24 kB
.svelte-kit/output/client/_app/immutable/chunks/WuSeDwhV.js                                        5.55 kB │ gzip:   1.71 kB
.svelte-kit/output/client/_app/immutable/chunks/CZTl3NEx.js                                        5.63 kB │ gzip:   1.90 kB
.svelte-kit/output/client/_app/immutable/nodes/22.aiNhOm1g.js                                      5.80 kB │ gzip:   2.58 kB
.svelte-kit/output/client/_app/immutable/nodes/70.8hu4FnPC.js                                      5.98 kB │ gzip:   2.44 kB
.svelte-kit/output/client/_app/immutable/chunks/PSpsjRN_.js                                        6.10 kB │ gzip:   2.53 kB
.svelte-kit/output/client/_app/immutable/nodes/54.CXOyJprZ.js                                      6.19 kB │ gzip:   2.70 kB
.svelte-kit/output/client/_app/immutable/chunks/DutGBxVf.js                                        6.24 kB │ gzip:   2.68 kB
.svelte-kit/output/client/_app/immutable/chunks/D7GRoCT8.js                                        6.39 kB │ gzip:   2.44 kB
.svelte-kit/output/client/_app/immutable/nodes/29.DqjR68Vv.js                                      6.45 kB │ gzip:   2.83 kB
.svelte-kit/output/client/_app/immutable/chunks/gwOOnLxE.js                                        6.54 kB │ gzip:   2.70 kB
.svelte-kit/output/client/_app/immutable/chunks/BU1eozyL.js                                        6.72 kB │ gzip:   2.97 kB
.svelte-kit/output/client/_app/immutable/chunks/BPvTZ-8u.js                                        6.77 kB │ gzip:   2.69 kB
.svelte-kit/output/client/_app/immutable/chunks/Bl-5eRS6.js                                        6.81 kB │ gzip:   2.68 kB
.svelte-kit/output/client/_app/immutable/nodes/57.CFu3qd-5.js                                      6.85 kB │ gzip:   2.70 kB
.svelte-kit/output/client/_app/immutable/chunks/DXEGAdAX.js                                        6.87 kB │ gzip:   2.23 kB
.svelte-kit/output/client/_app/immutable/chunks/JXTE5yy8.js                                        7.00 kB │ gzip:   2.97 kB
.svelte-kit/output/client/_app/immutable/nodes/89.Cd_4bNEd.js                                      7.09 kB │ gzip:   2.85 kB
.svelte-kit/output/client/_app/immutable/nodes/55.B_vvNxpQ.js                                      7.16 kB │ gzip:   2.91 kB
.svelte-kit/output/client/_app/immutable/chunks/mNia7-aX.js                                        7.28 kB │ gzip:   3.29 kB
.svelte-kit/output/client/_app/immutable/nodes/108.CjOO73TK.js                                     7.31 kB │ gzip:   3.09 kB
.svelte-kit/output/client/_app/immutable/nodes/21.CCQkKm0L.js                                      7.49 kB │ gzip:   3.28 kB
.svelte-kit/output/client/_app/immutable/chunks/R9-gN9Ai.js                                        7.62 kB │ gzip:   3.32 kB
.svelte-kit/output/client/_app/immutable/nodes/122.BA-BEusA.js                                     7.78 kB │ gzip:   3.44 kB
.svelte-kit/output/client/_app/immutable/chunks/r2ogBa56.js                                        7.83 kB │ gzip:   1.39 kB
.svelte-kit/output/client/_app/immutable/chunks/BzPs1d7_.js                                        8.00 kB │ gzip:   3.20 kB
.svelte-kit/output/client/_app/immutable/chunks/Bf5CGCSK.js                                        8.06 kB │ gzip:   3.09 kB
.svelte-kit/output/client/_app/immutable/nodes/109.Cog_s9Lw.js                                     8.11 kB │ gzip:   3.15 kB
.svelte-kit/output/client/_app/immutable/nodes/35.CBIdM94T.js                                      8.55 kB │ gzip:   3.69 kB
.svelte-kit/output/client/_app/immutable/nodes/20.DZLf01jD.js                                      8.56 kB │ gzip:   3.61 kB
.svelte-kit/output/client/_app/immutable/chunks/B4O4hhlu.js                                        8.65 kB │ gzip:   3.25 kB
.svelte-kit/output/client/_app/immutable/nodes/97.CW0bUmJ6.js                                      9.05 kB │ gzip:   3.43 kB
.svelte-kit/output/client/_app/immutable/nodes/79.B-u7ibb-.js                                      9.05 kB │ gzip:   3.32 kB
.svelte-kit/output/client/_app/immutable/nodes/86._ccLF6Ol.js                                      9.18 kB │ gzip:   3.44 kB
.svelte-kit/output/client/_app/immutable/nodes/63.l0aCD0QR.js                                      9.31 kB │ gzip:   3.55 kB
.svelte-kit/output/client/_app/immutable/nodes/117.LcZVnh4g.js                                     9.83 kB │ gzip:   3.92 kB
.svelte-kit/output/client/_app/immutable/chunks/Dgx-tEEG.js                                       10.04 kB │ gzip:   4.01 kB
.svelte-kit/output/client/_app/immutable/chunks/B-WqkVFz.js                                       10.40 kB │ gzip:   4.12 kB
.svelte-kit/output/client/_app/immutable/chunks/ZfQH61GK.js                                       10.66 kB │ gzip:   3.46 kB
.svelte-kit/output/client/_app/immutable/nodes/88.C0B3GA6p.js                                     10.74 kB │ gzip:   4.18 kB
.svelte-kit/output/client/_app/immutable/nodes/112.CNe1Rw2Z.js                                    11.10 kB │ gzip:   4.57 kB
.svelte-kit/output/client/_app/immutable/nodes/31.CAdYCbS_.js                                     11.55 kB │ gzip:   4.47 kB
.svelte-kit/output/client/_app/immutable/chunks/IFUGld0v.js                                       11.60 kB │ gzip:   4.33 kB
.svelte-kit/output/client/_app/immutable/chunks/C4-IXbCf.js                                       11.72 kB │ gzip:   3.76 kB
.svelte-kit/output/client/_app/immutable/nodes/17.ZrJLYZ6b.js                                     11.90 kB │ gzip:   4.19 kB
.svelte-kit/output/client/_app/immutable/nodes/69.B41k1OPD.js                                     11.92 kB │ gzip:   4.74 kB
.svelte-kit/output/client/_app/immutable/nodes/4.DmmzEqS5.js                                      11.95 kB │ gzip:   4.45 kB
.svelte-kit/output/client/_app/immutable/chunks/DZH28LlA.js                                       12.07 kB │ gzip:   3.95 kB
.svelte-kit/output/client/_app/immutable/chunks/CTQaC57q.js                                       12.46 kB │ gzip:   5.19 kB
.svelte-kit/output/client/_app/immutable/nodes/51.CDoo2Z5R.js                                     12.74 kB │ gzip:   4.79 kB
.svelte-kit/output/client/_app/immutable/nodes/32.DSf9UBt-.js                                     13.68 kB │ gzip:   5.19 kB
.svelte-kit/output/client/_app/immutable/nodes/16.DX59wAwZ.js                                     13.85 kB │ gzip:   4.95 kB
.svelte-kit/output/client/_app/immutable/chunks/XwITT_fV.js                                       13.90 kB │ gzip:   4.72 kB
.svelte-kit/output/client/_app/immutable/nodes/38.9LjV7jvN.js                                     14.40 kB │ gzip:   6.11 kB
.svelte-kit/output/client/_app/immutable/chunks/B5pvIOws.js                                       14.87 kB │ gzip:   5.49 kB
.svelte-kit/output/client/_app/immutable/nodes/18.BezCoaze.js                                     15.01 kB │ gzip:   5.55 kB
.svelte-kit/output/client/_app/immutable/nodes/3.Clj5Bg3h.js                                      15.55 kB │ gzip:   5.80 kB
.svelte-kit/output/client/_app/immutable/nodes/36.BNmLV9JJ.js                                     15.83 kB │ gzip:   6.22 kB
.svelte-kit/output/client/_app/immutable/chunks/C6xHUsg2.js                                       15.83 kB │ gzip:   6.83 kB
.svelte-kit/output/client/_app/immutable/nodes/37.CsR5mF6h.js                                     16.76 kB │ gzip:   6.40 kB
.svelte-kit/output/client/_app/immutable/nodes/28.CCR5mqV4.js                                     17.10 kB │ gzip:   5.91 kB
.svelte-kit/output/client/_app/immutable/chunks/NtgKQKZo.js                                       17.93 kB │ gzip:   6.63 kB
.svelte-kit/output/client/_app/immutable/nodes/49.C-8tpvQn.js                                     17.93 kB │ gzip:   6.67 kB
.svelte-kit/output/client/_app/immutable/chunks/Dksvxr0I.js                                       18.75 kB │ gzip:   7.73 kB
.svelte-kit/output/client/_app/immutable/nodes/118.DjO2oRj1.js                                    20.59 kB │ gzip:   7.59 kB
.svelte-kit/output/client/_app/immutable/nodes/9.CwTdTx-S.js                                      21.44 kB │ gzip:   8.02 kB
.svelte-kit/output/client/_app/immutable/nodes/42.BGaueA43.js                                     21.70 kB │ gzip:   8.08 kB
.svelte-kit/output/client/_app/immutable/nodes/116.CuAwIUGj.js                                    21.95 kB │ gzip:   7.88 kB
.svelte-kit/output/client/_app/immutable/chunks/O_uBb2JZ.js                                       22.19 kB │ gzip:   7.29 kB
.svelte-kit/output/client/_app/immutable/chunks/DEyIt0e-.js                                       22.31 kB │ gzip:   5.69 kB
.svelte-kit/output/client/_app/immutable/nodes/7.CFobEYgm.js                                      23.03 kB │ gzip:   8.54 kB
.svelte-kit/output/client/_app/immutable/nodes/5.ClSr5-9o.js                                      23.05 kB │ gzip:   7.99 kB
.svelte-kit/output/client/_app/immutable/nodes/114.BRKPMkSS.js                                    23.90 kB │ gzip:   9.07 kB
.svelte-kit/output/client/_app/immutable/chunks/CA5TGSMa.js                                       24.01 kB │ gzip:   9.32 kB
.svelte-kit/output/client/_app/immutable/nodes/8.BH4SiUTp.js                                      26.13 kB │ gzip:   9.28 kB
.svelte-kit/output/client/_app/immutable/nodes/121.ClL-DPX-.js                                    28.25 kB │ gzip:   9.59 kB
.svelte-kit/output/client/_app/immutable/nodes/40.iw9KWwQ0.js                                     28.87 kB │ gzip:  13.83 kB
.svelte-kit/output/client/_app/immutable/nodes/53.BqaXBmQ_.js                                     30.46 kB │ gzip:   9.57 kB
.svelte-kit/output/client/_app/immutable/chunks/tHfljsLV.js                                       31.07 kB │ gzip:  12.82 kB
.svelte-kit/output/client/_app/immutable/nodes/13.DtL5uuFO.js                                     31.74 kB │ gzip:  11.02 kB
.svelte-kit/output/client/_app/immutable/nodes/12.ImHyk9Uw.js                                     31.84 kB │ gzip:  10.80 kB
.svelte-kit/output/client/_app/immutable/nodes/10.oXzyObLa.js                                     32.13 kB │ gzip:  10.53 kB
.svelte-kit/output/client/_app/immutable/nodes/106.CJC__Cu4.js                                    33.30 kB │ gzip:  11.97 kB
.svelte-kit/output/client/_app/immutable/nodes/11.BzzTcf9m.js                                     34.32 kB │ gzip:  12.10 kB
.svelte-kit/output/client/_app/immutable/nodes/14.AfdI52Qp.js                                     35.57 kB │ gzip:  12.34 kB
.svelte-kit/output/client/_app/immutable/chunks/CoArI9bG.js                                       36.23 kB │ gzip:  14.11 kB
.svelte-kit/output/client/_app/immutable/nodes/15.E2NH57Oa.js                                     36.80 kB │ gzip:  12.06 kB
.svelte-kit/output/client/_app/immutable/chunks/BDjOuIKD.js                                       38.04 kB │ gzip:  10.77 kB
.svelte-kit/output/client/_app/immutable/nodes/34.JOMZf_Hb.js                                     40.08 kB │ gzip:  12.83 kB
.svelte-kit/output/client/_app/immutable/chunks/7oFi3l0c.js                                       40.25 kB │ gzip:  15.71 kB
.svelte-kit/output/client/_app/immutable/chunks/BKiSi350.js                                       41.10 kB │ gzip:  15.51 kB
.svelte-kit/output/client/_app/immutable/nodes/30.Dn08BmFq.js                                     42.10 kB │ gzip:  12.78 kB
.svelte-kit/output/client/_app/immutable/nodes/64.2tSTXdGL.js                                     43.01 kB │ gzip:  13.90 kB
.svelte-kit/output/client/_app/immutable/nodes/2.TfX2c5zp.js                                      44.20 kB │ gzip:  15.43 kB
.svelte-kit/output/client/_app/immutable/chunks/n47tNPyv.js                                       44.39 kB │ gzip:  10.27 kB
.svelte-kit/output/client/_app/immutable/chunks/Bd1ED-lO.js                                       55.76 kB │ gzip:  20.47 kB
.svelte-kit/output/client/_app/immutable/entry/app.TOHbh8on.js                                    62.20 kB │ gzip:  14.88 kB
.svelte-kit/output/client/_app/immutable/chunks/E0ajtelo.js                                       62.34 kB │ gzip:  20.98 kB
.svelte-kit/output/client/_app/immutable/chunks/JePX_Vvp.js                                       67.68 kB │ gzip:  20.06 kB
.svelte-kit/output/client/_app/immutable/chunks/1-H0tPSp.js                                       85.01 kB │ gzip:  28.36 kB
.svelte-kit/output/client/_app/immutable/nodes/120.C7Z2P5T2.js                                   103.00 kB │ gzip:  35.43 kB
.svelte-kit/output/client/_app/immutable/chunks/C-AcoTlm.js                                      129.10 kB │ gzip:  35.21 kB
.svelte-kit/output/client/_app/immutable/nodes/75.dfJ8ER2o.js                                    192.59 kB │ gzip:  22.47 kB
.svelte-kit/output/client/_app/immutable/chunks/BNDTNUIh.js                                      216.62 kB │ gzip:  78.84 kB
.svelte-kit/output/client/_app/immutable/chunks/VJcNm7C7.js                                      409.52 kB │ gzip: 123.06 kB
✓ built in 17.84s
vite v6.4.3 building for production...
transforming...
✓ 6 modules transformed.
rendering chunks...
computing gzip size...
.svelte-kit/output/client/service-worker.mjs  55.97 kB │ gzip: 10.62 kB
✓ built in 23ms
.svelte-kit/output/server/.vite/manifest.json                                            167.34 kB
.svelte-kit/output/server/_app/immutable/assets/ChoiceChips.BbnDpI89.css                   0.04 kB
.svelte-kit/output/server/_app/immutable/assets/_page.of10DU40.css                         0.06 kB
.svelte-kit/output/server/_app/immutable/assets/_page.CEBZhOUt.css                         0.06 kB
.svelte-kit/output/server/_app/immutable/assets/TimePicker.CE82Svbs.css                    0.06 kB
.svelte-kit/output/server/_app/immutable/assets/_page.BVl2XI1B.css                         0.07 kB
.svelte-kit/output/server/_app/immutable/assets/ReadGate.TZFwY6rr.css                      0.07 kB
.svelte-kit/output/server/_app/immutable/assets/VoicePlayer.DfYc2k3w.css                   0.08 kB
.svelte-kit/output/server/_app/immutable/assets/_page.Bd46l6SV.css                         0.08 kB
.svelte-kit/output/server/_app/immutable/assets/DiscardSheet.BsHAsh63.css                  0.08 kB
.svelte-kit/output/server/_app/immutable/assets/_page.mj4dWElF.css                         0.08 kB
.svelte-kit/output/server/_app/immutable/assets/DatePicker.DlN0ynQY.css                    0.10 kB
.svelte-kit/output/server/_app/immutable/assets/Mark.DE7SL4Vi.css                          0.10 kB
.svelte-kit/output/server/_app/immutable/assets/StarredPhotoGrid.D4aGZdrr.css              0.10 kB
.svelte-kit/output/server/_app/immutable/assets/_page.CQcf1K4S.css                         0.10 kB
.svelte-kit/output/server/_app/immutable/assets/Field.Cp5H9ar4.css                         0.11 kB
.svelte-kit/output/server/_app/immutable/assets/Disclosure.BfdGALZ3.css                    0.11 kB
.svelte-kit/output/server/_app/immutable/assets/Sheet.WF98ji7b.css                         0.12 kB
.svelte-kit/output/server/_app/immutable/assets/PhotoChipRow.BTGNYTJS.css                  0.12 kB
.svelte-kit/output/server/_app/immutable/assets/AreaFinish.-OlMNacw.css                    0.12 kB
.svelte-kit/output/server/_app/immutable/assets/_page.CuNQlFjE.css                         0.16 kB
.svelte-kit/output/server/_app/immutable/assets/LockAfterChoice.Ddgi9Atd.css               0.16 kB
.svelte-kit/output/server/_app/immutable/assets/_page.S4ZZ67Tq.css                         0.18 kB
.svelte-kit/output/server/_app/immutable/assets/_page.SMKwTFWO.css                         0.18 kB
.svelte-kit/output/server/_app/immutable/assets/BatchedList.DCwU6d5m.css                   0.18 kB
.svelte-kit/output/server/_app/immutable/assets/recordEditor.C3Tj5awG.css                  0.18 kB
.svelte-kit/output/server/_app/immutable/assets/ChartEmpty.GQUIpUCB.css                    0.21 kB
.svelte-kit/output/server/_app/immutable/assets/_page.Cqpw2BgU.css                         0.22 kB
.svelte-kit/output/server/_app/immutable/assets/ReadReserve.C2LZY4RV.css                   0.23 kB
.svelte-kit/output/server/_app/immutable/assets/_page.eoVubTdL.css                         0.23 kB
.svelte-kit/output/server/_app/immutable/assets/SectionHeading.ID5KBm2j.css                0.28 kB
.svelte-kit/output/server/_app/immutable/assets/DayEntry.Bu5Wbcsl.css                      0.30 kB
.svelte-kit/output/server/_app/immutable/assets/DayStrip.B7QAMYMR.css                      0.30 kB
.svelte-kit/output/server/_app/immutable/assets/PhotoViewer.wiP4e9SP.css                   0.30 kB
.svelte-kit/output/server/_app/immutable/assets/_page.CQw7zpdv.css                         0.33 kB
.svelte-kit/output/server/_app/immutable/assets/_page.CI7QDOx4.css                         0.36 kB
.svelte-kit/output/server/_app/immutable/assets/_page.CXnhmm0l.css                         0.37 kB
.svelte-kit/output/server/_app/immutable/assets/MoodPicker.CvIeG4k5.css                    0.40 kB
.svelte-kit/output/server/_app/immutable/assets/_page.CPhR4P_6.css                         0.41 kB
.svelte-kit/output/server/_app/immutable/assets/_page.h46nGzGy.css                         0.42 kB
.svelte-kit/output/server/_app/immutable/assets/ResurfacedPhoto.BsNd1DnI.css               0.43 kB
.svelte-kit/output/server/_app/immutable/assets/_page.UPdwmlbY.css                         0.45 kB
.svelte-kit/output/server/_app/immutable/assets/_page.BDOcdHut.css                         0.47 kB
.svelte-kit/output/server/_app/immutable/assets/ListRow.CiHXLe9J.css                       0.52 kB
.svelte-kit/output/server/_app/immutable/assets/_page.DMTQKXfm.css                         0.52 kB
.svelte-kit/output/server/_app/immutable/assets/_page.BHn5oNMp.css                         0.57 kB
.svelte-kit/output/server/_app/immutable/assets/Slider.BXP1_4jw.css                        0.58 kB
.svelte-kit/output/server/_app/immutable/assets/_page.DuykILfM.css                         0.59 kB
.svelte-kit/output/server/_app/immutable/assets/AccessModeSetup.CY_RCkLZ.css               0.63 kB
.svelte-kit/output/server/_app/immutable/assets/_page.DQaaOZwE.css                         0.65 kB
.svelte-kit/output/server/_app/immutable/assets/_page.CREmaxDU.css                         0.69 kB
.svelte-kit/output/server/_app/immutable/assets/EntryDays.KFwCzU7O.css                     0.73 kB
.svelte-kit/output/server/_app/immutable/assets/paletteChoices.5eW7Hsp3.css                0.74 kB
.svelte-kit/output/server/_app/immutable/assets/_page.C-zrSfY2.css                         0.77 kB
.svelte-kit/output/server/_app/immutable/assets/BarRows.Bb6BeN1l.css                       0.80 kB
.svelte-kit/output/server/_app/immutable/assets/_page.DMq53CQh.css                         0.99 kB
.svelte-kit/output/server/_app/immutable/assets/PermissionList.BCzL9iFe.css                1.01 kB
.svelte-kit/output/server/_app/immutable/assets/AreaChart.tHrbTiod.css                     1.02 kB
.svelte-kit/output/server/_app/immutable/assets/_page.DPXysF5w.css                         1.04 kB
.svelte-kit/output/server/_app/immutable/assets/SectionJump.1J8E0XY_.css                   1.08 kB
.svelte-kit/output/server/_app/immutable/assets/_page.B53SW1_6.css                         1.12 kB
.svelte-kit/output/server/_app/immutable/assets/Progress.SBS-oeAf.css                      1.17 kB
.svelte-kit/output/server/_app/immutable/assets/VideoNotePlayer.DTdOsAFH.css               1.23 kB
.svelte-kit/output/server/_app/immutable/assets/_page.D7KdTqu1.css                         1.24 kB
.svelte-kit/output/server/_app/immutable/assets/_page.9MbRvaAX.css                         1.31 kB
.svelte-kit/output/server/_app/immutable/assets/_page.kEFcd-Te.css                         1.32 kB
.svelte-kit/output/server/_app/immutable/assets/_page.BnR614Hk.css                         1.34 kB
.svelte-kit/output/server/_app/immutable/assets/_page.Bn9GCQXX.css                         1.48 kB
.svelte-kit/output/server/_app/immutable/assets/MarginNotes.DlJD_wR_.css                   1.49 kB
.svelte-kit/output/server/_app/immutable/assets/_page.DS_vwP0z.css                         1.57 kB
.svelte-kit/output/server/_app/immutable/assets/_page.DBU3SNN6.css                         1.84 kB
.svelte-kit/output/server/_app/immutable/assets/_page.UXCVPqfq.css                         1.98 kB
.svelte-kit/output/server/_app/immutable/assets/_page.CFYcMjKX.css                         2.01 kB
.svelte-kit/output/server/_app/immutable/assets/_page.4n3QXRvz.css                         2.22 kB
.svelte-kit/output/server/_app/immutable/assets/MediaTransport.BN9-jv-w.css                2.38 kB
.svelte-kit/output/server/_app/immutable/assets/_page.DFMeOLli.css                         2.43 kB
.svelte-kit/output/server/_app/immutable/assets/LetterCard.Di-Uw7Zp.css                    2.45 kB
.svelte-kit/output/server/_app/immutable/assets/MonthJump.C0m-qm19.css                     2.45 kB
.svelte-kit/output/server/_app/immutable/assets/_page.CoKWfiC3.css                         2.52 kB
.svelte-kit/output/server/_app/immutable/assets/InjectionSiteMap.DHQEH5rW.css              2.92 kB
.svelte-kit/output/server/_app/immutable/assets/_page.DnvLKmo_.css                         3.03 kB
.svelte-kit/output/server/_app/immutable/assets/PhotoWipe.DKQOpbK5.css                     3.06 kB
.svelte-kit/output/server/_app/immutable/assets/_page.DKcmTNrm.css                         3.15 kB
.svelte-kit/output/server/_app/immutable/assets/_page.DF-lNooU.css                         3.17 kB
.svelte-kit/output/server/_app/immutable/assets/_page.Dy3w9UT7.css                         3.24 kB
.svelte-kit/output/server/_app/immutable/assets/_page.3q4PdC6L.css                         3.93 kB
.svelte-kit/output/server/_app/immutable/assets/_page.2NQjQ2Rh.css                         5.62 kB
.svelte-kit/output/server/_app/immutable/assets/_page.DYpW2GYQ.css                         5.75 kB
.svelte-kit/output/server/_app/immutable/assets/_page.iQZQGxvD.css                         5.81 kB
.svelte-kit/output/server/_app/immutable/assets/_page.BpFVhXVZ.css                         6.10 kB
.svelte-kit/output/server/_app/immutable/assets/_page.C7cKrYpr.css                         6.52 kB
.svelte-kit/output/server/_app/immutable/assets/_page.D7ObSVRe.css                         6.98 kB
.svelte-kit/output/server/_app/immutable/assets/EntryEditor.-FnDDmSr.css                   7.12 kB
.svelte-kit/output/server/_app/immutable/assets/_page.DULtU1Sy.css                         8.10 kB
.svelte-kit/output/server/_app/immutable/assets/_page.bo3SwQBz.css                         8.83 kB
.svelte-kit/output/server/_app/immutable/assets/_page.BLG8eB3C.css                        10.45 kB
.svelte-kit/output/server/_app/immutable/assets/PairedDots.ymNTlWXs.css                   11.18 kB
.svelte-kit/output/server/_app/immutable/assets/_layout.Bm66zvH5.css                     124.72 kB
.svelte-kit/output/server/chunks/PickerHost.svelte_svelte_type_style_lang.js               0.00 kB
.svelte-kit/output/server/entries/pages/_layout.ts.js                                      0.08 kB
.svelte-kit/output/server/entries/pages/doses/_page.ts.js                                  0.08 kB
.svelte-kit/output/server/entries/pages/timeline/_page.ts.js                               0.08 kB
.svelte-kit/output/server/entries/pages/body/sizes/_page.ts.js                             0.08 kB
.svelte-kit/output/server/entries/pages/doubt/moments/_page.ts.js                          0.08 kB
.svelte-kit/output/server/entries/pages/doubt/readings/_page.ts.js                         0.08 kB
.svelte-kit/output/server/entries/pages/health/appointment-prep/_page.ts.js                0.08 kB
.svelte-kit/output/server/entries/pages/health/side-effects/_page.ts.js                    0.08 kB
.svelte-kit/output/server/entries/pages/practice/entry-templates/_page.ts.js               0.08 kB
.svelte-kit/output/server/entries/pages/practice/personal-effects/_page.ts.js              0.08 kB
.svelte-kit/output/server/entries/pages/practice/resources/_page.ts.js                     0.08 kB
.svelte-kit/output/server/entries/pages/practice/voice/_page.ts.js                         0.08 kB
.svelte-kit/output/server/entries/pages/practice/wear/_page.ts.js                          0.08 kB
.svelte-kit/output/server/entries/pages/search/questions/_page.ts.js                       0.08 kB
.svelte-kit/output/server/entries/pages/search/starred/_page.ts.js                         0.08 kB
.svelte-kit/output/server/entries/pages/settings/appointment-prep/_page.ts.js              0.08 kB
.svelte-kit/output/server/entries/pages/settings/clinician-summary/_page.ts.js             0.08 kB
.svelte-kit/output/server/entries/pages/settings/cycle-events/_page.ts.js                  0.08 kB
.svelte-kit/output/server/entries/pages/settings/dilation/_page.ts.js                      0.08 kB
.svelte-kit/output/server/entries/pages/settings/entry-templates/_page.ts.js               0.08 kB
.svelte-kit/output/server/entries/pages/settings/exposure/_page.ts.js                      0.08 kB
.svelte-kit/output/server/entries/pages/settings/hair-progress/_page.ts.js                 0.08 kB
.svelte-kit/output/server/entries/pages/settings/hair-removal/_page.ts.js                  0.08 kB
.svelte-kit/output/server/entries/pages/settings/hormone-curve/_page.ts.js                 0.08 kB
.svelte-kit/output/server/entries/pages/settings/journey-anchor/_page.ts.js                0.08 kB
.svelte-kit/output/server/entries/pages/settings/labs/_page.ts.js                          0.08 kB
.svelte-kit/output/server/entries/pages/settings/letters/_page.ts.js                       0.08 kB
.svelte-kit/output/server/entries/pages/settings/live-tiles/_page.ts.js                    0.08 kB
.svelte-kit/output/server/entries/pages/settings/measurements/_page.ts.js                  0.08 kB
.svelte-kit/output/server/entries/pages/settings/milestones/_page.ts.js                    0.08 kB
.svelte-kit/output/server/entries/pages/settings/personal-effects/_page.ts.js              0.08 kB
.svelte-kit/output/server/entries/pages/settings/photos/_page.ts.js                        0.08 kB
.svelte-kit/output/server/entries/pages/settings/presentations/_page.ts.js                 0.08 kB
.svelte-kit/output/server/entries/pages/settings/regimen/_page.ts.js                       0.08 kB
.svelte-kit/output/server/entries/pages/settings/resources/_page.ts.js                     0.08 kB
.svelte-kit/output/server/entries/pages/settings/roadmap/_page.ts.js                       0.08 kB
.svelte-kit/output/server/entries/pages/settings/side-effects/_page.ts.js                  0.08 kB
.svelte-kit/output/server/entries/pages/settings/sizes/_page.ts.js                         0.08 kB
.svelte-kit/output/server/entries/pages/settings/stock/_page.ts.js                         0.08 kB
.svelte-kit/output/server/entries/pages/settings/surgery/_page.ts.js                       0.08 kB
.svelte-kit/output/server/entries/pages/settings/tryouts/_page.ts.js                       0.08 kB
.svelte-kit/output/server/entries/pages/settings/voice/_page.ts.js                         0.08 kB
.svelte-kit/output/server/entries/pages/settings/wear/_page.ts.js                          0.08 kB
.svelte-kit/output/server/entries/pages/transition/eras/_page.ts.js                        0.08 kB
.svelte-kit/output/server/entries/pages/transition/presentations/_page.ts.js               0.08 kB
.svelte-kit/output/server/entries/pages/transition/words/_page.ts.js                       0.08 kB
.svelte-kit/output/server/entries/pages/media/voice/memos/_page.ts.js                      0.09 kB
.svelte-kit/output/server/entries/pages/practice/voice/metrics/_page.ts.js                 0.09 kB
.svelte-kit/output/server/entries/pages/settings/letters/_id_/_page.ts.js                  0.09 kB
.svelte-kit/output/server/entries/pages/settings/photos/export/_page.ts.js                 0.09 kB
.svelte-kit/output/server/entries/pages/settings/tryouts/_id_/_page.ts.js                  0.09 kB
.svelte-kit/output/server/entries/pages/settings/voice/memos/_page.ts.js                   0.09 kB
.svelte-kit/output/server/entries/pages/settings/voice/metrics/_page.ts.js                 0.09 kB
.svelte-kit/output/server/chunks/activeFlag.svelte.js                                      0.10 kB
.svelte-kit/output/server/chunks/detailDraft.js                                            0.12 kB
.svelte-kit/output/server/chunks/sealedUntil.js                                            0.13 kB
.svelte-kit/output/server/chunks/android-bridge2.js                                        0.13 kB
.svelte-kit/output/server/chunks/android-bridge3.js                                        0.14 kB
.svelte-kit/output/server/chunks/rowIcon.js                                                0.15 kB
.svelte-kit/output/server/chunks/today.svelte.js                                           0.15 kB
.svelte-kit/output/server/chunks/garmentCategories.js                                      0.17 kB
.svelte-kit/output/server/chunks/indicator.js                                              0.18 kB
.svelte-kit/output/server/chunks/android-bridge.js                                         0.19 kB
.svelte-kit/output/server/chunks/hairRemovalAreas.js                                       0.19 kB
.svelte-kit/output/server/chunks/ui.svelte.js                                              0.19 kB
.svelte-kit/output/server/chunks/index-server2.js                                          0.20 kB
.svelte-kit/output/server/chunks/index-server.js                                           0.22 kB
.svelte-kit/output/server/chunks/UpdateNotice.js                                           0.23 kB
.svelte-kit/output/server/env.js                                                           0.23 kB
.svelte-kit/output/server/chunks/container.svelte.js                                       0.25 kB
.svelte-kit/output/server/entries/hooks.server.js                                          0.25 kB
.svelte-kit/output/server/chunks/smart-back.js                                             0.25 kB
.svelte-kit/output/server/chunks/identity.js                                               0.26 kB
.svelte-kit/output/server/chunks/platform.js                                               0.28 kB
.svelte-kit/output/server/chunks/autoSource.js                                             0.29 kB
.svelte-kit/output/server/chunks/channel-timeout.js                                        0.29 kB
.svelte-kit/output/server/chunks/client.js                                                 0.31 kB
.svelte-kit/output/server/internal.js                                                      0.36 kB
.svelte-kit/output/server/entries/fallbacks/error.svelte.js                                0.39 kB
.svelte-kit/output/server/chunks/role.js                                                   0.40 kB
.svelte-kit/output/server/chunks/counterevidence.js                                        0.40 kB
.svelte-kit/output/server/chunks/playback.js                                               0.41 kB
.svelte-kit/output/server/entries/pages/entry/_id_/_page.svelte.js                         0.41 kB
.svelte-kit/output/server/chunks/flagSun.js                                                0.42 kB
.svelte-kit/output/server/chunks/state.svelte.js                                           0.43 kB
.svelte-kit/output/server/chunks/adoptionMood.js                                           0.46 kB
.svelte-kit/output/server/chunks/FieldGroupHeading.js                                      0.46 kB
.svelte-kit/output/server/chunks/back.js                                                   0.47 kB
.svelte-kit/output/server/chunks/mood.js                                                   0.47 kB
.svelte-kit/output/server/chunks/skip.js                                                   0.47 kB
.svelte-kit/output/server/chunks/done.js                                                   0.47 kB
.svelte-kit/output/server/chunks/today.js                                                  0.48 kB
.svelte-kit/output/server/chunks/entry.js                                                  0.48 kB
.svelte-kit/output/server/chunks/saved.js                                                  0.48 kB
.svelte-kit/output/server/chunks/cancel.js                                                 0.49 kB
.svelte-kit/output/server/chunks/search.js                                                 0.49 kB
.svelte-kit/output/server/chunks/dismiss.js                                                0.49 kB
.svelte-kit/output/server/chunks/not_now.js                                                0.49 kB
.svelte-kit/output/server/chunks/wrapped.js                                                0.49 kB
.svelte-kit/output/server/chunks/keep_it.js                                                0.49 kB
.svelte-kit/output/server/chunks/regimen.js                                                0.49 kB
.svelte-kit/output/server/chunks/app_name.js                                               0.50 kB
.svelte-kit/output/server/chunks/dilation.js                                               0.50 kB
.svelte-kit/output/server/chunks/size_log.js                                               0.50 kB
.svelte-kit/output/server/chunks/vb_hz.js                                                  0.51 kB
.svelte-kit/output/server/chunks/vb_title.js                                               0.51 kB
.svelte-kit/output/server/chunks/reminders.js                                              0.51 kB
.svelte-kit/output/server/chunks/dose_save.js                                              0.51 kB
.svelte-kit/output/server/chunks/new_entry.js                                              0.51 kB
.svelte-kit/output/server/chunks/eras_title.js                                             0.51 kB
.svelte-kit/output/server/chunks/milestones.js                                             0.52 kB
.svelte-kit/output/server/chunks/trash_title.js                                            0.52 kB
.svelte-kit/output/server/chunks/pdf-floor.js                                              0.52 kB
.svelte-kit/output/server/chunks/cycleTracking.js                                          0.53 kB
.svelte-kit/output/server/chunks/on_this_day.js                                            0.53 kB
.svelte-kit/output/server/chunks/lab_results.js                                            0.53 kB
.svelte-kit/output/server/chunks/manage_tags.js                                            0.53 kB
.svelte-kit/output/server/chunks/cycle_events.js                                           0.53 kB
.svelte-kit/output/server/chunks/apart_suffix.js                                           0.53 kB
.svelte-kit/output/server/chunks/tryout_title.js                                           0.53 kB
.svelte-kit/output/server/chunks/nav_calendar.js                                           0.53 kB
.svelte-kit/output/server/chunks/nav_settings.js                                           0.53 kB
.svelte-kit/output/server/chunks/nav_lookback.js                                           0.53 kB
.svelte-kit/output/server/chunks/stock_title.js                                            0.53 kB
.svelte-kit/output/server/chunks/disguise_name.js                                          0.53 kB
.svelte-kit/output/server/chunks/side_effects.js                                           0.53 kB
.svelte-kit/output/server/chunks/unstar_photo.js                                           0.53 kB
.svelte-kit/output/server/chunks/doses_add_aria.js                                         0.54 kB
.svelte-kit/output/server/chunks/notif_title.js                                            0.54 kB
.svelte-kit/output/server/chunks/cd_range_label.js                                         0.54 kB
.svelte-kit/output/server/chunks/list_more.js                                              0.54 kB
.svelte-kit/output/server/chunks/checkin_title.js                                          0.54 kB
.svelte-kit/output/server/chunks/record_deleted.js                                         0.54 kB
.svelte-kit/output/server/chunks/export_import.js                                          0.54 kB
.svelte-kit/output/server/chunks/index.js                                                  0.54 kB
.svelte-kit/output/server/chunks/photo_day_label.js                                        0.55 kB
.svelte-kit/output/server/chunks/dose_unit_label.js                                        0.55 kB
.svelte-kit/output/server/chunks/roadmap_title.js                                          0.55 kB
.svelte-kit/output/server/chunks/vb_screen_title.js                                        0.55 kB
.svelte-kit/output/server/chunks/letters_title.js                                          0.55 kB
.svelte-kit/output/server/chunks/ms_default_name.js                                        0.55 kB
.svelte-kit/output/server/chunks/documents_title.js                                        0.55 kB
.svelte-kit/output/server/chunks/write_failed.js                                           0.55 kB
.svelte-kit/output/server/chunks/progress_photos.js                                        0.56 kB
.svelte-kit/output/server/chunks/safe_space_title.js                                       0.56 kB
.svelte-kit/output/server/chunks/dose_amount_label.js                                      0.56 kB
.svelte-kit/output/server/chunks/writeOutcome.js                                           0.56 kB
.svelte-kit/output/server/chunks/values_title.js                                           0.56 kB
.svelte-kit/output/server/chunks/pp_change_title.js                                        0.56 kB
.svelte-kit/output/server/chunks/stats_range_group.js                                      0.56 kB
.svelte-kit/output/server/chunks/tally_trend_title.js                                      0.56 kB
.svelte-kit/output/server/chunks/resources_title.js                                        0.56 kB
.svelte-kit/output/server/chunks/am_setup_title.js                                         0.56 kB
.svelte-kit/output/server/chunks/presentation_label.js                                     0.57 kB
.svelte-kit/output/server/chunks/in_the_room_title.js                                      0.57 kB
.svelte-kit/output/server/chunks/effects_timeline.js                                       0.57 kB
.svelte-kit/output/server/chunks/settings_lock_row.js                                      0.57 kB
.svelte-kit/output/server/entries/pages/_layout.svelte.js                                  0.57 kB
.svelte-kit/output/server/chunks/doses_empty_action.js                                     0.57 kB
.svelte-kit/output/server/chunks/ListCard.js                                               0.57 kB
.svelte-kit/output/server/chunks/appointments_title.js                                     0.58 kB
.svelte-kit/output/server/chunks/surgery_date_label.js                                     0.58 kB
.svelte-kit/output/server/chunks/body_regions_group.js                                     0.58 kB
.svelte-kit/output/server/chunks/presentations_title.js                                    0.58 kB
.svelte-kit/output/server/chunks/batchedList2.js                                           0.58 kB
.svelte-kit/output/server/chunks/comfort_list_title.js                                     0.58 kB
.svelte-kit/output/server/chunks/tryout_feeling_save.js                                    0.58 kB
.svelte-kit/output/server/chunks/words_ignored_title.js                                    0.58 kB
.svelte-kit/output/server/chunks/progress_percent.js                                       0.58 kB
.svelte-kit/output/server/chunks/wrapped_stat_entries.js                                   0.58 kB
.svelte-kit/output/server/chunks/hair_other_unwritten.js                                   0.59 kB
.svelte-kit/output/server/chunks/appointments_untitled.js                                  0.60 kB
.svelte-kit/output/server/chunks/surgery_journey_title.js                                  0.60 kB
.svelte-kit/output/server/chunks/SaveBar.js                                                0.60 kB
.svelte-kit/output/server/chunks/affirmations_row_title.js                                 0.60 kB
.svelte-kit/output/server/chunks/body_regions_row_title.js                                 0.60 kB
.svelte-kit/output/server/chunks/clinician_summary_row.js                                  0.61 kB
.svelte-kit/output/server/chunks/journaling_pause_title.js                                 0.61 kB
.svelte-kit/output/server/chunks/recap_tag_count.js                                        0.61 kB
.svelte-kit/output/server/chunks/wear_session_stop_action.js                               0.61 kB
.svelte-kit/output/server/chunks/appointment_prep_title.js                                 0.61 kB
.svelte-kit/output/server/chunks/measurements_and_sizes.js                                 0.61 kB
.svelte-kit/output/server/chunks/calendar_handoff_button.js                                0.61 kB
.svelte-kit/output/server/chunks/surgery_day_unscheduled.js                                0.62 kB
.svelte-kit/output/server/chunks/adherence_nothing_logged.js                               0.62 kB
.svelte-kit/output/server/chunks/server.js                                                 0.62 kB
.svelte-kit/output/server/chunks/wear_session_start_action.js                              0.63 kB
.svelte-kit/output/server/chunks/dose_injection_site_label.js                              0.63 kB
.svelte-kit/output/server/chunks/backupHealth.js                                           0.63 kB
.svelte-kit/output/server/chunks/search_elsewhere_heading.js                               0.63 kB
.svelte-kit/output/server/chunks/source_record_unavailable.js                              0.64 kB
.svelte-kit/output/server/chunks/roadmap_reviewed_on.js                                    0.64 kB
.svelte-kit/output/server/chunks/look_back_letter_written.js                               0.64 kB
.svelte-kit/output/server/chunks/appointment_prep_add_button.js                            0.65 kB
.svelte-kit/output/server/chunks/safe_space_counterevidence_title.js                       0.67 kB
.svelte-kit/output/server/chunks/wear_session_duration_hm.js                               0.67 kB
.svelte-kit/output/server/chunks/recap_custom_range_required.js                            0.68 kB
.svelte-kit/output/server/chunks/areaLabels.js                                             0.70 kB
.svelte-kit/output/server/chunks/PrintLetterhead.js                                        0.71 kB
.svelte-kit/output/server/chunks/utils.js                                                  0.72 kB
.svelte-kit/output/server/chunks/dayParam.js                                               0.73 kB
.svelte-kit/output/server/chunks/wordIgnore.js                                             0.73 kB
.svelte-kit/output/server/chunks/datePicker2.js                                            0.74 kB
.svelte-kit/output/server/chunks/journalingPause.js                                        0.77 kB
.svelte-kit/output/server/chunks/entryPresentation.js                                      0.79 kB
.svelte-kit/output/server/chunks/safeSpaceNudge.js                                         0.80 kB
.svelte-kit/output/server/chunks/PairedDots.svelte_svelte_type_style_lang.js               0.82 kB
.svelte-kit/output/server/chunks/searchReturn.js                                           0.82 kB
.svelte-kit/output/server/chunks/EmptyState.js                                             0.85 kB
.svelte-kit/output/server/chunks/ChartEmpty.js                                             0.86 kB
.svelte-kit/output/server/chunks/n_entries.js                                              0.87 kB
.svelte-kit/output/server/chunks/entrySections.js                                          0.88 kB
.svelte-kit/output/server/chunks/homeReserve.js                                            0.89 kB
.svelte-kit/output/server/chunks/VoicePlayer.js                                            0.89 kB
.svelte-kit/output/server/chunks/Switch.js                                                 0.89 kB
.svelte-kit/output/server/chunks/n_days.js                                                 0.92 kB
.svelte-kit/output/server/chunks/attempt.svelte.js                                         0.94 kB
.svelte-kit/output/server/chunks/imp_log_n_milestones.js                                   0.96 kB
.svelte-kit/output/server/chunks/milestoneStatus.js                                        0.97 kB
.svelte-kit/output/server/chunks/MediaTransport.svelte_svelte_type_style_lang.js           0.98 kB
.svelte-kit/output/server/chunks/areaState.js                                              0.98 kB
.svelte-kit/output/server/chunks/FlagSun2.js                                               0.99 kB
.svelte-kit/output/server/chunks/inTheRoom.js                                              0.99 kB
.svelte-kit/output/server/chunks/metricRange.js                                            1.00 kB
.svelte-kit/output/server/chunks/hairStageScales.js                                        1.00 kB
.svelte-kit/output/server/chunks/tags_label.js                                             1.01 kB
.svelte-kit/output/server/chunks/tags_hidden.js                                            1.02 kB
.svelte-kit/output/server/chunks/read_retry.js                                             1.03 kB
.svelte-kit/output/server/chunks/add_photo_camera.js                                       1.03 kB
.svelte-kit/output/server/chunks/ms_name_label.js                                          1.03 kB
.svelte-kit/output/server/chunks/dose_time_label.js                                        1.05 kB
.svelte-kit/output/server/chunks/lookBackSpan.js                                           1.06 kB
.svelte-kit/output/server/chunks/curve_title.js                                            1.07 kB
.svelte-kit/output/server/chunks/entryTemplates.js                                         1.07 kB
.svelte-kit/output/server/chunks/ChoiceChips.js                                            1.08 kB
.svelte-kit/output/server/chunks/toasts.svelte.js                                          1.10 kB
.svelte-kit/output/server/chunks/measurement_unit_in.js                                    1.11 kB
.svelte-kit/output/server/chunks/ms_photo_label.js                                         1.11 kB
.svelte-kit/output/server/chunks/voicePracticeTakes.js                                     1.12 kB
.svelte-kit/output/server/chunks/debrief_offer_write.js                                    1.15 kB
.svelte-kit/output/server/chunks/tryout_feeling_note_placeholder.js                        1.16 kB
.svelte-kit/output/server/chunks/eras_empty_title.js                                       1.16 kB
.svelte-kit/output/server/chunks/tally_misgendered.js                                      1.16 kB
.svelte-kit/output/server/chunks/letters_sealed_until.js                                   1.17 kB
.svelte-kit/output/server/chunks/cycle_event_kind_label.js                                 1.17 kB
.svelte-kit/output/server/chunks/intervalMoodPattern.js                                    1.17 kB
.svelte-kit/output/server/chunks/WrappedCard.js                                            1.17 kB
.svelte-kit/output/server/chunks/resurfacing.js                                            1.18 kB
.svelte-kit/output/server/chunks/recap_custom_start_label.js                               1.18 kB
.svelte-kit/output/server/chunks/RiveSlot.js                                               1.19 kB
.svelte-kit/output/server/chunks/photo_heic.js                                             1.21 kB
.svelte-kit/output/server/chunks/wrapped2.js                                               1.21 kB
.svelte-kit/output/server/chunks/tokens.js                                                 1.24 kB
.svelte-kit/output/server/chunks/dayRangeOptions.js                                        1.24 kB
.svelte-kit/output/server/chunks/wear_session_running_since.js                             1.24 kB
.svelte-kit/output/server/chunks/area_suspend_done_title.js                                1.25 kB
.svelte-kit/output/server/chunks/compareStretch.js                                         1.28 kB
.svelte-kit/output/server/chunks/adherence_slot_numbered.js                                1.29 kB
.svelte-kit/output/server/chunks/scroll-region.js                                          1.30 kB
.svelte-kit/output/server/chunks/Field.js                                                  1.30 kB
.svelte-kit/output/server/chunks/Disclosure.js                                             1.30 kB
.svelte-kit/output/server/chunks/taperSchedule.js                                          1.30 kB
.svelte-kit/output/server/chunks/Skeleton.js                                               1.32 kB
.svelte-kit/output/server/chunks/bodyMap.js                                                1.34 kB
.svelte-kit/output/server/chunks/ChartCard.js                                              1.36 kB
.svelte-kit/output/server/chunks/reset_offer_archive_password.js                           1.36 kB
.svelte-kit/output/server/chunks/hormoneTestosteroneEster.js                               1.41 kB
.svelte-kit/output/server/chunks/savedQuestions.js                                         1.43 kB
.svelte-kit/output/server/chunks/letterRetrospective.js                                    1.48 kB
.svelte-kit/output/server/chunks/recordEditor.js                                           1.50 kB
.svelte-kit/output/server/chunks/wear_log.js                                               1.51 kB
.svelte-kit/output/server/chunks/moodMagnifier.svelte.js                                   1.54 kB
.svelte-kit/output/server/chunks/TimePicker.js                                             1.65 kB
.svelte-kit/output/server/chunks/compareStretchLink.svelte.js                              1.70 kB
.svelte-kit/output/server/chunks/surgery_day_upcoming.js                                   1.70 kB
.svelte-kit/output/server/chunks/comfortItems.js                                           1.72 kB
.svelte-kit/output/server/chunks/imp_password_placeholder.js                               1.76 kB
.svelte-kit/output/server/chunks/side_effect_severity_label.js                             1.76 kB
.svelte-kit/output/server/chunks/photoSection.svelte.js                                    1.78 kB
.svelte-kit/output/server/chunks/rowForwardReads.js                                        1.79 kB
.svelte-kit/output/server/chunks/sourceRecord.js                                           1.80 kB
.svelte-kit/output/server/chunks/recoveryDay.js                                            1.88 kB
.svelte-kit/output/server/chunks/DatePicker.js                                             1.93 kB
.svelte-kit/output/server/chunks/LockAfterChoice.js                                        1.93 kB
.svelte-kit/output/server/chunks/dayAheadRows.js                                           1.95 kB
.svelte-kit/output/server/chunks/MoodPicker.js                                             1.98 kB
.svelte-kit/output/server/chunks/labTiming.js                                              2.18 kB
.svelte-kit/output/server/chunks/ChartPicker.js                                            2.22 kB
.svelte-kit/output/server/chunks/surgery_notes_title.js                                    2.23 kB
.svelte-kit/output/server/chunks/eras.js                                                   2.25 kB
.svelte-kit/output/server/chunks/LinkedDocuments.js                                        2.25 kB
.svelte-kit/output/server/chunks/FeltSenseOfferSheet.js                                    2.26 kB
.svelte-kit/output/server/chunks/intervalMoodPattern2.js                                   2.32 kB
.svelte-kit/output/server/entries/pages/entry/new/_day_/_page.svelte.js                    2.32 kB
.svelte-kit/output/server/chunks/wrapped_unknown_title.js                                  2.34 kB
.svelte-kit/output/server/chunks/photoLibrary.js                                           2.37 kB
.svelte-kit/output/server/chunks/UnreadableJournalWayOut.js                                2.37 kB
.svelte-kit/output/server/chunks/roles.js                                                  2.38 kB
.svelte-kit/output/server/chunks/PhotoViewer.js                                            2.41 kB
.svelte-kit/output/server/chunks/doubtJournal.js                                           2.44 kB
.svelte-kit/output/server/entries/pages/settings/permissions/_page.svelte.js               2.54 kB
.svelte-kit/output/server/chunks/SourceRecordHandoff.js                                    2.56 kB
.svelte-kit/output/server/chunks/leaveGuard.svelte.js                                      2.58 kB
.svelte-kit/output/server/chunks/SectionHeading.js                                         2.60 kB
.svelte-kit/output/server/chunks/countUp.js                                                2.64 kB
.svelte-kit/output/server/chunks/detailDraft.svelte.js                                     2.66 kB
.svelte-kit/output/server/chunks/labs_value_label.js                                       2.69 kB
.svelte-kit/output/server/chunks/DimensionSlider.js                                        2.69 kB
.svelte-kit/output/server/chunks/SchemaTooNew.js                                           2.70 kB
.svelte-kit/output/server/chunks/rem_web_list_note.js                                      2.70 kB
.svelte-kit/output/server/chunks/regimen_route_label.js                                    2.73 kB
.svelte-kit/output/server/chunks/settings_backup_none.js                                   2.74 kB
.svelte-kit/output/server/chunks/PinEntry.js                                               2.76 kB
.svelte-kit/output/server/chunks/PhotoThumb.js                                             2.77 kB
.svelte-kit/output/server/chunks/journalBook.js                                            2.77 kB
.svelte-kit/output/server/chunks/reminderRule.js                                           2.83 kB
.svelte-kit/output/server/chunks/progress.svelte.js                                        2.88 kB
.svelte-kit/output/server/chunks/fileOwnership.js                                          2.95 kB
.svelte-kit/output/server/chunks/areaGroups.js                                             2.95 kB
.svelte-kit/output/server/chunks/SectionJump.js                                            2.98 kB
.svelte-kit/output/server/chunks/roadmap.js                                                2.99 kB
.svelte-kit/output/server/chunks/recoveryKeyPresence.svelte.js                             3.00 kB
.svelte-kit/output/server/chunks/movedAddresses.js                                         3.08 kB
.svelte-kit/output/server/chunks/LookBackLetterCard.js                                     3.08 kB
.svelte-kit/output/server/chunks/HostedRows.js                                             3.13 kB
.svelte-kit/output/server/chunks/ConfirmDeleteSheet.js                                     3.16 kB
.svelte-kit/output/server/chunks/Notice.js                                                 3.18 kB
.svelte-kit/output/server/chunks/letterStatus.js                                           3.20 kB
.svelte-kit/output/server/chunks/Sheet.js                                                  3.20 kB
.svelte-kit/output/server/chunks/grain.js                                                  3.21 kB
.svelte-kit/output/server/chunks/pinnedRows.js                                             3.27 kB
.svelte-kit/output/server/chunks/wrappedRange.js                                           3.30 kB
.svelte-kit/output/server/chunks/support.js                                                3.39 kB
.svelte-kit/output/server/chunks/plugin-registry.js                                        3.41 kB
.svelte-kit/output/server/chunks/labContextLabel.js                                        3.41 kB
.svelte-kit/output/server/chunks/Progress.js                                               3.41 kB
.svelte-kit/output/server/chunks/DiscardSheet.js                                           3.42 kB
.svelte-kit/output/server/chunks/ScreenHeader.js                                           3.48 kB
.svelte-kit/output/server/chunks/TagPicker.js                                              3.53 kB
.svelte-kit/output/server/chunks/StarredPhotoGrid.svelte_svelte_type_style_lang.js         3.54 kB
.svelte-kit/output/server/entries/pages/transition/letters/_id_/_page.svelte.js            3.56 kB
.svelte-kit/output/server/chunks/Mark.js                                                   3.59 kB
.svelte-kit/output/server/chunks/clinicianSummaryData.js                                   3.64 kB
.svelte-kit/output/server/chunks/PhotoChipRow.js                                           3.68 kB
.svelte-kit/output/server/chunks/PresentationChipRow.js                                    3.83 kB
.svelte-kit/output/server/chunks/dates.js                                                  4.09 kB
.svelte-kit/output/server/chunks/EntryDays.js                                              4.21 kB
.svelte-kit/output/server/entries/pages/stats/_page.svelte.js                              4.26 kB
.svelte-kit/output/server/chunks/BatchedList.js                                            4.29 kB
.svelte-kit/output/server/chunks/wrappedDisplay.js                                         4.36 kB
.svelte-kit/output/server/chunks/annotations.js                                            4.40 kB
.svelte-kit/output/server/chunks/hormoneDrug.js                                            4.40 kB
.svelte-kit/output/server/chunks/Segmented.js                                              4.70 kB
.svelte-kit/output/server/chunks/ReadGate.js                                               4.71 kB
.svelte-kit/output/server/chunks/reconcile.js                                              4.74 kB
.svelte-kit/output/server/chunks/reorder.svelte.js                                         4.87 kB
.svelte-kit/output/server/chunks/PhotoSection.js                                           4.95 kB
.svelte-kit/output/server/chunks/Slider.js                                                 5.00 kB
.svelte-kit/output/server/chunks/ReadReserve.js                                            5.05 kB
.svelte-kit/output/server/chunks/clinicianSummary.js                                       5.06 kB
.svelte-kit/output/server/chunks/appointments.js                                           5.15 kB
.svelte-kit/output/server/chunks/PhotoDayPromptSheet.js                                    5.24 kB
.svelte-kit/output/server/chunks/stockProjection.js                                        5.28 kB
.svelte-kit/output/server/chunks/MoodFace.js                                               5.46 kB
.svelte-kit/output/server/chunks/CalendarHandoffSheet.js                                   5.48 kB
.svelte-kit/output/server/chunks/careSpine.js                                              5.55 kB
.svelte-kit/output/server/chunks/exports.js                                                5.57 kB
.svelte-kit/output/server/chunks/correlationCards.js                                       5.58 kB
.svelte-kit/output/server/entries/pages/settings/passphrase/_page.svelte.js                5.65 kB
.svelte-kit/output/server/chunks/store.svelte.js                                           6.14 kB
.svelte-kit/output/server/entries/pages/settings/words/_page.svelte.js                     6.19 kB
.svelte-kit/output/server/chunks/mapChannels.js                                            6.46 kB
.svelte-kit/output/server/chunks/trackAndGraph.js                                          6.62 kB
.svelte-kit/output/server/chunks/epochDay.js                                               6.67 kB
.svelte-kit/output/server/chunks/provenance.js                                             6.68 kB
.svelte-kit/output/server/entries/pages/settings/licences/_page.svelte.js                  6.75 kB
.svelte-kit/output/server/chunks/photos.js                                                 6.92 kB
.svelte-kit/output/server/chunks/hormoneCurveQualitative.js                                7.11 kB
.svelte-kit/output/server/chunks/photoLibraryLabels.js                                     7.23 kB
.svelte-kit/output/server/entries/pages/settings/trash/_page.svelte.js                     7.32 kB
.svelte-kit/output/server/chunks/BarRows.js                                                7.39 kB
.svelte-kit/output/server/entries/pages/settings/security/_page.svelte.js                  7.55 kB
.svelte-kit/output/server/chunks/restore.js                                                7.74 kB
.svelte-kit/output/server/chunks/DayStrip.js                                               8.32 kB
.svelte-kit/output/server/chunks/hormoneCurve2.js                                          8.61 kB
.svelte-kit/output/server/chunks/wrapEncoding.js                                           8.61 kB
.svelte-kit/output/server/chunks/wearSessions.js                                           8.88 kB
.svelte-kit/output/server/chunks/MarginNotes.js                                            9.14 kB
.svelte-kit/output/server/chunks/photoReview.svelte.js                                     9.29 kB
.svelte-kit/output/server/entries/pages/wrapped/_cadence_/share/_page.svelte.js            9.45 kB
.svelte-kit/output/server/chunks/entryTags.js                                              9.49 kB
.svelte-kit/output/server/chunks/LetterCard.js                                             9.68 kB
.svelte-kit/output/server/chunks/ListRow.js                                                9.75 kB
.svelte-kit/output/server/chunks/searchHitRows.js                                          9.79 kB
.svelte-kit/output/server/chunks/stockLabel.js                                            10.11 kB
.svelte-kit/output/server/chunks/procedures.js                                            10.29 kB
.svelte-kit/output/server/chunks/VideoNotePlayer.js                                       10.31 kB
.svelte-kit/output/server/entries/pages/settings/dimension/_page.svelte.js                10.35 kB
.svelte-kit/output/server/chunks/dayAxisLabel.js                                          10.54 kB
.svelte-kit/output/server/chunks/builtins.js                                              10.57 kB
.svelte-kit/output/server/chunks/recordEditor.svelte.js                                   10.72 kB
.svelte-kit/output/server/chunks/documents.js                                             11.15 kB
.svelte-kit/output/server/chunks/journal-passphrase.js                                    11.29 kB
.svelte-kit/output/server/chunks/Tree.svelte.js                                           11.48 kB
.svelte-kit/output/server/chunks/chartAnnotations.js                                      11.87 kB
.svelte-kit/output/server/chunks/container.js                                             12.02 kB
.svelte-kit/output/server/chunks/documentTargets.svelte.js                                12.27 kB
.svelte-kit/output/server/chunks/PhotoWipe.js                                             12.87 kB
.svelte-kit/output/server/entries/pages/settings/journaling-pause/_page.svelte.js         12.91 kB
.svelte-kit/output/server/chunks/picker.js                                                12.93 kB
.svelte-kit/output/server/entries/pages/on-this-day/_page.svelte.js                       13.26 kB
.svelte-kit/output/server/entries/pages/doubt/evidence/_page.svelte.js                    13.45 kB
.svelte-kit/output/server/entries/pages/health/appointments/in-the-room/_page.svelte.js   13.86 kB
.svelte-kit/output/server/entries/pages/doubt/comfort/_page.svelte.js                     13.89 kB
.svelte-kit/output/server/chunks/InjectionSiteMap.js                                      13.91 kB
.svelte-kit/output/server/chunks/reference.svelte.js                                      14.39 kB
.svelte-kit/output/server/chunks/regimenEpisode.js                                        14.58 kB
.svelte-kit/output/server/entries/pages/doubt/_page.svelte.js                             14.90 kB
.svelte-kit/output/server/entries/pages/tally/_page.svelte.js                             15.25 kB
.svelte-kit/output/server/entries/pages/settings/body-regions/_page.svelte.js             15.30 kB
.svelte-kit/output/server/chunks/vocabulary.js                                            15.54 kB
.svelte-kit/output/server/chunks/Icon.js                                                  16.59 kB
.svelte-kit/output/server/chunks/offers.js                                                17.34 kB
.svelte-kit/output/server/chunks/paletteChoices.js                                        19.20 kB
.svelte-kit/output/server/entries/pages/settings/affirmations/_page.svelte.js             19.30 kB
.svelte-kit/output/server/entries/pages/settings/reminders/_id_/_page.svelte.js           19.48 kB
.svelte-kit/output/server/entries/pages/settings/recovery-key/_page.svelte.js             19.49 kB
.svelte-kit/output/server/chunks/hubRows.js                                               19.98 kB
.svelte-kit/output/server/chunks/internal.js                                              20.28 kB
.svelte-kit/output/server/entries/pages/settings/access-mode/_page.svelte.js              20.36 kB
.svelte-kit/output/server/entries/pages/media/photos/export/_page.svelte.js               20.82 kB
.svelte-kit/output/server/entries/pages/settings/tags/_page.svelte.js                     20.88 kB
.svelte-kit/output/server/chunks/chartAnnotation.js                                       21.26 kB
.svelte-kit/output/server/entries/pages/support/resources/_page.svelte.js                 21.44 kB
.svelte-kit/output/server/entries/pages/media/documents/_page.svelte.js                   21.45 kB
.svelte-kit/output/server/chunks/doses.js                                                 21.55 kB
.svelte-kit/output/server/chunks/AreaFinish.js                                            22.10 kB
.svelte-kit/output/server/entries/pages/settings/notifications/_page.svelte.js            22.88 kB
.svelte-kit/output/server/entries/pages/transition/letters/_page.svelte.js                23.41 kB
.svelte-kit/output/server/entries/pages/transition/tryouts/_page.svelte.js                23.43 kB
.svelte-kit/output/server/entries/pages/media/documents/_id_/_page.svelte.js              23.44 kB
.svelte-kit/output/server/chunks/AreaChart.js                                             23.84 kB
.svelte-kit/output/server/entries/pages/compare/_page.svelte.js                           24.77 kB
.svelte-kit/output/server/entries/pages/settings/reminders/_page.svelte.js                25.55 kB
.svelte-kit/output/server/entries/pages/search/questions/_id_/_page.svelte.js             26.26 kB
.svelte-kit/output/server/chunks/PermissionList.js                                        26.86 kB
.svelte-kit/output/server/entries/pages/settings/eras/_page.svelte.js                     26.92 kB
.svelte-kit/output/server/entries/pages/settings/journal-book/_page.svelte.js             27.10 kB
.svelte-kit/output/server/entries/pages/health/cycle-events/_page.svelte.js               28.29 kB
.svelte-kit/output/server/chunks/wearLabels.js                                            28.54 kB
.svelte-kit/output/server/chunks/doseLabels.js                                            31.32 kB
.svelte-kit/output/server/entries/pages/media/photos/_page.svelte.js                      32.24 kB
.svelte-kit/output/server/entries/pages/search/_page.svelte.js                            32.96 kB
.svelte-kit/output/server/entries/pages/coming-back/_page.svelte.js                       33.17 kB
.svelte-kit/output/server/chunks/hubLabels.js                                             34.31 kB
.svelte-kit/output/server/chunks/utils2.js                                                35.66 kB
.svelte-kit/output/server/entries/pages/more/_page.svelte.js                              36.21 kB
.svelte-kit/output/server/entries/pages/body/hair-removal/_page.svelte.js                 37.60 kB
.svelte-kit/output/server/entries/pages/transition/roadmap/_page.svelte.js                39.38 kB
.svelte-kit/output/server/remote-entry.js                                                 39.44 kB
.svelte-kit/output/server/entries/pages/day/_day_/_page.svelte.js                         39.50 kB
.svelte-kit/output/server/chunks/entries.js                                               40.08 kB
.svelte-kit/output/server/entries/pages/calendar/_page.svelte.js                          40.24 kB
.svelte-kit/output/server/entries/pages/health/dilation/_page.svelte.js                   41.29 kB
.svelte-kit/output/server/entries/pages/onboarding/_page.svelte.js                        43.24 kB
.svelte-kit/output/server/chunks/AccessModeSetup.js                                       44.16 kB
.svelte-kit/output/server/chunks/hormoneCurve.js                                          45.51 kB
.svelte-kit/output/server/entries/pages/body/hair-progress/_page.svelte.js                47.51 kB
.svelte-kit/output/server/entries/pages/health/appointments/_page.svelte.js               49.57 kB
.svelte-kit/output/server/entries/pages/transition/milestones/_page.svelte.js             52.75 kB
.svelte-kit/output/server/entries/pages/transition/tryouts/_id_/_page.svelte.js           53.08 kB
.svelte-kit/output/server/chunks/archive.js                                               54.06 kB
.svelte-kit/output/server/entries/pages/body/wear/_page.svelte.js                         55.36 kB
.svelte-kit/output/server/entries/pages/body-map/_page.svelte.js                          58.09 kB
.svelte-kit/output/server/chunks/liveTiles.js                                             63.48 kB
.svelte-kit/output/server/chunks/roadmapLabels.js                                         64.66 kB
.svelte-kit/output/server/entries/pages/body/measurements/_page.svelte.js                 66.00 kB
.svelte-kit/output/server/entries/pages/wrapped/_cadence_/_page.svelte.js                 66.10 kB
.svelte-kit/output/server/chunks/migrations.js                                            67.74 kB
.svelte-kit/output/server/entries/pages/settings/_page.svelte.js                          73.81 kB
.svelte-kit/output/server/entries/pages/care/doses/_page.svelte.js                        74.34 kB
.svelte-kit/output/server/entries/pages/care/curve/_page.svelte.js                        75.79 kB
.svelte-kit/output/server/entries/pages/care/_page.svelte.js                              87.03 kB
.svelte-kit/output/server/entries/pages/care/changes/_page.svelte.js                      87.18 kB
.svelte-kit/output/server/entries/pages/care/labs/_page.svelte.js                         87.97 kB
.svelte-kit/output/server/chunks/journal.svelte.js                                        91.34 kB
.svelte-kit/output/server/chunks/_layout.js                                               93.33 kB
.svelte-kit/output/server/entries/pages/care/regimen/_page.svelte.js                      93.49 kB
.svelte-kit/output/server/chunks/archiveSections.js                                       96.64 kB
.svelte-kit/output/server/entries/pages/settings/export/_page.svelte.js                   99.82 kB
.svelte-kit/output/server/entries/pages/_page.svelte.js                                   99.94 kB
.svelte-kit/output/server/entries/pages/health/clinician-summary/_page.svelte.js         104.43 kB
.svelte-kit/output/server/entries/pages/health/surgery/_page.svelte.js                   109.43 kB
.svelte-kit/output/server/entries/pages/stats/_reading_/_page.svelte.js                  113.55 kB
.svelte-kit/output/server/chunks/EntryEditor.js                                          115.27 kB
.svelte-kit/output/server/index.js                                                       139.19 kB
.svelte-kit/output/server/chunks/root.js                                                 142.28 kB
.svelte-kit/output/server/entries/pages/voice/_page.svelte.js                            171.86 kB
.svelte-kit/output/server/chunks/labels.js                                               174.88 kB
.svelte-kit/output/server/chunks/boot.svelte.js                                          221.08 kB
✓ built in 30.28s

Run npm run preview to preview your production build locally.

> Using @sveltejs/adapter-static
  Wrote site to "build"
  ✔ done
vite v6.4.3 building SSR bundle for production...
ℹ [paraglide-js] Compilation skipped — inputs unchanged (message-modules)
transforming...
src/lib/data/live/journal.svelte.ts (180:1): Error when using sourcemap for reporting an error: Can't resolve original location of error.
src/lib/data/live/journal.svelte.ts (180:1): A comment

"/* @__PURE__ */"

in "src/lib/data/live/journal.svelte.ts" contains an annotation that Rollup cannot interpret due to the position of the comment. The comment will be removed to avoid issues.
"autoUpdate" is imported from external module "@floating-ui/dom" but never used in "node_modules/melt/dist/utils/use-floating.svelte.js".
✓ 4890 modules transformed.
rendering chunks...
vite v6.4.3 building for production...
ℹ [paraglide-js] Compilation skipped — inputs unchanged (message-modules)
transforming...
✓ 5296 modules transformed.
rendering chunks...
computing gzip size...
.svelte-kit/output/client/_app/version.json                                                        0.03 kB │ gzip:   0.05 kB
.svelte-kit/output/client/_app/immutable/workers/sqlite3-opfs-async-proxy-BpVpzIkN.js              9.52 kB
.svelte-kit/output/client/_app/immutable/workers/argon2id.worker-DDPWp7r6.js                      28.56 kB
.svelte-kit/output/client/_app/immutable/workers/sqlite3-worker1-bundler-friendly-D6cQoI3y.js    191.74 kB
.svelte-kit/output/client/.vite/manifest.json                                                    196.20 kB │ gzip:  25.25 kB
.svelte-kit/output/client/_app/immutable/workers/mc-worker-D97-VHM5.js                           197.17 kB
.svelte-kit/output/client/_app/immutable/assets/sqlite3.B7imZ2XV.wasm                          1,036.17 kB │ gzip: 464.98 kB
.svelte-kit/output/client/_app/immutable/workers/pdf-worker-Kp7_pMCT.js                        1,378.61 kB
.svelte-kit/output/client/_app/immutable/assets/ChoiceChips.BbnDpI89.css                           0.04 kB │ gzip:   0.06 kB
.svelte-kit/output/client/_app/immutable/assets/17.of10DU40.css                                    0.06 kB │ gzip:   0.08 kB
.svelte-kit/output/client/_app/immutable/assets/97.CEBZhOUt.css                                    0.06 kB │ gzip:   0.08 kB
.svelte-kit/output/client/_app/immutable/assets/32.BVl2XI1B.css                                    0.07 kB │ gzip:   0.09 kB
.svelte-kit/output/client/_app/immutable/assets/ReadGate.TZFwY6rr.css                              0.07 kB │ gzip:   0.08 kB
.svelte-kit/output/client/_app/immutable/assets/VoicePlayer.DfYc2k3w.css                           0.08 kB │ gzip:   0.10 kB
.svelte-kit/output/client/_app/immutable/assets/54.Bd46l6SV.css                                    0.08 kB │ gzip:   0.09 kB
.svelte-kit/output/client/_app/immutable/assets/DiscardSheet.BsHAsh63.css                          0.08 kB │ gzip:   0.09 kB
.svelte-kit/output/client/_app/immutable/assets/63.mj4dWElF.css                                    0.08 kB │ gzip:   0.10 kB
.svelte-kit/output/client/_app/immutable/assets/Mark.DE7SL4Vi.css                                  0.10 kB │ gzip:   0.10 kB
.svelte-kit/output/client/_app/immutable/assets/StarredPhotoGrid.D4aGZdrr.css                      0.10 kB │ gzip:   0.10 kB
.svelte-kit/output/client/_app/immutable/assets/113.CQcf1K4S.css                                   0.10 kB │ gzip:   0.10 kB
.svelte-kit/output/client/_app/immutable/assets/Field.Cp5H9ar4.css                                 0.11 kB │ gzip:   0.11 kB
.svelte-kit/output/client/_app/immutable/assets/Disclosure.BfdGALZ3.css                            0.11 kB │ gzip:   0.11 kB
.svelte-kit/output/client/_app/immutable/assets/Sheet.WF98ji7b.css                                 0.12 kB │ gzip:   0.11 kB
.svelte-kit/output/client/_app/immutable/assets/PhotoChipRow.BTGNYTJS.css                          0.12 kB │ gzip:   0.12 kB
.svelte-kit/output/client/_app/immutable/assets/AreaFinish.-OlMNacw.css                            0.12 kB │ gzip:   0.10 kB
.svelte-kit/output/client/_app/immutable/assets/109.CuNQlFjE.css                                   0.16 kB │ gzip:   0.13 kB
.svelte-kit/output/client/_app/immutable/assets/LockAfterChoice.Ddgi9Atd.css                       0.16 kB │ gzip:   0.13 kB
.svelte-kit/output/client/_app/immutable/assets/51.S4ZZ67Tq.css                                    0.18 kB │ gzip:   0.14 kB
.svelte-kit/output/client/_app/immutable/assets/14.SMKwTFWO.css                                    0.18 kB │ gzip:   0.16 kB
.svelte-kit/output/client/_app/immutable/assets/BatchedList.DCwU6d5m.css                           0.18 kB │ gzip:   0.12 kB
.svelte-kit/output/client/_app/immutable/assets/RecordSheet.C3Tj5awG.css                           0.18 kB │ gzip:   0.13 kB
.svelte-kit/output/client/_app/immutable/assets/ChartEmpty.GQUIpUCB.css                            0.21 kB │ gzip:   0.16 kB
.svelte-kit/output/client/_app/immutable/assets/3.Cqpw2BgU.css                                     0.22 kB │ gzip:   0.16 kB
.svelte-kit/output/client/_app/immutable/assets/ReadReserve.C2LZY4RV.css                           0.23 kB │ gzip:   0.14 kB
.svelte-kit/output/client/_app/immutable/assets/18.eoVubTdL.css                                    0.23 kB │ gzip:   0.17 kB
.svelte-kit/output/client/_app/immutable/assets/SectionHeading.ID5KBm2j.css                        0.28 kB │ gzip:   0.19 kB
.svelte-kit/output/client/_app/immutable/assets/DayEntry.Bu5Wbcsl.css                              0.30 kB │ gzip:   0.18 kB
.svelte-kit/output/client/_app/immutable/assets/DayStrip.B7QAMYMR.css                              0.30 kB │ gzip:   0.21 kB
.svelte-kit/output/client/_app/immutable/assets/PhotoViewer.wiP4e9SP.css                           0.30 kB │ gzip:   0.21 kB
.svelte-kit/output/client/_app/immutable/assets/105.CQw7zpdv.css                                   0.33 kB │ gzip:   0.20 kB
.svelte-kit/output/client/_app/immutable/assets/64.CI7QDOx4.css                                    0.36 kB │ gzip:   0.22 kB
.svelte-kit/output/client/_app/immutable/assets/35.CXnhmm0l.css                                    0.37 kB │ gzip:   0.24 kB
.svelte-kit/output/client/_app/immutable/assets/MoodPicker.CvIeG4k5.css                            0.40 kB │ gzip:   0.22 kB
.svelte-kit/output/client/_app/immutable/assets/122.CPhR4P_6.css                                   0.41 kB │ gzip:   0.24 kB
.svelte-kit/output/client/_app/immutable/assets/LookBackLetterCard.BsNd1DnI.css                    0.43 kB │ gzip:   0.22 kB
.svelte-kit/output/client/_app/immutable/assets/pickerField.BmvbcaNP.css                           0.43 kB │ gzip:   0.25 kB
.svelte-kit/output/client/_app/immutable/assets/49.UPdwmlbY.css                                    0.45 kB │ gzip:   0.23 kB
.svelte-kit/output/client/_app/immutable/assets/75.BDOcdHut.css                                    0.47 kB │ gzip:   0.23 kB
.svelte-kit/output/client/_app/immutable/assets/ListRow.CiHXLe9J.css                               0.52 kB │ gzip:   0.28 kB
.svelte-kit/output/client/_app/immutable/assets/38.DMTQKXfm.css                                    0.52 kB │ gzip:   0.26 kB
.svelte-kit/output/client/_app/immutable/assets/40.BHn5oNMp.css                                    0.57 kB │ gzip:   0.31 kB
.svelte-kit/output/client/_app/immutable/assets/Slider.BXP1_4jw.css                                0.58 kB │ gzip:   0.23 kB
.svelte-kit/output/client/_app/immutable/assets/21.DuykILfM.css                                    0.59 kB │ gzip:   0.29 kB
.svelte-kit/output/client/_app/immutable/assets/AccessModeSetup.CY_RCkLZ.css                       0.63 kB │ gzip:   0.28 kB
.svelte-kit/output/client/_app/immutable/assets/79.DQaaOZwE.css                                    0.65 kB │ gzip:   0.31 kB
.svelte-kit/output/client/_app/immutable/assets/86.CREmaxDU.css                                    0.69 kB │ gzip:   0.31 kB
.svelte-kit/output/client/_app/immutable/assets/EntryDays.KFwCzU7O.css                             0.73 kB │ gzip:   0.23 kB
.svelte-kit/output/client/_app/immutable/assets/paletteChoices.5eW7Hsp3.css                        0.74 kB │ gzip:   0.29 kB
.svelte-kit/output/client/_app/immutable/assets/15.C-zrSfY2.css                                    0.77 kB │ gzip:   0.37 kB
.svelte-kit/output/client/_app/immutable/assets/BarRows.Bb6BeN1l.css                               0.80 kB │ gzip:   0.27 kB
.svelte-kit/output/client/_app/immutable/assets/108.DMq53CQh.css                                   0.99 kB │ gzip:   0.37 kB
.svelte-kit/output/client/_app/immutable/assets/PermissionList.BCzL9iFe.css                        1.01 kB │ gzip:   0.42 kB
.svelte-kit/output/client/_app/immutable/assets/AreaChart.tHrbTiod.css                             1.02 kB │ gzip:   0.39 kB
.svelte-kit/output/client/_app/immutable/assets/118.DPXysF5w.css                                   1.04 kB │ gzip:   0.38 kB
.svelte-kit/output/client/_app/immutable/assets/SectionJump.1J8E0XY_.css                           1.08 kB │ gzip:   0.47 kB
.svelte-kit/output/client/_app/immutable/assets/5.B53SW1_6.css                                     1.12 kB │ gzip:   0.42 kB
.svelte-kit/output/client/_app/immutable/assets/Progress.SBS-oeAf.css                              1.17 kB │ gzip:   0.45 kB
.svelte-kit/output/client/_app/immutable/assets/VideoNotePlayer.DTdOsAFH.css                       1.23 kB │ gzip:   0.51 kB
.svelte-kit/output/client/_app/immutable/assets/29.D7KdTqu1.css                                    1.24 kB │ gzip:   0.47 kB
.svelte-kit/output/client/_app/immutable/assets/7.9MbRvaAX.css                                     1.31 kB │ gzip:   0.47 kB
.svelte-kit/output/client/_app/immutable/assets/69.kEFcd-Te.css                                    1.32 kB │ gzip:   0.56 kB
.svelte-kit/output/client/_app/immutable/assets/31.BnR614Hk.css                                    1.34 kB │ gzip:   0.50 kB
.svelte-kit/output/client/_app/immutable/assets/112.genRb-2B.css                                   1.37 kB │ gzip:   0.52 kB
.svelte-kit/output/client/_app/immutable/assets/28.Bn9GCQXX.css                                    1.48 kB │ gzip:   0.55 kB
.svelte-kit/output/client/_app/immutable/assets/MarginNotes.DlJD_wR_.css                           1.49 kB │ gzip:   0.48 kB
.svelte-kit/output/client/_app/immutable/assets/VocabularyManagerSheets.cgzzZKmW.css               1.77 kB │ gzip:   0.57 kB
.svelte-kit/output/client/_app/immutable/assets/36.DBU3SNN6.css                                    1.84 kB │ gzip:   0.62 kB
.svelte-kit/output/client/_app/immutable/assets/121.UXCVPqfq.css                                   1.98 kB │ gzip:   0.71 kB
.svelte-kit/output/client/_app/immutable/assets/16.CFYcMjKX.css                                    2.01 kB │ gzip:   0.67 kB
.svelte-kit/output/client/_app/immutable/assets/TimePicker.DDqO33n7.css                            2.14 kB │ gzip:   0.74 kB
.svelte-kit/output/client/_app/immutable/assets/20.4n3QXRvz.css                                    2.22 kB │ gzip:   0.81 kB
.svelte-kit/output/client/_app/immutable/assets/MediaTransport.BN9-jv-w.css                        2.38 kB │ gzip:   0.78 kB
.svelte-kit/output/client/_app/immutable/assets/53.DFMeOLli.css                                    2.43 kB │ gzip:   0.79 kB
.svelte-kit/output/client/_app/immutable/assets/LetterCard.Di-Uw7Zp.css                            2.45 kB │ gzip:   0.76 kB
.svelte-kit/output/client/_app/immutable/assets/MonthJump.C0m-qm19.css                             2.45 kB │ gzip:   0.86 kB
.svelte-kit/output/client/_app/immutable/assets/37.CoKWfiC3.css                                    2.52 kB │ gzip:   0.80 kB
.svelte-kit/output/client/_app/immutable/assets/InjectionSiteMap.DHQEH5rW.css                      2.92 kB │ gzip:   0.83 kB
.svelte-kit/output/client/_app/immutable/assets/114.DnvLKmo_.css                                   3.03 kB │ gzip:   0.94 kB
.svelte-kit/output/client/_app/immutable/assets/PhotoWipe.DKQOpbK5.css                             3.06 kB │ gzip:   0.92 kB
.svelte-kit/output/client/_app/immutable/assets/117.DKcmTNrm.css                                   3.15 kB │ gzip:   0.98 kB
.svelte-kit/output/client/_app/immutable/assets/116.DF-lNooU.css                                   3.17 kB │ gzip:   0.91 kB
.svelte-kit/output/client/_app/immutable/assets/12.Dy3w9UT7.css                                    3.24 kB │ gzip:   0.96 kB
.svelte-kit/output/client/_app/immutable/assets/13.3q4PdC6L.css                                    3.93 kB │ gzip:   0.99 kB
.svelte-kit/output/client/_app/immutable/assets/DatePicker.BgA5OgkC.css                            4.30 kB │ gzip:   1.22 kB
.svelte-kit/output/client/_app/immutable/assets/11.2NQjQ2Rh.css                                    5.62 kB │ gzip:   1.54 kB
.svelte-kit/output/client/_app/immutable/assets/34.DYpW2GYQ.css                                    5.75 kB │ gzip:   1.45 kB
.svelte-kit/output/client/_app/immutable/assets/8.iQZQGxvD.css                                     5.81 kB │ gzip:   1.41 kB
.svelte-kit/output/client/_app/immutable/assets/10.BpFVhXVZ.css                                    6.10 kB │ gzip:   1.43 kB
.svelte-kit/output/client/_app/immutable/assets/42.C7cKrYpr.css                                    6.52 kB │ gzip:   1.63 kB
.svelte-kit/output/client/_app/immutable/assets/2.D7ObSVRe.css                                     6.98 kB │ gzip:   1.83 kB
.svelte-kit/output/client/_app/immutable/assets/EntryEditor.-FnDDmSr.css                           7.12 kB │ gzip:   1.58 kB
.svelte-kit/output/client/_app/immutable/assets/30.DULtU1Sy.css                                    8.10 kB │ gzip:   1.90 kB
.svelte-kit/output/client/_app/immutable/assets/9.bo3SwQBz.css                                     8.83 kB │ gzip:   1.91 kB
.svelte-kit/output/client/_app/immutable/assets/106.DALq5495.css                                   9.43 kB │ gzip:   2.18 kB
.svelte-kit/output/client/_app/immutable/assets/ThemesReading.ymNTlWXs.css                        11.18 kB │ gzip:   2.47 kB
.svelte-kit/output/client/_app/immutable/assets/120.Cum5-O4I.css                                  15.03 kB │ gzip:   2.85 kB
.svelte-kit/output/client/_app/immutable/assets/0.s3-7Pq-S.css                                   125.49 kB │ gzip:  23.75 kB
.svelte-kit/output/client/_app/immutable/chunks/1gzUVTTe.js                                        0.04 kB │ gzip:   0.06 kB
.svelte-kit/output/client/_app/immutable/chunks/DYAEPJ09.js                                        0.06 kB │ gzip:   0.08 kB
.svelte-kit/output/client/_app/immutable/chunks/Ba7PC3Kp.js                                        0.08 kB │ gzip:   0.10 kB
.svelte-kit/output/client/_app/immutable/chunks/Cv4OH8mI.js                                        0.08 kB │ gzip:   0.10 kB
.svelte-kit/output/client/_app/immutable/chunks/BnJ96bTz.js                                        0.08 kB │ gzip:   0.10 kB
.svelte-kit/output/client/_app/immutable/chunks/BmitUmt3.js                                        0.08 kB │ gzip:   0.10 kB
.svelte-kit/output/client/_app/immutable/chunks/CA6c10s8.js                                        0.08 kB │ gzip:   0.10 kB
.svelte-kit/output/client/_app/immutable/chunks/BPzi6fOk.js                                        0.08 kB │ gzip:   0.10 kB
.svelte-kit/output/client/_app/immutable/chunks/C4bfCpkv.js                                        0.08 kB │ gzip:   0.10 kB
.svelte-kit/output/client/_app/immutable/chunks/B_YXAFK5.js                                        0.08 kB │ gzip:   0.10 kB
.svelte-kit/output/client/_app/immutable/chunks/XFJy7fO7.js                                        0.08 kB │ gzip:   0.10 kB
.svelte-kit/output/client/_app/immutable/chunks/BPPrY1nW.js                                        0.08 kB │ gzip:   0.10 kB
.svelte-kit/output/client/_app/immutable/chunks/DJgwZHhD.js                                        0.08 kB │ gzip:   0.10 kB
.svelte-kit/output/client/_app/immutable/chunks/C3ixOghp.js                                        0.08 kB │ gzip:   0.10 kB
.svelte-kit/output/client/_app/immutable/chunks/B9gJXDfO.js                                        0.08 kB │ gzip:   0.10 kB
.svelte-kit/output/client/_app/immutable/chunks/BDWSfo6q.js                                        0.08 kB │ gzip:   0.10 kB
.svelte-kit/output/client/_app/immutable/chunks/D6dR1TAH.js                                        0.08 kB │ gzip:   0.10 kB
.svelte-kit/output/client/_app/immutable/chunks/D8V7rigG.js                                        0.08 kB │ gzip:   0.10 kB
.svelte-kit/output/client/_app/immutable/chunks/V5cx4iCH.js                                        0.08 kB │ gzip:   0.10 kB
.svelte-kit/output/client/_app/immutable/chunks/mIA5VCHH.js                                        0.08 kB │ gzip:   0.10 kB
.svelte-kit/output/client/_app/immutable/chunks/DAv7M-MV.js                                        0.08 kB │ gzip:   0.10 kB
.svelte-kit/output/client/_app/immutable/chunks/BsIsCzvm.js                                        0.08 kB │ gzip:   0.10 kB
.svelte-kit/output/client/_app/immutable/chunks/CcQqkqDz.js                                        0.08 kB │ gzip:   0.10 kB
.svelte-kit/output/client/_app/immutable/chunks/DNi9Jbgg.js                                        0.08 kB │ gzip:   0.10 kB
.svelte-kit/output/client/_app/immutable/chunks/Fqh03XSH.js                                        0.08 kB │ gzip:   0.10 kB
.svelte-kit/output/client/_app/immutable/chunks/DWWJ--Tk.js                                        0.08 kB │ gzip:   0.10 kB
.svelte-kit/output/client/_app/immutable/chunks/CD9VCqnj.js                                        0.08 kB │ gzip:   0.10 kB
.svelte-kit/output/client/_app/immutable/chunks/BTHSzCU1.js                                        0.08 kB │ gzip:   0.10 kB
.svelte-kit/output/client/_app/immutable/chunks/Bh6Y0RSt.js                                        0.08 kB │ gzip:   0.10 kB
.svelte-kit/output/client/_app/immutable/chunks/DpYZW3Sx.js                                        0.08 kB │ gzip:   0.10 kB
.svelte-kit/output/client/_app/immutable/chunks/Cwd7ppgC.js                                        0.08 kB │ gzip:   0.10 kB
.svelte-kit/output/client/_app/immutable/chunks/DCyFFRLa.js                                        0.08 kB │ gzip:   0.10 kB
.svelte-kit/output/client/_app/immutable/chunks/5fEuKdY1.js                                        0.08 kB │ gzip:   0.10 kB
.svelte-kit/output/client/_app/immutable/chunks/qcEvGTCV.js                                        0.08 kB │ gzip:   0.10 kB
.svelte-kit/output/client/_app/immutable/chunks/xYQVkv8w.js                                        0.08 kB │ gzip:   0.10 kB
.svelte-kit/output/client/_app/immutable/chunks/BdT8VWl5.js                                        0.08 kB │ gzip:   0.10 kB
.svelte-kit/output/client/_app/immutable/chunks/B56_nJAN.js                                        0.08 kB │ gzip:   0.10 kB
.svelte-kit/output/client/_app/immutable/chunks/CFBXowoK.js                                        0.08 kB │ gzip:   0.10 kB
.svelte-kit/output/client/_app/immutable/chunks/DTkw2opC.js                                        0.08 kB │ gzip:   0.10 kB
.svelte-kit/output/client/_app/immutable/chunks/BHhQiLsA.js                                        0.08 kB │ gzip:   0.10 kB
.svelte-kit/output/client/_app/immutable/chunks/BuZ3IJF-.js                                        0.08 kB │ gzip:   0.10 kB
.svelte-kit/output/client/_app/immutable/chunks/CUf7iscf.js                                        0.08 kB │ gzip:   0.10 kB
.svelte-kit/output/client/_app/immutable/chunks/BzezEcmu.js                                        0.08 kB │ gzip:   0.10 kB
.svelte-kit/output/client/_app/immutable/chunks/BDvQqJsx.js                                        0.09 kB │ gzip:   0.10 kB
.svelte-kit/output/client/_app/immutable/chunks/DfEV4m16.js                                        0.09 kB │ gzip:   0.10 kB
.svelte-kit/output/client/_app/immutable/chunks/DDOILtAU.js                                        0.09 kB │ gzip:   0.10 kB
.svelte-kit/output/client/_app/immutable/chunks/C9uEZQaH.js                                        0.09 kB │ gzip:   0.10 kB
.svelte-kit/output/client/_app/immutable/chunks/D7vbVQoS.js                                        0.09 kB │ gzip:   0.10 kB
.svelte-kit/output/client/_app/immutable/chunks/BZd7nDpM.js                                        0.09 kB │ gzip:   0.10 kB
.svelte-kit/output/client/_app/immutable/chunks/t6mHqz3U.js                                        0.09 kB │ gzip:   0.10 kB
.svelte-kit/output/client/_app/immutable/chunks/B7WWtVGV.js                                        0.09 kB │ gzip:   0.10 kB
.svelte-kit/output/client/_app/immutable/chunks/C13uP_ME.js                                        0.09 kB │ gzip:   0.10 kB
.svelte-kit/output/client/_app/immutable/chunks/Dg9Fa5se.js                                        0.09 kB │ gzip:   0.10 kB
.svelte-kit/output/client/_app/immutable/chunks/BDs0gij5.js                                        0.09 kB │ gzip:   0.10 kB
.svelte-kit/output/client/_app/immutable/chunks/RCWabyAf.js                                        0.09 kB │ gzip:   0.10 kB
.svelte-kit/output/client/_app/immutable/chunks/Bmdu0ovf.js                                        0.09 kB │ gzip:   0.10 kB
.svelte-kit/output/client/_app/immutable/chunks/Cz6ewHqx.js                                        0.09 kB │ gzip:   0.11 kB
.svelte-kit/output/client/_app/immutable/chunks/RW4JMI0C.js                                        0.09 kB │ gzip:   0.11 kB
.svelte-kit/output/client/_app/immutable/chunks/9MszokLf.js                                        0.09 kB │ gzip:   0.10 kB
.svelte-kit/output/client/_app/immutable/chunks/-K2mDhMN.js                                        0.09 kB │ gzip:   0.11 kB
.svelte-kit/output/client/_app/immutable/chunks/CbTpU-5i.js                                        0.09 kB │ gzip:   0.11 kB
.svelte-kit/output/client/_app/immutable/chunks/BNqjpxEw.js                                        0.09 kB │ gzip:   0.11 kB
.svelte-kit/output/client/_app/immutable/chunks/B7do4Dkb.js                                        0.09 kB │ gzip:   0.11 kB
.svelte-kit/output/client/_app/immutable/nodes/0.nV_Xmi8e.js                                       0.09 kB │ gzip:   0.10 kB
.svelte-kit/output/client/_app/immutable/chunks/hhQMAGFh.js                                        0.09 kB │ gzip:   0.11 kB
.svelte-kit/output/client/_app/immutable/chunks/5-eE-wfo.js                                        0.09 kB │ gzip:   0.11 kB
.svelte-kit/output/client/_app/immutable/chunks/BMV-6zGX.js                                        0.09 kB │ gzip:   0.11 kB
.svelte-kit/output/client/_app/immutable/chunks/CX_GWu9U.js                                        0.09 kB │ gzip:   0.11 kB
.svelte-kit/output/client/_app/immutable/chunks/DnaIbzhi.js                                        0.09 kB │ gzip:   0.11 kB
.svelte-kit/output/client/_app/immutable/chunks/B_Oz7rnp.js                                        0.09 kB │ gzip:   0.11 kB
.svelte-kit/output/client/_app/immutable/chunks/C7Z8TiMa.js                                        0.09 kB │ gzip:   0.11 kB
.svelte-kit/output/client/_app/immutable/chunks/o7Jc3BhX.js                                        0.09 kB │ gzip:   0.11 kB
.svelte-kit/output/client/_app/immutable/chunks/DzK6iSXa.js                                        0.09 kB │ gzip:   0.11 kB
.svelte-kit/output/client/_app/immutable/chunks/DTeijplx.js                                        0.09 kB │ gzip:   0.11 kB
.svelte-kit/output/client/_app/immutable/chunks/BBgRCG47.js                                        0.09 kB │ gzip:   0.11 kB
.svelte-kit/output/client/_app/immutable/chunks/CQ9nx_og.js                                        0.09 kB │ gzip:   0.10 kB
.svelte-kit/output/client/_app/immutable/chunks/f230ijOg.js                                        0.09 kB │ gzip:   0.11 kB
.svelte-kit/output/client/_app/immutable/chunks/MAU-dq9A.js                                        0.09 kB │ gzip:   0.11 kB
.svelte-kit/output/client/_app/immutable/chunks/DV9PGv4D.js                                        0.09 kB │ gzip:   0.11 kB
.svelte-kit/output/client/_app/immutable/chunks/BXBpBjgU.js                                        0.09 kB │ gzip:   0.11 kB
.svelte-kit/output/client/_app/immutable/chunks/1WEHPVaH.js                                        0.09 kB │ gzip:   0.11 kB
.svelte-kit/output/client/_app/immutable/chunks/22W1oZ6A.js                                        0.09 kB │ gzip:   0.11 kB
.svelte-kit/output/client/_app/immutable/chunks/ByII57Se.js                                        0.09 kB │ gzip:   0.11 kB
.svelte-kit/output/client/_app/immutable/chunks/CgtV0Hs8.js                                        0.09 kB │ gzip:   0.11 kB
.svelte-kit/output/client/_app/immutable/chunks/DNsz1rHG.js                                        0.09 kB │ gzip:   0.11 kB
.svelte-kit/output/client/_app/immutable/chunks/j6ycnevh.js                                        0.09 kB │ gzip:   0.11 kB
.svelte-kit/output/client/_app/immutable/chunks/BnN-RxEc.js                                        0.09 kB │ gzip:   0.11 kB
.svelte-kit/output/client/_app/immutable/chunks/DYtF3-GP.js                                        0.09 kB │ gzip:   0.10 kB
.svelte-kit/output/client/_app/immutable/chunks/BeYmFags.js                                        0.09 kB │ gzip:   0.11 kB
.svelte-kit/output/client/_app/immutable/chunks/CnP5w9Nz.js                                        0.10 kB │ gzip:   0.11 kB
.svelte-kit/output/client/_app/immutable/chunks/BDuZRSxH.js                                        0.10 kB │ gzip:   0.11 kB
.svelte-kit/output/client/_app/immutable/chunks/C5FCuwmo.js                                        0.10 kB │ gzip:   0.11 kB
.svelte-kit/output/client/_app/immutable/chunks/DHgZzT_P.js                                        0.10 kB │ gzip:   0.11 kB
.svelte-kit/output/client/_app/immutable/chunks/CK_fYsWA.js                                        0.10 kB │ gzip:   0.11 kB
.svelte-kit/output/client/_app/immutable/chunks/Bzak7iHL.js                                        0.10 kB │ gzip:   0.10 kB
.svelte-kit/output/client/_app/immutable/chunks/BTNU9TRV.js                                        0.10 kB │ gzip:   0.11 kB
.svelte-kit/output/client/_app/immutable/chunks/BrNTE-dA.js                                        0.10 kB │ gzip:   0.12 kB
.svelte-kit/output/client/_app/immutable/chunks/HORUssMo.js                                        0.10 kB │ gzip:   0.12 kB
.svelte-kit/output/client/_app/immutable/chunks/D4HPTaIz.js                                        0.10 kB │ gzip:   0.12 kB
.svelte-kit/output/client/_app/immutable/chunks/BUxbVPH0.js                                        0.10 kB │ gzip:   0.11 kB
.svelte-kit/output/client/_app/immutable/chunks/uUcDqY53.js                                        0.10 kB │ gzip:   0.12 kB
.svelte-kit/output/client/_app/immutable/chunks/mahlVoeR.js                                        0.10 kB │ gzip:   0.12 kB
.svelte-kit/output/client/_app/immutable/chunks/Dm75O-gt.js                                        0.10 kB │ gzip:   0.12 kB
.svelte-kit/output/client/_app/immutable/chunks/CGuuSh-l.js                                        0.10 kB │ gzip:   0.10 kB
.svelte-kit/output/client/_app/immutable/chunks/OrTl_Wvl.js                                        0.10 kB │ gzip:   0.12 kB
.svelte-kit/output/client/_app/immutable/chunks/CFRTDYzW.js                                        0.10 kB │ gzip:   0.12 kB
.svelte-kit/output/client/_app/immutable/chunks/CYeTA1iR.js                                        0.10 kB │ gzip:   0.10 kB
.svelte-kit/output/client/_app/immutable/chunks/DVEIkcPk.js                                        0.10 kB │ gzip:   0.12 kB
.svelte-kit/output/client/_app/immutable/chunks/DuxFr2we.js                                        0.10 kB │ gzip:   0.12 kB
.svelte-kit/output/client/_app/immutable/chunks/BSh0YVg9.js                                        0.10 kB │ gzip:   0.12 kB
.svelte-kit/output/client/_app/immutable/chunks/Cf5cmYmr.js                                        0.10 kB │ gzip:   0.12 kB
.svelte-kit/output/client/_app/immutable/chunks/CCkTqYTu.js                                        0.10 kB │ gzip:   0.12 kB
.svelte-kit/output/client/_app/immutable/chunks/DEJAkRVb.js                                        0.10 kB │ gzip:   0.12 kB
.svelte-kit/output/client/_app/immutable/chunks/D7Q4lUhk.js                                        0.10 kB │ gzip:   0.11 kB
.svelte-kit/output/client/_app/immutable/chunks/CSTIVxLk.js                                        0.11 kB │ gzip:   0.12 kB
.svelte-kit/output/client/_app/immutable/chunks/CYIqjML3.js                                        0.11 kB │ gzip:   0.12 kB
.svelte-kit/output/client/_app/immutable/chunks/D1gowFA4.js                                        0.11 kB │ gzip:   0.13 kB
.svelte-kit/output/client/_app/immutable/chunks/9Ra7Cwtn.js                                        0.11 kB │ gzip:   0.13 kB
.svelte-kit/output/client/_app/immutable/chunks/CJtGJ9j_.js                                        0.12 kB │ gzip:   0.14 kB
.svelte-kit/output/client/_app/immutable/chunks/DpXlYtWd.js                                        0.12 kB │ gzip:   0.12 kB
.svelte-kit/output/client/_app/immutable/entry/start.CyCjdpKO.js                                   0.12 kB │ gzip:   0.11 kB
.svelte-kit/output/client/_app/immutable/chunks/B7D_VuDk.js                                        0.12 kB │ gzip:   0.14 kB
.svelte-kit/output/client/_app/immutable/chunks/CCp-cGNW.js                                        0.12 kB │ gzip:   0.12 kB
.svelte-kit/output/client/_app/immutable/chunks/Cuk3b9am.js                                        0.12 kB │ gzip:   0.14 kB
.svelte-kit/output/client/_app/immutable/chunks/CWoXgKHp.js                                        0.12 kB │ gzip:   0.14 kB
.svelte-kit/output/client/_app/immutable/chunks/QjiPCfXQ.js                                        0.12 kB │ gzip:   0.12 kB
.svelte-kit/output/client/_app/immutable/chunks/DR_tNINQ.js                                        0.13 kB │ gzip:   0.13 kB
.svelte-kit/output/client/_app/immutable/chunks/BMxKWu8F.js                                        0.13 kB │ gzip:   0.12 kB
.svelte-kit/output/client/_app/immutable/chunks/DCPDmXSJ.js                                        0.13 kB │ gzip:   0.12 kB
.svelte-kit/output/client/_app/immutable/chunks/QFMFn_AI.js                                        0.13 kB │ gzip:   0.13 kB
.svelte-kit/output/client/_app/immutable/chunks/F3Wg7a92.js                                        0.13 kB │ gzip:   0.13 kB
.svelte-kit/output/client/_app/immutable/chunks/lAXuXzc5.js                                        0.13 kB │ gzip:   0.12 kB
.svelte-kit/output/client/_app/immutable/chunks/C8B4klk1.js                                        0.14 kB │ gzip:   0.16 kB
.svelte-kit/output/client/_app/immutable/chunks/BTqrZ3bn.js                                        0.14 kB │ gzip:   0.14 kB
.svelte-kit/output/client/_app/immutable/chunks/D9Wc3qbY.js                                        0.14 kB │ gzip:   0.16 kB
.svelte-kit/output/client/_app/immutable/chunks/RXVYW2e4.js                                        0.14 kB │ gzip:   0.14 kB
.svelte-kit/output/client/_app/immutable/chunks/B0XwC4Ot.js                                        0.15 kB │ gzip:   0.14 kB
.svelte-kit/output/client/_app/immutable/chunks/CtfZn8AR.js                                        0.15 kB │ gzip:   0.14 kB
.svelte-kit/output/client/_app/immutable/chunks/BBVR2NSe.js                                        0.15 kB │ gzip:   0.14 kB
.svelte-kit/output/client/_app/immutable/chunks/Cku38l6_.js                                        0.15 kB │ gzip:   0.15 kB
.svelte-kit/output/client/_app/immutable/chunks/BSV6WQji.js                                        0.16 kB │ gzip:   0.15 kB
.svelte-kit/output/client/_app/immutable/chunks/BNdVVbef.js                                        0.16 kB │ gzip:   0.16 kB
.svelte-kit/output/client/_app/immutable/chunks/ot-LekhW.js                                        0.16 kB │ gzip:   0.16 kB
.svelte-kit/output/client/_app/immutable/chunks/v2FwkcpI.js                                        0.16 kB │ gzip:   0.16 kB
.svelte-kit/output/client/_app/immutable/chunks/BETjkZzg.js                                        0.17 kB │ gzip:   0.13 kB
.svelte-kit/output/client/_app/immutable/chunks/sxZ82EkD.js                                        0.17 kB │ gzip:   0.15 kB
.svelte-kit/output/client/_app/immutable/chunks/BDOYF4mG.js                                        0.17 kB │ gzip:   0.13 kB
.svelte-kit/output/client/_app/immutable/nodes/100.CMcBACbZ.js                                     0.17 kB │ gzip:   0.17 kB
.svelte-kit/output/client/_app/immutable/nodes/101.CMcBACbZ.js                                     0.17 kB │ gzip:   0.17 kB
.svelte-kit/output/client/_app/immutable/nodes/102.CMcBACbZ.js                                     0.17 kB │ gzip:   0.17 kB
.svelte-kit/output/client/_app/immutable/nodes/103.CMcBACbZ.js                                     0.17 kB │ gzip:   0.17 kB
.svelte-kit/output/client/_app/immutable/nodes/104.CMcBACbZ.js                                     0.17 kB │ gzip:   0.17 kB
.svelte-kit/output/client/_app/immutable/nodes/110.CMcBACbZ.js                                     0.17 kB │ gzip:   0.17 kB
.svelte-kit/output/client/_app/immutable/nodes/111.CMcBACbZ.js                                     0.17 kB │ gzip:   0.17 kB
.svelte-kit/output/client/_app/immutable/nodes/115.CMcBACbZ.js                                     0.17 kB │ gzip:   0.17 kB
.svelte-kit/output/client/_app/immutable/nodes/119.CMcBACbZ.js                                     0.17 kB │ gzip:   0.17 kB
.svelte-kit/output/client/_app/immutable/nodes/19.CMcBACbZ.js                                      0.17 kB │ gzip:   0.17 kB
.svelte-kit/output/client/_app/immutable/nodes/23.CMcBACbZ.js                                      0.17 kB │ gzip:   0.17 kB
.svelte-kit/output/client/_app/immutable/nodes/24.CMcBACbZ.js                                      0.17 kB │ gzip:   0.17 kB
.svelte-kit/output/client/_app/immutable/nodes/27.CMcBACbZ.js                                      0.17 kB │ gzip:   0.17 kB
.svelte-kit/output/client/_app/immutable/nodes/33.CMcBACbZ.js                                      0.17 kB │ gzip:   0.17 kB
.svelte-kit/output/client/_app/immutable/nodes/39.CMcBACbZ.js                                      0.17 kB │ gzip:   0.17 kB
.svelte-kit/output/client/_app/immutable/nodes/43.CMcBACbZ.js                                      0.17 kB │ gzip:   0.17 kB
.svelte-kit/output/client/_app/immutable/nodes/44.CMcBACbZ.js                                      0.17 kB │ gzip:   0.17 kB
.svelte-kit/output/client/_app/immutable/nodes/45.CMcBACbZ.js                                      0.17 kB │ gzip:   0.17 kB
.svelte-kit/output/client/_app/immutable/nodes/46.CMcBACbZ.js                                      0.17 kB │ gzip:   0.17 kB
.svelte-kit/output/client/_app/immutable/nodes/47.CMcBACbZ.js                                      0.17 kB │ gzip:   0.17 kB
.svelte-kit/output/client/_app/immutable/nodes/48.CMcBACbZ.js                                      0.17 kB │ gzip:   0.17 kB
.svelte-kit/output/client/_app/immutable/nodes/50.CMcBACbZ.js                                      0.17 kB │ gzip:   0.17 kB
.svelte-kit/output/client/_app/immutable/nodes/52.CMcBACbZ.js                                      0.17 kB │ gzip:   0.17 kB
.svelte-kit/output/client/_app/immutable/nodes/56.CMcBACbZ.js                                      0.17 kB │ gzip:   0.17 kB
.svelte-kit/output/client/_app/immutable/nodes/58.CMcBACbZ.js                                      0.17 kB │ gzip:   0.17 kB
.svelte-kit/output/client/_app/immutable/nodes/59.CMcBACbZ.js                                      0.17 kB │ gzip:   0.17 kB
.svelte-kit/output/client/_app/immutable/nodes/6.CMcBACbZ.js                                       0.17 kB │ gzip:   0.17 kB
.svelte-kit/output/client/_app/immutable/nodes/60.CMcBACbZ.js                                      0.17 kB │ gzip:   0.17 kB
.svelte-kit/output/client/_app/immutable/nodes/62.CMcBACbZ.js                                      0.17 kB │ gzip:   0.17 kB
.svelte-kit/output/client/_app/immutable/nodes/65.CMcBACbZ.js                                      0.17 kB │ gzip:   0.17 kB
.svelte-kit/output/client/_app/immutable/nodes/66.CMcBACbZ.js                                      0.17 kB │ gzip:   0.17 kB
.svelte-kit/output/client/_app/immutable/nodes/67.CMcBACbZ.js                                      0.17 kB │ gzip:   0.17 kB
.svelte-kit/output/client/_app/immutable/nodes/68.CMcBACbZ.js                                      0.17 kB │ gzip:   0.17 kB
.svelte-kit/output/client/_app/immutable/nodes/71.CMcBACbZ.js                                      0.17 kB │ gzip:   0.17 kB
.svelte-kit/output/client/_app/immutable/nodes/72.CMcBACbZ.js                                      0.17 kB │ gzip:   0.17 kB
.svelte-kit/output/client/_app/immutable/nodes/73.CMcBACbZ.js                                      0.17 kB │ gzip:   0.17 kB
.svelte-kit/output/client/_app/immutable/nodes/74.CMcBACbZ.js                                      0.17 kB │ gzip:   0.17 kB
.svelte-kit/output/client/_app/immutable/nodes/76.CMcBACbZ.js                                      0.17 kB │ gzip:   0.17 kB
.svelte-kit/output/client/_app/immutable/nodes/77.CMcBACbZ.js                                      0.17 kB │ gzip:   0.17 kB
.svelte-kit/output/client/_app/immutable/nodes/78.CMcBACbZ.js                                      0.17 kB │ gzip:   0.17 kB
.svelte-kit/output/client/_app/immutable/nodes/82.CMcBACbZ.js                                      0.17 kB │ gzip:   0.17 kB
.svelte-kit/output/client/_app/immutable/nodes/83.CMcBACbZ.js                                      0.17 kB │ gzip:   0.17 kB
.svelte-kit/output/client/_app/immutable/nodes/84.CMcBACbZ.js                                      0.17 kB │ gzip:   0.17 kB
.svelte-kit/output/client/_app/immutable/nodes/85.CMcBACbZ.js                                      0.17 kB │ gzip:   0.17 kB
.svelte-kit/output/client/_app/immutable/nodes/87.CMcBACbZ.js                                      0.17 kB │ gzip:   0.17 kB
.svelte-kit/output/client/_app/immutable/nodes/90.CMcBACbZ.js                                      0.17 kB │ gzip:   0.17 kB
.svelte-kit/output/client/_app/immutable/nodes/91.CMcBACbZ.js                                      0.17 kB │ gzip:   0.17 kB
.svelte-kit/output/client/_app/immutable/nodes/93.CMcBACbZ.js                                      0.17 kB │ gzip:   0.17 kB
.svelte-kit/output/client/_app/immutable/nodes/94.CMcBACbZ.js                                      0.17 kB │ gzip:   0.17 kB
.svelte-kit/output/client/_app/immutable/nodes/95.CMcBACbZ.js                                      0.17 kB │ gzip:   0.17 kB
.svelte-kit/output/client/_app/immutable/nodes/96.CMcBACbZ.js                                      0.17 kB │ gzip:   0.17 kB
.svelte-kit/output/client/_app/immutable/nodes/99.CMcBACbZ.js                                      0.17 kB │ gzip:   0.17 kB
.svelte-kit/output/client/_app/immutable/chunks/SLxhhS6o.js                                        0.18 kB │ gzip:   0.15 kB
.svelte-kit/output/client/_app/immutable/chunks/xLlaGmJl.js                                        0.18 kB │ gzip:   0.15 kB
.svelte-kit/output/client/_app/immutable/chunks/D2JX0G84.js                                        0.18 kB │ gzip:   0.15 kB
.svelte-kit/output/client/_app/immutable/chunks/CU_fYWof.js                                        0.18 kB │ gzip:   0.16 kB
.svelte-kit/output/client/_app/immutable/chunks/__p-OK1U.js                                        0.18 kB │ gzip:   0.17 kB
.svelte-kit/output/client/_app/immutable/chunks/B6P0HM0P.js                                        0.19 kB │ gzip:   0.14 kB
.svelte-kit/output/client/_app/immutable/chunks/DlXHsGiR.js                                        0.19 kB │ gzip:   0.15 kB
.svelte-kit/output/client/_app/immutable/chunks/BdlppI6s.js                                        0.19 kB │ gzip:   0.16 kB
.svelte-kit/output/client/_app/immutable/chunks/BZEj-uVh.js                                        0.20 kB │ gzip:   0.18 kB
.svelte-kit/output/client/_app/immutable/chunks/BL5euHC-.js                                        0.21 kB │ gzip:   0.20 kB
.svelte-kit/output/client/_app/immutable/chunks/wGaqooAd.js                                        0.22 kB │ gzip:   0.17 kB
.svelte-kit/output/client/_app/immutable/chunks/DkGLfneb.js                                        0.23 kB │ gzip:   0.21 kB
.svelte-kit/output/client/_app/immutable/chunks/CxfJdCK7.js                                        0.23 kB │ gzip:   0.19 kB
.svelte-kit/output/client/_app/immutable/chunks/DuxnoEbS.js                                        0.23 kB │ gzip:   0.19 kB
.svelte-kit/output/client/_app/immutable/chunks/CuwO7Caw.js                                        0.23 kB │ gzip:   0.17 kB
.svelte-kit/output/client/_app/immutable/chunks/CereevS1.js                                        0.24 kB │ gzip:   0.17 kB
.svelte-kit/output/client/_app/immutable/chunks/B-n967o2.js                                        0.24 kB │ gzip:   0.21 kB
.svelte-kit/output/client/_app/immutable/chunks/pBvqYMBW.js                                        0.24 kB │ gzip:   0.19 kB
.svelte-kit/output/client/_app/immutable/chunks/C6Oyb8tz.js                                        0.25 kB │ gzip:   0.18 kB
.svelte-kit/output/client/_app/immutable/chunks/tsPuy_IQ.js                                        0.25 kB │ gzip:   0.19 kB
.svelte-kit/output/client/_app/immutable/chunks/BJjDPI1m.js                                        0.26 kB │ gzip:   0.19 kB
.svelte-kit/output/client/_app/immutable/chunks/8cNe_lN7.js                                        0.26 kB │ gzip:   0.20 kB
.svelte-kit/output/client/_app/immutable/chunks/Y9pljEGg.js                                        0.28 kB │ gzip:   0.20 kB
.svelte-kit/output/client/_app/immutable/chunks/BX5kIoQq.js                                        0.28 kB │ gzip:   0.18 kB
.svelte-kit/output/client/_app/immutable/chunks/CQmM6IM9.js                                        0.28 kB │ gzip:   0.22 kB
.svelte-kit/output/client/_app/immutable/chunks/B7Aq-oyg.js                                        0.29 kB │ gzip:   0.15 kB
.svelte-kit/output/client/_app/immutable/chunks/2riSDqvY.js                                        0.30 kB │ gzip:   0.19 kB
.svelte-kit/output/client/_app/immutable/chunks/BXM4jTmX.js                                        0.30 kB │ gzip:   0.21 kB
.svelte-kit/output/client/_app/immutable/chunks/CluPWNhO.js                                        0.31 kB │ gzip:   0.22 kB
.svelte-kit/output/client/_app/immutable/chunks/zovVjTph.js                                        0.32 kB │ gzip:   0.24 kB
.svelte-kit/output/client/_app/immutable/chunks/BJTY71-l.js                                        0.32 kB │ gzip:   0.21 kB
.svelte-kit/output/client/_app/immutable/chunks/rEvIEcN2.js                                        0.32 kB │ gzip:   0.27 kB
.svelte-kit/output/client/_app/immutable/chunks/DOupVsCj.js                                        0.33 kB │ gzip:   0.21 kB
.svelte-kit/output/client/_app/immutable/chunks/CyZDFyiu.js                                        0.33 kB │ gzip:   0.26 kB
.svelte-kit/output/client/_app/immutable/chunks/DKMvGour.js                                        0.35 kB │ gzip:   0.20 kB
.svelte-kit/output/client/_app/immutable/chunks/CaRB626G.js                                        0.36 kB │ gzip:   0.26 kB
.svelte-kit/output/client/_app/immutable/chunks/CXZceIvh.js                                        0.36 kB │ gzip:   0.23 kB
.svelte-kit/output/client/_app/immutable/chunks/CuN2G1_b.js                                        0.36 kB │ gzip:   0.25 kB
.svelte-kit/output/client/_app/immutable/chunks/hvnCvcp6.js                                        0.36 kB │ gzip:   0.23 kB
.svelte-kit/output/client/_app/immutable/chunks/CdCtDJx8.js                                        0.36 kB │ gzip:   0.25 kB
.svelte-kit/output/client/_app/immutable/chunks/ClwAKh2l.js                                        0.37 kB │ gzip:   0.25 kB
.svelte-kit/output/client/_app/immutable/chunks/YTSIVyNX.js                                        0.37 kB │ gzip:   0.30 kB
.svelte-kit/output/client/_app/immutable/chunks/BGKTo5gU.js                                        0.37 kB │ gzip:   0.27 kB
.svelte-kit/output/client/_app/immutable/chunks/BBbMwpMz.js                                        0.37 kB │ gzip:   0.26 kB
.svelte-kit/output/client/_app/immutable/chunks/DUdco2sO.js                                        0.37 kB │ gzip:   0.25 kB
.svelte-kit/output/client/_app/immutable/chunks/BxnpkJsm.js                                        0.37 kB │ gzip:   0.21 kB
.svelte-kit/output/client/_app/immutable/nodes/1.BdTD0JGv.js                                       0.38 kB │ gzip:   0.27 kB
.svelte-kit/output/client/_app/immutable/chunks/IrPFUxF5.js                                        0.38 kB │ gzip:   0.23 kB
.svelte-kit/output/client/_app/immutable/chunks/DH-lS981.js                                        0.38 kB │ gzip:   0.28 kB
.svelte-kit/output/client/_app/immutable/chunks/DF9sGtHn.js                                        0.39 kB │ gzip:   0.27 kB
.svelte-kit/output/client/_app/immutable/chunks/D1ht5jha.js                                        0.39 kB │ gzip:   0.25 kB
.svelte-kit/output/client/_app/immutable/chunks/Dur11GZp.js                                        0.42 kB │ gzip:   0.27 kB
.svelte-kit/output/client/_app/immutable/chunks/CXQROY2v.js                                        0.43 kB │ gzip:   0.27 kB
.svelte-kit/output/client/_app/immutable/chunks/C4BwEKk4.js                                        0.43 kB │ gzip:   0.30 kB
.svelte-kit/output/client/_app/immutable/chunks/Bgqw-DOs.js                                        0.44 kB │ gzip:   0.28 kB
.svelte-kit/output/client/_app/immutable/nodes/25.Mvp1XKVn.js                                      0.45 kB │ gzip:   0.29 kB
.svelte-kit/output/client/_app/immutable/chunks/BBoHrlkZ.js                                        0.46 kB │ gzip:   0.31 kB
.svelte-kit/output/client/_app/immutable/chunks/CkFv4Lv6.js                                        0.46 kB │ gzip:   0.30 kB
.svelte-kit/output/client/_app/immutable/chunks/FvN88m0V.js                                        0.47 kB │ gzip:   0.26 kB
.svelte-kit/output/client/_app/immutable/chunks/_xmTFQLV.js                                        0.48 kB │ gzip:   0.31 kB
.svelte-kit/output/client/_app/immutable/chunks/C3kJ57QO.js                                        0.48 kB │ gzip:   0.28 kB
.svelte-kit/output/client/_app/immutable/chunks/Qzs4DB7J.js                                        0.49 kB │ gzip:   0.32 kB
.svelte-kit/output/client/_app/immutable/chunks/B9REDI8W.js                                        0.50 kB │ gzip:   0.31 kB
.svelte-kit/output/client/_app/immutable/chunks/-UyI9lYi.js                                        0.51 kB │ gzip:   0.30 kB
.svelte-kit/output/client/_app/immutable/chunks/effxbzBs.js                                        0.51 kB │ gzip:   0.34 kB
.svelte-kit/output/client/_app/immutable/chunks/Cb0CrQ0m.js                                        0.53 kB │ gzip:   0.33 kB
.svelte-kit/output/client/_app/immutable/chunks/CM7iWWz3.js                                        0.53 kB │ gzip:   0.30 kB
.svelte-kit/output/client/_app/immutable/chunks/jzw03CWU.js                                        0.53 kB │ gzip:   0.35 kB
.svelte-kit/output/client/_app/immutable/chunks/DuppCaBO.js                                        0.54 kB │ gzip:   0.28 kB
.svelte-kit/output/client/_app/immutable/chunks/Dr57NBui.js                                        0.54 kB │ gzip:   0.34 kB
.svelte-kit/output/client/_app/immutable/chunks/-rXBZJNa.js                                        0.55 kB │ gzip:   0.31 kB
.svelte-kit/output/client/_app/immutable/chunks/DAk2SRBI.js                                        0.56 kB │ gzip:   0.39 kB
.svelte-kit/output/client/_app/immutable/chunks/CZAAe3zu.js                                        0.60 kB │ gzip:   0.36 kB
.svelte-kit/output/client/_app/immutable/chunks/BlhkLhJT.js                                        0.61 kB │ gzip:   0.33 kB
.svelte-kit/output/client/_app/immutable/chunks/DvjTpIlp.js                                        0.62 kB │ gzip:   0.41 kB
.svelte-kit/output/client/_app/immutable/chunks/DuFtLJMo.js                                        0.63 kB │ gzip:   0.42 kB
.svelte-kit/output/client/_app/immutable/chunks/BEOye62G.js                                        0.64 kB │ gzip:   0.37 kB
.svelte-kit/output/client/_app/immutable/chunks/Bg2J3psq.js                                        0.65 kB │ gzip:   0.42 kB
.svelte-kit/output/client/_app/immutable/chunks/B7lIrqtL.js                                        0.67 kB │ gzip:   0.44 kB
.svelte-kit/output/client/_app/immutable/chunks/Byl_D19b.js                                        0.68 kB │ gzip:   0.39 kB
.svelte-kit/output/client/_app/immutable/chunks/MUtI-521.js                                        0.68 kB │ gzip:   0.46 kB
.svelte-kit/output/client/_app/immutable/chunks/n9uKBa-H.js                                        0.69 kB │ gzip:   0.44 kB
.svelte-kit/output/client/_app/immutable/nodes/81.D7sS4z96.js                                      0.69 kB │ gzip:   0.44 kB
.svelte-kit/output/client/_app/immutable/chunks/ClMrgZWq.js                                        0.69 kB │ gzip:   0.43 kB
.svelte-kit/output/client/_app/immutable/chunks/CBgezpLO.js                                        0.69 kB │ gzip:   0.46 kB
.svelte-kit/output/client/_app/immutable/chunks/DQqdFW2U.js                                        0.69 kB │ gzip:   0.37 kB
.svelte-kit/output/client/_app/immutable/chunks/Dcfu646u.js                                        0.71 kB │ gzip:   0.42 kB
.svelte-kit/output/client/_app/immutable/chunks/BW4yAuAg.js                                        0.72 kB │ gzip:   0.45 kB
.svelte-kit/output/client/_app/immutable/chunks/C3K4BGIJ.js                                        0.72 kB │ gzip:   0.40 kB
.svelte-kit/output/client/_app/immutable/chunks/BXuxOhBy.js                                        0.73 kB │ gzip:   0.41 kB
.svelte-kit/output/client/_app/immutable/chunks/DX1S2RnY.js                                        0.75 kB │ gzip:   0.42 kB
.svelte-kit/output/client/_app/immutable/chunks/Czfn8Ojs.js                                        0.75 kB │ gzip:   0.39 kB
.svelte-kit/output/client/_app/immutable/chunks/D8vojqcN.js                                        0.76 kB │ gzip:   0.40 kB
.svelte-kit/output/client/_app/immutable/chunks/CFa3Dise.js                                        0.77 kB │ gzip:   0.43 kB
.svelte-kit/output/client/_app/immutable/chunks/DwGNQrtg.js                                        0.79 kB │ gzip:   0.40 kB
.svelte-kit/output/client/_app/immutable/chunks/Bxuotnsl.js                                        0.81 kB │ gzip:   0.45 kB
.svelte-kit/output/client/_app/immutable/chunks/DEDk5PCE.js                                        0.81 kB │ gzip:   0.45 kB
.svelte-kit/output/client/_app/immutable/chunks/DB6KQwn0.js                                        0.83 kB │ gzip:   0.41 kB
.svelte-kit/output/client/_app/immutable/chunks/jjg2hDNe.js                                        0.83 kB │ gzip:   0.51 kB
.svelte-kit/output/client/_app/immutable/chunks/CkOVtG4I.js                                        0.84 kB │ gzip:   0.39 kB
.svelte-kit/output/client/_app/immutable/chunks/CxbpWEZe.js                                        0.84 kB │ gzip:   0.52 kB
.svelte-kit/output/client/_app/immutable/chunks/Bi1kLlgI.js                                        0.84 kB │ gzip:   0.48 kB
.svelte-kit/output/client/_app/immutable/chunks/BkY10QhV.js                                        0.85 kB │ gzip:   0.41 kB
.svelte-kit/output/client/_app/immutable/chunks/DZpRK15T.js                                        0.86 kB │ gzip:   0.45 kB
.svelte-kit/output/client/_app/immutable/chunks/aj79k3_r.js                                        0.87 kB │ gzip:   0.40 kB
.svelte-kit/output/client/_app/immutable/chunks/p1QeiD0t.js                                        0.89 kB │ gzip:   0.48 kB
.svelte-kit/output/client/_app/immutable/chunks/BpglEdNr.js                                        0.92 kB │ gzip:   0.53 kB
.svelte-kit/output/client/_app/immutable/chunks/DNQs9iRx.js                                        0.96 kB │ gzip:   0.55 kB
.svelte-kit/output/client/_app/immutable/chunks/D9v_Qygg.js                                        0.99 kB │ gzip:   0.49 kB
.svelte-kit/output/client/_app/immutable/chunks/FA8R00Yr.js                                        1.00 kB │ gzip:   0.54 kB
.svelte-kit/output/client/_app/immutable/chunks/CjCOMZrB.js                                        1.02 kB │ gzip:   0.58 kB
.svelte-kit/output/client/_app/immutable/chunks/BcUXbKxE.js                                        1.03 kB │ gzip:   0.58 kB
.svelte-kit/output/client/_app/immutable/chunks/BeBAkJG1.js                                        1.04 kB │ gzip:   0.57 kB
.svelte-kit/output/client/_app/immutable/chunks/C93wNq_c.js                                        1.05 kB │ gzip:   0.55 kB
.svelte-kit/output/client/_app/immutable/chunks/DzURSxiv.js                                        1.07 kB │ gzip:   0.64 kB
.svelte-kit/output/client/_app/immutable/chunks/BrFpzaWE.js                                        1.07 kB │ gzip:   0.57 kB
.svelte-kit/output/client/_app/immutable/chunks/5ofVQv8A.js                                        1.08 kB │ gzip:   0.62 kB
.svelte-kit/output/client/_app/immutable/chunks/DaeaNExf.js                                        1.08 kB │ gzip:   0.58 kB
.svelte-kit/output/client/_app/immutable/chunks/D1yA01mE.js                                        1.12 kB │ gzip:   0.60 kB
.svelte-kit/output/client/_app/immutable/chunks/BoIajNw8.js                                        1.12 kB │ gzip:   0.40 kB
.svelte-kit/output/client/_app/immutable/chunks/Ci74ZuBP.js                                        1.15 kB │ gzip:   0.59 kB
.svelte-kit/output/client/_app/immutable/chunks/RwW1WQfx.js                                        1.16 kB │ gzip:   0.63 kB
.svelte-kit/output/client/_app/immutable/chunks/C6HCJTUP.js                                        1.16 kB │ gzip:   0.69 kB
.svelte-kit/output/client/_app/immutable/chunks/BIVmHFQn.js                                        1.17 kB │ gzip:   0.66 kB
.svelte-kit/output/client/_app/immutable/chunks/BtjwgBra.js                                        1.22 kB │ gzip:   0.72 kB
.svelte-kit/output/client/_app/immutable/nodes/41.CTMM80uw.js                                      1.25 kB │ gzip:   0.70 kB
.svelte-kit/output/client/_app/immutable/chunks/Dp1pzeXC.js                                        1.27 kB │ gzip:   0.73 kB
.svelte-kit/output/client/_app/immutable/chunks/CYvkKnas.js                                        1.28 kB │ gzip:   0.52 kB
.svelte-kit/output/client/_app/immutable/chunks/8rQpeU9Q.js                                        1.28 kB │ gzip:   0.67 kB
.svelte-kit/output/client/_app/immutable/chunks/DoIqXcdC.js                                        1.29 kB │ gzip:   0.79 kB
.svelte-kit/output/client/_app/immutable/chunks/D-q_4ytn.js                                        1.29 kB │ gzip:   0.75 kB
.svelte-kit/output/client/_app/immutable/chunks/wbPk3Yxo.js                                        1.37 kB │ gzip:   0.66 kB
.svelte-kit/output/client/_app/immutable/chunks/CUVdE9Ul.js                                        1.39 kB │ gzip:   0.67 kB
.svelte-kit/output/client/_app/immutable/chunks/CiWow26T.js                                        1.41 kB │ gzip:   0.85 kB
.svelte-kit/output/client/_app/immutable/chunks/H0Jzc5D-.js                                        1.44 kB │ gzip:   0.67 kB
.svelte-kit/output/client/_app/immutable/chunks/Bmou7IqV.js                                        1.44 kB │ gzip:   0.76 kB
.svelte-kit/output/client/_app/immutable/chunks/Dz-9PJvg.js                                        1.48 kB │ gzip:   0.65 kB
.svelte-kit/output/client/_app/immutable/chunks/DmB5ISWV.js                                        1.48 kB │ gzip:   0.68 kB
.svelte-kit/output/client/_app/immutable/chunks/DVhglEmt.js                                        1.51 kB │ gzip:   0.76 kB
.svelte-kit/output/client/_app/immutable/chunks/CB_qq-IC.js                                        1.51 kB │ gzip:   0.73 kB
.svelte-kit/output/client/_app/immutable/chunks/BZseSwQp.js                                        1.53 kB │ gzip:   0.73 kB
.svelte-kit/output/client/_app/immutable/nodes/26.DB-Fdb3_.js                                      1.53 kB │ gzip:   0.75 kB
.svelte-kit/output/client/_app/immutable/chunks/BwYfj_yp.js                                        1.53 kB │ gzip:   0.71 kB
.svelte-kit/output/client/_app/immutable/chunks/BByYQP7h.js                                        1.53 kB │ gzip:   0.82 kB
.svelte-kit/output/client/_app/immutable/chunks/BOLqwBUR.js                                        1.55 kB │ gzip:   0.64 kB
.svelte-kit/output/client/_app/immutable/chunks/BcFvwnIj.js                                        1.55 kB │ gzip:   0.90 kB
.svelte-kit/output/client/_app/immutable/chunks/M_oBq4-m.js                                        1.56 kB │ gzip:   0.92 kB
.svelte-kit/output/client/_app/immutable/chunks/D4151ltm.js                                        1.62 kB │ gzip:   0.81 kB
.svelte-kit/output/client/_app/immutable/chunks/Dlxxmzh2.js                                        1.63 kB │ gzip:   0.91 kB
.svelte-kit/output/client/_app/immutable/chunks/eu0Y2_gA.js                                        1.63 kB │ gzip:   0.85 kB
.svelte-kit/output/client/_app/immutable/chunks/KdGNKvJn.js                                        1.68 kB │ gzip:   0.73 kB
.svelte-kit/output/client/_app/immutable/chunks/BRE7ebS6.js                                        1.68 kB │ gzip:   0.92 kB
.svelte-kit/output/client/_app/immutable/chunks/DdspZlUy.js                                        1.72 kB │ gzip:   0.83 kB
.svelte-kit/output/client/_app/immutable/chunks/hinC8bVa.js                                        1.73 kB │ gzip:   0.65 kB
.svelte-kit/output/client/_app/immutable/chunks/G5ltH8bd.js                                        1.74 kB │ gzip:   0.94 kB
.svelte-kit/output/client/_app/immutable/chunks/DNLvPcIe.js                                        1.81 kB │ gzip:   0.93 kB
.svelte-kit/output/client/_app/immutable/chunks/C6W8iF0V.js                                        1.81 kB │ gzip:   0.91 kB
.svelte-kit/output/client/_app/immutable/chunks/DsxApkWn.js                                        1.82 kB │ gzip:   0.61 kB
.svelte-kit/output/client/_app/immutable/chunks/BSNzg69G.js                                        1.85 kB │ gzip:   0.97 kB
.svelte-kit/output/client/_app/immutable/chunks/BtuduZhk.js                                        1.85 kB │ gzip:   0.77 kB
.svelte-kit/output/client/_app/immutable/chunks/rgnQAqPU.js                                        1.86 kB │ gzip:   0.91 kB
.svelte-kit/output/client/_app/immutable/chunks/CTChI9sL.js                                        1.86 kB │ gzip:   1.01 kB
.svelte-kit/output/client/_app/immutable/chunks/CA_oCAVj.js                                        1.88 kB │ gzip:   0.94 kB
.svelte-kit/output/client/_app/immutable/nodes/113.DFNxeDIp.js                                     1.90 kB │ gzip:   0.98 kB
.svelte-kit/output/client/_app/immutable/chunks/DlVShby2.js                                        1.91 kB │ gzip:   0.92 kB
.svelte-kit/output/client/_app/immutable/chunks/BywPk_7R.js                                        1.94 kB │ gzip:   0.97 kB
.svelte-kit/output/client/_app/immutable/chunks/BApenPx-.js                                        1.95 kB │ gzip:   0.85 kB
.svelte-kit/output/client/_app/immutable/chunks/D9Ut5YBW.js                                        1.96 kB │ gzip:   1.05 kB
.svelte-kit/output/client/_app/immutable/chunks/Bj-_iWHN.js                                        1.97 kB │ gzip:   1.09 kB
.svelte-kit/output/client/_app/immutable/chunks/DhN5Ghfc.js                                        1.98 kB │ gzip:   0.73 kB
.svelte-kit/output/client/_app/immutable/chunks/jRg0srZl.js                                        2.01 kB │ gzip:   0.95 kB
.svelte-kit/output/client/_app/immutable/chunks/CX4fZoLI.js                                        2.07 kB │ gzip:   1.10 kB
.svelte-kit/output/client/_app/immutable/chunks/DAJ8WNnr.js                                        2.07 kB │ gzip:   1.02 kB
.svelte-kit/output/client/_app/immutable/chunks/Cwm8BWCV.js                                        2.11 kB │ gzip:   0.88 kB
.svelte-kit/output/client/_app/immutable/chunks/Bw1z2Ejt.js                                        2.13 kB │ gzip:   0.97 kB
.svelte-kit/output/client/_app/immutable/chunks/Bxko0Klp.js                                        2.17 kB │ gzip:   1.14 kB
.svelte-kit/output/client/_app/immutable/chunks/C0buvtOd.js                                        2.17 kB │ gzip:   1.10 kB
.svelte-kit/output/client/_app/immutable/chunks/Fj-IFhFK.js                                        2.18 kB │ gzip:   0.79 kB
.svelte-kit/output/client/_app/immutable/chunks/h0vik2L1.js                                        2.19 kB │ gzip:   1.15 kB
.svelte-kit/output/client/_app/immutable/chunks/Ct4l-5A6.js                                        2.27 kB │ gzip:   1.25 kB
.svelte-kit/output/client/_app/immutable/chunks/0GHCsPwE.js                                        2.29 kB │ gzip:   1.21 kB
.svelte-kit/output/client/_app/immutable/chunks/D1uPyQ0O.js                                        2.29 kB │ gzip:   1.14 kB
.svelte-kit/output/client/_app/immutable/chunks/ijhFrEMs.js                                        2.30 kB │ gzip:   1.33 kB
.svelte-kit/output/client/_app/immutable/chunks/BLog3T-z.js                                        2.35 kB │ gzip:   0.98 kB
.svelte-kit/output/client/_app/immutable/chunks/DmkXAJVK.js                                        2.41 kB │ gzip:   1.13 kB
.svelte-kit/output/client/_app/immutable/chunks/BStkj9GB.js                                        2.42 kB │ gzip:   1.06 kB
.svelte-kit/output/client/_app/immutable/chunks/FN-iMIll.js                                        2.43 kB │ gzip:   1.15 kB
.svelte-kit/output/client/_app/immutable/nodes/92.DtfjuXiy.js                                      2.47 kB │ gzip:   1.23 kB
.svelte-kit/output/client/_app/immutable/chunks/wxkofBhX.js                                        2.49 kB │ gzip:   0.81 kB
.svelte-kit/output/client/_app/immutable/chunks/D3goThYi.js                                        2.54 kB │ gzip:   1.28 kB
.svelte-kit/output/client/_app/immutable/chunks/DfTa0sCo.js                                        2.59 kB │ gzip:   1.15 kB
.svelte-kit/output/client/_app/immutable/chunks/DIYyOrWJ.js                                        2.60 kB │ gzip:   1.14 kB
.svelte-kit/output/client/_app/immutable/chunks/CwHAmfO7.js                                        2.63 kB │ gzip:   1.36 kB
.svelte-kit/output/client/_app/immutable/nodes/105.IN3ZSHzP.js                                     2.77 kB │ gzip:   1.43 kB
.svelte-kit/output/client/_app/immutable/chunks/BqMB6d9T.js                                        2.81 kB │ gzip:   1.25 kB
.svelte-kit/output/client/_app/immutable/chunks/u2pRf3Va.js                                        2.83 kB │ gzip:   1.36 kB
.svelte-kit/output/client/_app/immutable/chunks/gbEvczpM.js                                        2.83 kB │ gzip:   1.40 kB
.svelte-kit/output/client/_app/immutable/chunks/DQVhRXDI.js                                        2.83 kB │ gzip:   1.30 kB
.svelte-kit/output/client/_app/immutable/chunks/CQgks5l7.js                                        2.89 kB │ gzip:   1.35 kB
.svelte-kit/output/client/_app/immutable/chunks/DbHxKPXo.js                                        2.89 kB │ gzip:   1.08 kB
.svelte-kit/output/client/_app/immutable/chunks/C7r2dpOO.js                                        2.89 kB │ gzip:   1.48 kB
.svelte-kit/output/client/_app/immutable/chunks/sQHWaYIe.js                                        2.94 kB │ gzip:   1.13 kB
.svelte-kit/output/client/_app/immutable/chunks/BJjOzm9V.js                                        2.94 kB │ gzip:   1.35 kB
.svelte-kit/output/client/_app/immutable/chunks/oaPBr3BA.js                                        2.94 kB │ gzip:   0.87 kB
.svelte-kit/output/client/_app/immutable/chunks/DYVCDYoC.js                                        2.96 kB │ gzip:   1.06 kB
.svelte-kit/output/client/_app/immutable/chunks/DMc1el11.js                                        2.98 kB │ gzip:   1.53 kB
.svelte-kit/output/client/_app/immutable/nodes/98.DDXFsDs_.js                                      2.98 kB │ gzip:   1.48 kB
.svelte-kit/output/client/_app/immutable/nodes/107.DxTEsBaA.js                                     3.00 kB │ gzip:   1.35 kB
.svelte-kit/output/client/_app/immutable/chunks/irh4FQgc.js                                        3.04 kB │ gzip:   1.32 kB
.svelte-kit/output/client/_app/immutable/chunks/DIg_QULd.js                                        3.10 kB │ gzip:   1.37 kB
.svelte-kit/output/client/_app/immutable/chunks/DyHwsxMq.js                                        3.24 kB │ gzip:   1.55 kB
.svelte-kit/output/client/_app/immutable/chunks/DZSFDEU0.js                                        3.34 kB │ gzip:   1.32 kB
.svelte-kit/output/client/_app/immutable/chunks/DKDcifYo.js                                        3.38 kB │ gzip:   1.39 kB
.svelte-kit/output/client/_app/immutable/chunks/BGO_iK4a.js                                        3.44 kB │ gzip:   1.66 kB
.svelte-kit/output/client/_app/immutable/chunks/Bhgt19c5.js                                        3.45 kB │ gzip:   1.44 kB
.svelte-kit/output/client/_app/immutable/chunks/DD8hPB8Z.js                                        3.45 kB │ gzip:   1.53 kB
.svelte-kit/output/client/_app/immutable/chunks/Oe4h_TbQ.js                                        3.50 kB │ gzip:   1.64 kB
.svelte-kit/output/client/_app/immutable/chunks/DnSn8YOY.js                                        3.51 kB │ gzip:   1.63 kB
.svelte-kit/output/client/_app/immutable/chunks/C4iCcCBY.js                                        3.62 kB │ gzip:   1.36 kB
.svelte-kit/output/client/_app/immutable/chunks/DAjOyHjz.js                                        3.62 kB │ gzip:   1.46 kB
.svelte-kit/output/client/_app/immutable/chunks/DTr3P3qH.js                                        3.70 kB │ gzip:   1.79 kB
.svelte-kit/output/client/_app/immutable/chunks/RvoOtvCi.js                                        3.77 kB │ gzip:   1.79 kB
.svelte-kit/output/client/_app/immutable/chunks/Dh49uqmB.js                                        3.80 kB │ gzip:   1.69 kB
.svelte-kit/output/client/_app/immutable/chunks/DlyOECXI.js                                        3.80 kB │ gzip:   1.51 kB
.svelte-kit/output/client/_app/immutable/chunks/DTTKdC_C.js                                        3.94 kB │ gzip:   1.84 kB
.svelte-kit/output/client/_app/immutable/chunks/DBJhDCJz.js                                        3.97 kB │ gzip:   1.71 kB
.svelte-kit/output/client/_app/immutable/chunks/BXohjJ4T.js                                        4.01 kB │ gzip:   1.95 kB
.svelte-kit/output/client/_app/immutable/chunks/CFUHO-ki.js                                        4.02 kB │ gzip:   1.22 kB
.svelte-kit/output/client/_app/immutable/chunks/duuPtKU8.js                                        4.08 kB │ gzip:   1.58 kB
.svelte-kit/output/client/_app/immutable/chunks/B5dQOn9H.js                                        4.10 kB │ gzip:   1.71 kB
.svelte-kit/output/client/_app/immutable/nodes/61.CmNXZqde.js                                      4.11 kB │ gzip:   1.74 kB
.svelte-kit/output/client/_app/immutable/chunks/dfvwxD5-.js                                        4.15 kB │ gzip:   1.84 kB
.svelte-kit/output/client/_app/immutable/chunks/aVxohf_L.js                                        4.22 kB │ gzip:   1.55 kB
.svelte-kit/output/client/_app/immutable/chunks/3HqmIsrD.js                                        4.22 kB │ gzip:   1.95 kB
.svelte-kit/output/client/_app/immutable/chunks/LeIn9Byo.js                                        4.25 kB │ gzip:   1.43 kB
.svelte-kit/output/client/_app/immutable/chunks/DIBqtriZ.js                                        4.28 kB │ gzip:   2.04 kB
.svelte-kit/output/client/_app/immutable/nodes/80.DOo50apj.js                                      4.29 kB │ gzip:   1.93 kB
.svelte-kit/output/client/_app/immutable/chunks/BDSIdTvZ.js                                        4.31 kB │ gzip:   1.51 kB
.svelte-kit/output/client/_app/immutable/chunks/CwZX0tgI.js                                        4.34 kB │ gzip:   2.09 kB
.svelte-kit/output/client/_app/immutable/chunks/DQF97Nnf.js                                        4.47 kB │ gzip:   1.95 kB
.svelte-kit/output/client/_app/immutable/chunks/Nh0gJ4k1.js                                        4.64 kB │ gzip:   1.78 kB
.svelte-kit/output/client/_app/immutable/chunks/oDpmV0V4.js                                        4.68 kB │ gzip:   1.79 kB
.svelte-kit/output/client/_app/immutable/chunks/CPJwIVcc.js                                        4.80 kB │ gzip:   1.84 kB
.svelte-kit/output/client/_app/immutable/chunks/B6Rgtj9C.js                                        4.80 kB │ gzip:   2.20 kB
.svelte-kit/output/client/_app/immutable/chunks/TIOEIkLH.js                                        4.83 kB │ gzip:   1.94 kB
.svelte-kit/output/client/_app/immutable/chunks/BfXYPtLe.js                                        4.85 kB │ gzip:   2.10 kB
.svelte-kit/output/client/_app/immutable/chunks/BrkBhgMz.js                                        4.88 kB │ gzip:   2.29 kB
.svelte-kit/output/client/_app/immutable/chunks/C4_PLQqh.js                                        4.94 kB │ gzip:   1.80 kB
.svelte-kit/output/client/_app/immutable/chunks/nEIz9TFw.js                                        4.95 kB │ gzip:   1.56 kB
.svelte-kit/output/client/_app/immutable/chunks/O7rEvzSS.js                                        4.96 kB │ gzip:   2.29 kB
.svelte-kit/output/client/_app/immutable/chunks/D3FsHc_K.js                                        5.02 kB │ gzip:   2.26 kB
.svelte-kit/output/client/_app/immutable/chunks/DQiBCJ-T.js                                        5.05 kB │ gzip:   2.49 kB
.svelte-kit/output/client/_app/immutable/chunks/C1tfa67p.js                                        5.16 kB │ gzip:   2.10 kB
.svelte-kit/output/client/_app/immutable/chunks/OUJ0sYP2.js                                        5.22 kB │ gzip:   2.05 kB
.svelte-kit/output/client/_app/immutable/chunks/tyQrMib1.js                                        5.29 kB │ gzip:   2.44 kB
.svelte-kit/output/client/_app/immutable/chunks/D9XnDZU-.js                                        5.40 kB │ gzip:   2.04 kB
.svelte-kit/output/client/_app/immutable/chunks/C2Pc2SpT.js                                        5.45 kB │ gzip:   2.24 kB
.svelte-kit/output/client/_app/immutable/chunks/WuSeDwhV.js                                        5.55 kB │ gzip:   1.71 kB
.svelte-kit/output/client/_app/immutable/nodes/22.lH5Htm2y.js                                      5.84 kB │ gzip:   2.64 kB
.svelte-kit/output/client/_app/immutable/chunks/fonpFUFj.js                                        5.92 kB │ gzip:   2.11 kB
.svelte-kit/output/client/_app/immutable/nodes/70.C5p8VrB1.js                                      6.04 kB │ gzip:   2.52 kB
.svelte-kit/output/client/_app/immutable/chunks/PSpsjRN_.js                                        6.10 kB │ gzip:   2.53 kB
.svelte-kit/output/client/_app/immutable/nodes/54.LKe1S3yJ.js                                      6.21 kB │ gzip:   2.77 kB
.svelte-kit/output/client/_app/immutable/chunks/BKhCgs_v.js                                        6.25 kB │ gzip:   2.70 kB
.svelte-kit/output/client/_app/immutable/nodes/29.DDQ0NRgU.js                                      6.44 kB │ gzip:   2.88 kB
.svelte-kit/output/client/_app/immutable/chunks/BrNyMZtn.js                                        6.46 kB │ gzip:   2.52 kB
.svelte-kit/output/client/_app/immutable/chunks/DlbG4PqG.js                                        6.54 kB │ gzip:   2.70 kB
.svelte-kit/output/client/_app/immutable/chunks/Q5NaKaGo.js                                        6.74 kB │ gzip:   2.99 kB
.svelte-kit/output/client/_app/immutable/chunks/BPvTZ-8u.js                                        6.77 kB │ gzip:   2.69 kB
.svelte-kit/output/client/_app/immutable/chunks/Bl-5eRS6.js                                        6.81 kB │ gzip:   2.68 kB
.svelte-kit/output/client/_app/immutable/chunks/DXEGAdAX.js                                        6.87 kB │ gzip:   2.23 kB
.svelte-kit/output/client/_app/immutable/nodes/57.CZILWzXq.js                                      6.93 kB │ gzip:   2.80 kB
.svelte-kit/output/client/_app/immutable/chunks/CYfac_VP.js                                        7.00 kB │ gzip:   2.98 kB
.svelte-kit/output/client/_app/immutable/nodes/55.ZhjTXrKU.js                                      7.18 kB │ gzip:   2.96 kB
.svelte-kit/output/client/_app/immutable/nodes/89.D90GUZuT.js                                      7.21 kB │ gzip:   2.95 kB
.svelte-kit/output/client/_app/immutable/chunks/mNia7-aX.js                                        7.28 kB │ gzip:   3.29 kB
.svelte-kit/output/client/_app/immutable/nodes/108.CoOzRtVm.js                                     7.43 kB │ gzip:   3.25 kB
.svelte-kit/output/client/_app/immutable/nodes/21.BZd1VA-o.js                                      7.57 kB │ gzip:   3.38 kB
.svelte-kit/output/client/_app/immutable/chunks/Dxe58c-2.js                                        7.65 kB │ gzip:   3.35 kB
.svelte-kit/output/client/_app/immutable/nodes/122.kPvIREVg.js                                     7.79 kB │ gzip:   3.51 kB
.svelte-kit/output/client/_app/immutable/chunks/r2ogBa56.js                                        7.83 kB │ gzip:   1.39 kB
.svelte-kit/output/client/_app/immutable/chunks/LXofKoLR.js                                        8.02 kB │ gzip:   3.26 kB
.svelte-kit/output/client/_app/immutable/chunks/Bf5CGCSK.js                                        8.06 kB │ gzip:   3.09 kB
.svelte-kit/output/client/_app/immutable/nodes/109.CBhcZSBd.js                                     8.14 kB │ gzip:   3.20 kB
.svelte-kit/output/client/_app/immutable/nodes/20.zMn2w8YX.js                                      8.57 kB │ gzip:   3.65 kB
.svelte-kit/output/client/_app/immutable/chunks/ItEO3fA0.js                                        8.70 kB │ gzip:   3.33 kB
.svelte-kit/output/client/_app/immutable/nodes/35.BlZ-mrjR.js                                      8.72 kB │ gzip:   3.82 kB
.svelte-kit/output/client/_app/immutable/nodes/97.DroN6KhP.js                                      9.13 kB │ gzip:   3.50 kB
.svelte-kit/output/client/_app/immutable/nodes/79.BlAFYNZ0.js                                      9.25 kB │ gzip:   3.50 kB
.svelte-kit/output/client/_app/immutable/nodes/86.CsjL9aRS.js                                      9.26 kB │ gzip:   3.63 kB
.svelte-kit/output/client/_app/immutable/nodes/63._qYJevec.js                                      9.39 kB │ gzip:   3.65 kB
.svelte-kit/output/client/_app/immutable/nodes/117.BEGu-3hK.js                                    10.06 kB │ gzip:   4.04 kB
.svelte-kit/output/client/_app/immutable/chunks/4Y3H-aYR.js                                       10.31 kB │ gzip:   4.26 kB
.svelte-kit/output/client/_app/immutable/chunks/B-WqkVFz.js                                       10.40 kB │ gzip:   4.12 kB
.svelte-kit/output/client/_app/immutable/chunks/ZfQH61GK.js                                       10.66 kB │ gzip:   3.46 kB
.svelte-kit/output/client/_app/immutable/nodes/88.CdBNSHbn.js                                     10.87 kB │ gzip:   4.33 kB
.svelte-kit/output/client/_app/immutable/nodes/112.8AbIwqM4.js                                    11.17 kB │ gzip:   4.68 kB
.svelte-kit/output/client/_app/immutable/nodes/31.D2NzNb8W.js                                     11.63 kB │ gzip:   4.56 kB
.svelte-kit/output/client/_app/immutable/chunks/G-UcPt0g.js                                       11.72 kB │ gzip:   4.47 kB
.svelte-kit/output/client/_app/immutable/chunks/C4-IXbCf.js                                       11.72 kB │ gzip:   3.76 kB
.svelte-kit/output/client/_app/immutable/nodes/17.Q-VSva-3.js                                     11.93 kB │ gzip:   4.24 kB
.svelte-kit/output/client/_app/immutable/nodes/4.D5Zo_h0H.js                                      12.01 kB │ gzip:   4.54 kB
.svelte-kit/output/client/_app/immutable/nodes/69.CO8RLwZB.js                                     12.08 kB │ gzip:   4.87 kB
.svelte-kit/output/client/_app/immutable/chunks/BAkhS-8T.js                                       12.14 kB │ gzip:   4.04 kB
.svelte-kit/output/client/_app/immutable/chunks/BsXjeIzS.js                                       12.47 kB │ gzip:   5.21 kB
.svelte-kit/output/client/_app/immutable/nodes/51.CPgaR7fe.js                                     12.83 kB │ gzip:   4.90 kB
.svelte-kit/output/client/_app/immutable/nodes/32.CdfK5Gqk.js                                     13.76 kB │ gzip:   5.32 kB
.svelte-kit/output/client/_app/immutable/nodes/16.BNHu_mMj.js                                     13.91 kB │ gzip:   5.05 kB
.svelte-kit/output/client/_app/immutable/chunks/BXeRhN2f.js                                       14.04 kB │ gzip:   5.03 kB
.svelte-kit/output/client/_app/immutable/nodes/38.D_z_0l-f.js                                     14.57 kB │ gzip:   6.25 kB
.svelte-kit/output/client/_app/immutable/nodes/18.BcuNy-jp.js                                     15.17 kB │ gzip:   5.67 kB
.svelte-kit/output/client/_app/immutable/chunks/C6znSPeh.js                                       15.20 kB │ gzip:   5.78 kB
.svelte-kit/output/client/_app/immutable/nodes/3.C-BFGhGj.js                                      15.80 kB │ gzip:   6.00 kB
.svelte-kit/output/client/_app/immutable/chunks/C6xHUsg2.js                                       15.83 kB │ gzip:   6.83 kB
.svelte-kit/output/client/_app/immutable/nodes/36.DLrOodnB.js                                     16.02 kB │ gzip:   6.39 kB
.svelte-kit/output/client/_app/immutable/nodes/37.DDJRgQ-I.js                                     17.00 kB │ gzip:   6.60 kB
.svelte-kit/output/client/_app/immutable/nodes/28.Cf2T--DU.js                                     17.13 kB │ gzip:   6.04 kB
.svelte-kit/output/client/_app/immutable/chunks/C2iXpTD2.js                                       17.93 kB │ gzip:   6.63 kB
.svelte-kit/output/client/_app/immutable/nodes/49.CdYMTfNU.js                                     18.00 kB │ gzip:   6.78 kB
.svelte-kit/output/client/_app/immutable/chunks/Dksvxr0I.js                                       18.75 kB │ gzip:   7.73 kB
.svelte-kit/output/client/_app/immutable/nodes/118.Btcf4umw.js                                    20.77 kB │ gzip:   7.83 kB
.svelte-kit/output/client/_app/immutable/nodes/9.BB0IqdNX.js                                      21.75 kB │ gzip:   8.15 kB
.svelte-kit/output/client/_app/immutable/nodes/42.D1dN_-v5.js                                     21.96 kB │ gzip:   8.40 kB
.svelte-kit/output/client/_app/immutable/chunks/DEyIt0e-.js                                       22.31 kB │ gzip:   5.69 kB
.svelte-kit/output/client/_app/immutable/nodes/116.BFwmow_Y.js                                    22.44 kB │ gzip:   8.05 kB
.svelte-kit/output/client/_app/immutable/chunks/1GTKq2XE.js                                       22.90 kB │ gzip:   8.04 kB
.svelte-kit/output/client/_app/immutable/nodes/7.CvlhW6Ik.js                                      23.16 kB │ gzip:   8.69 kB
.svelte-kit/output/client/_app/immutable/nodes/5.B-dO9z3h.js                                      23.17 kB │ gzip:   8.26 kB
.svelte-kit/output/client/_app/immutable/chunks/CA5TGSMa.js                                       24.01 kB │ gzip:   9.32 kB
.svelte-kit/output/client/_app/immutable/nodes/114.CgQgCXiF.js                                    24.19 kB │ gzip:   9.24 kB
.svelte-kit/output/client/_app/immutable/nodes/8.DKmAPlQ9.js                                      26.38 kB │ gzip:   9.41 kB
.svelte-kit/output/client/_app/immutable/nodes/121.BsCUKVau.js                                    28.37 kB │ gzip:   9.72 kB
.svelte-kit/output/client/_app/immutable/nodes/40.Cub1rHnM.js                                     28.87 kB │ gzip:  13.85 kB
.svelte-kit/output/client/_app/immutable/nodes/53.BcmPmV2Z.js                                     30.87 kB │ gzip:   9.88 kB
.svelte-kit/output/client/_app/immutable/chunks/tHfljsLV.js                                       31.07 kB │ gzip:  12.82 kB
.svelte-kit/output/client/_app/immutable/nodes/13.w-xyc0jM.js                                     31.98 kB │ gzip:  11.30 kB
.svelte-kit/output/client/_app/immutable/nodes/12.CRsHbqHO.js                                     32.14 kB │ gzip:  11.08 kB
.svelte-kit/output/client/_app/immutable/nodes/10.sagwoUfY.js                                     32.53 kB │ gzip:  10.86 kB
.svelte-kit/output/client/_app/immutable/nodes/106.bmwA9jR6.js                                    33.33 kB │ gzip:  12.11 kB
.svelte-kit/output/client/_app/immutable/nodes/11.72-q7LlX.js                                     34.94 kB │ gzip:  12.43 kB
.svelte-kit/output/client/_app/immutable/nodes/14.Dfl8tL4s.js                                     35.98 kB │ gzip:  12.63 kB
.svelte-kit/output/client/_app/immutable/chunks/CoArI9bG.js                                       36.23 kB │ gzip:  14.11 kB
.svelte-kit/output/client/_app/immutable/nodes/15.Dz4EhpHQ.js                                     37.24 kB │ gzip:  12.48 kB
.svelte-kit/output/client/_app/immutable/chunks/BDjOuIKD.js                                       38.04 kB │ gzip:  10.77 kB
.svelte-kit/output/client/_app/immutable/chunks/D1uH5hX4.js                                       40.25 kB │ gzip:  15.71 kB
.svelte-kit/output/client/_app/immutable/nodes/34.SQeD8_TB.js                                     40.85 kB │ gzip:  13.18 kB
.svelte-kit/output/client/_app/immutable/chunks/BKiSi350.js                                       41.10 kB │ gzip:  15.51 kB
.svelte-kit/output/client/_app/immutable/nodes/30.D7GDyu43.js                                     42.50 kB │ gzip:  13.11 kB
.svelte-kit/output/client/_app/immutable/nodes/64.BhzqnFjq.js                                     43.92 kB │ gzip:  14.30 kB
.svelte-kit/output/client/_app/immutable/chunks/n47tNPyv.js                                       44.39 kB │ gzip:  10.27 kB
.svelte-kit/output/client/_app/immutable/nodes/2.BrE2yRvu.js                                      44.48 kB │ gzip:  15.76 kB
.svelte-kit/output/client/_app/immutable/chunks/Bq5lyKtb.js                                       56.01 kB │ gzip:  20.69 kB
.svelte-kit/output/client/_app/immutable/entry/app.BXHKJCXi.js                                    62.20 kB │ gzip:  14.87 kB
.svelte-kit/output/client/_app/immutable/chunks/CxwGpLSb.js                                       62.68 kB │ gzip:  21.30 kB
.svelte-kit/output/client/_app/immutable/chunks/JePX_Vvp.js                                       67.68 kB │ gzip:  20.06 kB
.svelte-kit/output/client/_app/immutable/chunks/JtC1HiwW.js                                       85.51 kB │ gzip:  28.74 kB
.svelte-kit/output/client/_app/immutable/nodes/120.Dc7A9YCD.js                                   104.37 kB │ gzip:  36.26 kB
.svelte-kit/output/client/_app/immutable/chunks/BRL7TUfJ.js                                      129.10 kB │ gzip:  35.21 kB
.svelte-kit/output/client/_app/immutable/nodes/75.CjUABEi9.js                                    192.65 kB │ gzip:  22.56 kB
.svelte-kit/output/client/_app/immutable/chunks/BNDTNUIh.js                                      216.62 kB │ gzip:  78.84 kB
.svelte-kit/output/client/_app/immutable/chunks/VJcNm7C7.js                                      409.52 kB │ gzip: 123.06 kB
✓ built in 19.88s
vite v6.4.3 building for production...
transforming...
✓ 6 modules transformed.
rendering chunks...
computing gzip size...
.svelte-kit/output/client/service-worker.mjs  68.99 kB │ gzip: 13.65 kB
✓ built in 33ms
.svelte-kit/output/server/.vite/manifest.json                                            167.34 kB
.svelte-kit/output/server/_app/immutable/assets/ChoiceChips.BbnDpI89.css                   0.04 kB
.svelte-kit/output/server/_app/immutable/assets/_page.of10DU40.css                         0.06 kB
.svelte-kit/output/server/_app/immutable/assets/_page.CEBZhOUt.css                         0.06 kB
.svelte-kit/output/server/_app/immutable/assets/TimePicker.CE82Svbs.css                    0.06 kB
.svelte-kit/output/server/_app/immutable/assets/_page.BVl2XI1B.css                         0.07 kB
.svelte-kit/output/server/_app/immutable/assets/ReadGate.TZFwY6rr.css                      0.07 kB
.svelte-kit/output/server/_app/immutable/assets/VoicePlayer.DfYc2k3w.css                   0.08 kB
.svelte-kit/output/server/_app/immutable/assets/_page.Bd46l6SV.css                         0.08 kB
.svelte-kit/output/server/_app/immutable/assets/DiscardSheet.BsHAsh63.css                  0.08 kB
.svelte-kit/output/server/_app/immutable/assets/_page.mj4dWElF.css                         0.08 kB
.svelte-kit/output/server/_app/immutable/assets/DatePicker.DlN0ynQY.css                    0.10 kB
.svelte-kit/output/server/_app/immutable/assets/Mark.DE7SL4Vi.css                          0.10 kB
.svelte-kit/output/server/_app/immutable/assets/StarredPhotoGrid.D4aGZdrr.css              0.10 kB
.svelte-kit/output/server/_app/immutable/assets/_page.CQcf1K4S.css                         0.10 kB
.svelte-kit/output/server/_app/immutable/assets/Field.Cp5H9ar4.css                         0.11 kB
.svelte-kit/output/server/_app/immutable/assets/Disclosure.BfdGALZ3.css                    0.11 kB
.svelte-kit/output/server/_app/immutable/assets/Sheet.WF98ji7b.css                         0.12 kB
.svelte-kit/output/server/_app/immutable/assets/PhotoChipRow.BTGNYTJS.css                  0.12 kB
.svelte-kit/output/server/_app/immutable/assets/AreaFinish.-OlMNacw.css                    0.12 kB
.svelte-kit/output/server/_app/immutable/assets/_page.CuNQlFjE.css                         0.16 kB
.svelte-kit/output/server/_app/immutable/assets/LockAfterChoice.Ddgi9Atd.css               0.16 kB
.svelte-kit/output/server/_app/immutable/assets/_page.S4ZZ67Tq.css                         0.18 kB
.svelte-kit/output/server/_app/immutable/assets/_page.SMKwTFWO.css                         0.18 kB
.svelte-kit/output/server/_app/immutable/assets/BatchedList.DCwU6d5m.css                   0.18 kB
.svelte-kit/output/server/_app/immutable/assets/recordEditor.C3Tj5awG.css                  0.18 kB
.svelte-kit/output/server/_app/immutable/assets/ChartEmpty.GQUIpUCB.css                    0.21 kB
.svelte-kit/output/server/_app/immutable/assets/_page.Cqpw2BgU.css                         0.22 kB
.svelte-kit/output/server/_app/immutable/assets/ReadReserve.C2LZY4RV.css                   0.23 kB
.svelte-kit/output/server/_app/immutable/assets/_page.eoVubTdL.css                         0.23 kB
.svelte-kit/output/server/_app/immutable/assets/SectionHeading.ID5KBm2j.css                0.28 kB
.svelte-kit/output/server/_app/immutable/assets/DayEntry.Bu5Wbcsl.css                      0.30 kB
.svelte-kit/output/server/_app/immutable/assets/DayStrip.B7QAMYMR.css                      0.30 kB
.svelte-kit/output/server/_app/immutable/assets/PhotoViewer.wiP4e9SP.css                   0.30 kB
.svelte-kit/output/server/_app/immutable/assets/_page.CQw7zpdv.css                         0.33 kB
.svelte-kit/output/server/_app/immutable/assets/_page.CI7QDOx4.css                         0.36 kB
.svelte-kit/output/server/_app/immutable/assets/_page.CXnhmm0l.css                         0.37 kB
.svelte-kit/output/server/_app/immutable/assets/MoodPicker.CvIeG4k5.css                    0.40 kB
.svelte-kit/output/server/_app/immutable/assets/_page.CPhR4P_6.css                         0.41 kB
.svelte-kit/output/server/_app/immutable/assets/_page.h46nGzGy.css                         0.42 kB
.svelte-kit/output/server/_app/immutable/assets/ResurfacedPhoto.BsNd1DnI.css               0.43 kB
.svelte-kit/output/server/_app/immutable/assets/_page.UPdwmlbY.css                         0.45 kB
.svelte-kit/output/server/_app/immutable/assets/_page.BDOcdHut.css                         0.47 kB
.svelte-kit/output/server/_app/immutable/assets/ListRow.CiHXLe9J.css                       0.52 kB
.svelte-kit/output/server/_app/immutable/assets/_page.DMTQKXfm.css                         0.52 kB
.svelte-kit/output/server/_app/immutable/assets/_page.BHn5oNMp.css                         0.57 kB
.svelte-kit/output/server/_app/immutable/assets/Slider.BXP1_4jw.css                        0.58 kB
.svelte-kit/output/server/_app/immutable/assets/_page.DuykILfM.css                         0.59 kB
.svelte-kit/output/server/_app/immutable/assets/AccessModeSetup.CY_RCkLZ.css               0.63 kB
.svelte-kit/output/server/_app/immutable/assets/_page.DQaaOZwE.css                         0.65 kB
.svelte-kit/output/server/_app/immutable/assets/_page.CREmaxDU.css                         0.69 kB
.svelte-kit/output/server/_app/immutable/assets/EntryDays.KFwCzU7O.css                     0.73 kB
.svelte-kit/output/server/_app/immutable/assets/paletteChoices.5eW7Hsp3.css                0.74 kB
.svelte-kit/output/server/_app/immutable/assets/_page.C-zrSfY2.css                         0.77 kB
.svelte-kit/output/server/_app/immutable/assets/BarRows.Bb6BeN1l.css                       0.80 kB
.svelte-kit/output/server/_app/immutable/assets/_page.DMq53CQh.css                         0.99 kB
.svelte-kit/output/server/_app/immutable/assets/PermissionList.BCzL9iFe.css                1.01 kB
.svelte-kit/output/server/_app/immutable/assets/AreaChart.tHrbTiod.css                     1.02 kB
.svelte-kit/output/server/_app/immutable/assets/_page.DPXysF5w.css                         1.04 kB
.svelte-kit/output/server/_app/immutable/assets/SectionJump.1J8E0XY_.css                   1.08 kB
.svelte-kit/output/server/_app/immutable/assets/_page.B53SW1_6.css                         1.12 kB
.svelte-kit/output/server/_app/immutable/assets/Progress.SBS-oeAf.css                      1.17 kB
.svelte-kit/output/server/_app/immutable/assets/VideoNotePlayer.DTdOsAFH.css               1.23 kB
.svelte-kit/output/server/_app/immutable/assets/_page.D7KdTqu1.css                         1.24 kB
.svelte-kit/output/server/_app/immutable/assets/_page.9MbRvaAX.css                         1.31 kB
.svelte-kit/output/server/_app/immutable/assets/_page.kEFcd-Te.css                         1.32 kB
.svelte-kit/output/server/_app/immutable/assets/_page.BnR614Hk.css                         1.34 kB
.svelte-kit/output/server/_app/immutable/assets/_page.Bn9GCQXX.css                         1.48 kB
.svelte-kit/output/server/_app/immutable/assets/MarginNotes.DlJD_wR_.css                   1.49 kB
.svelte-kit/output/server/_app/immutable/assets/_page.DS_vwP0z.css                         1.57 kB
.svelte-kit/output/server/_app/immutable/assets/_page.DBU3SNN6.css                         1.84 kB
.svelte-kit/output/server/_app/immutable/assets/_page.UXCVPqfq.css                         1.98 kB
.svelte-kit/output/server/_app/immutable/assets/_page.CFYcMjKX.css                         2.01 kB
.svelte-kit/output/server/_app/immutable/assets/_page.4n3QXRvz.css                         2.22 kB
.svelte-kit/output/server/_app/immutable/assets/MediaTransport.BN9-jv-w.css                2.38 kB
.svelte-kit/output/server/_app/immutable/assets/_page.DFMeOLli.css                         2.43 kB
.svelte-kit/output/server/_app/immutable/assets/LetterCard.Di-Uw7Zp.css                    2.45 kB
.svelte-kit/output/server/_app/immutable/assets/MonthJump.C0m-qm19.css                     2.45 kB
.svelte-kit/output/server/_app/immutable/assets/_page.CoKWfiC3.css                         2.52 kB
.svelte-kit/output/server/_app/immutable/assets/InjectionSiteMap.DHQEH5rW.css              2.92 kB
.svelte-kit/output/server/_app/immutable/assets/_page.DnvLKmo_.css                         3.03 kB
.svelte-kit/output/server/_app/immutable/assets/PhotoWipe.DKQOpbK5.css                     3.06 kB
.svelte-kit/output/server/_app/immutable/assets/_page.DKcmTNrm.css                         3.15 kB
.svelte-kit/output/server/_app/immutable/assets/_page.DF-lNooU.css                         3.17 kB
.svelte-kit/output/server/_app/immutable/assets/_page.Dy3w9UT7.css                         3.24 kB
.svelte-kit/output/server/_app/immutable/assets/_page.3q4PdC6L.css                         3.93 kB
.svelte-kit/output/server/_app/immutable/assets/_page.2NQjQ2Rh.css                         5.62 kB
.svelte-kit/output/server/_app/immutable/assets/_page.DYpW2GYQ.css                         5.75 kB
.svelte-kit/output/server/_app/immutable/assets/_page.iQZQGxvD.css                         5.81 kB
.svelte-kit/output/server/_app/immutable/assets/_page.BpFVhXVZ.css                         6.10 kB
.svelte-kit/output/server/_app/immutable/assets/_page.C7cKrYpr.css                         6.52 kB
.svelte-kit/output/server/_app/immutable/assets/_page.D7ObSVRe.css                         6.98 kB
.svelte-kit/output/server/_app/immutable/assets/EntryEditor.-FnDDmSr.css                   7.12 kB
.svelte-kit/output/server/_app/immutable/assets/_page.DULtU1Sy.css                         8.10 kB
.svelte-kit/output/server/_app/immutable/assets/_page.bo3SwQBz.css                         8.83 kB
.svelte-kit/output/server/_app/immutable/assets/_page.BLG8eB3C.css                        10.45 kB
.svelte-kit/output/server/_app/immutable/assets/PairedDots.ymNTlWXs.css                   11.18 kB
.svelte-kit/output/server/_app/immutable/assets/_layout.Bm66zvH5.css                     124.72 kB
.svelte-kit/output/server/chunks/PickerHost.svelte_svelte_type_style_lang.js               0.00 kB
.svelte-kit/output/server/entries/pages/_layout.ts.js                                      0.08 kB
.svelte-kit/output/server/entries/pages/doses/_page.ts.js                                  0.08 kB
.svelte-kit/output/server/entries/pages/timeline/_page.ts.js                               0.08 kB
.svelte-kit/output/server/entries/pages/body/sizes/_page.ts.js                             0.08 kB
.svelte-kit/output/server/entries/pages/doubt/moments/_page.ts.js                          0.08 kB
.svelte-kit/output/server/entries/pages/doubt/readings/_page.ts.js                         0.08 kB
.svelte-kit/output/server/entries/pages/health/appointment-prep/_page.ts.js                0.08 kB
.svelte-kit/output/server/entries/pages/health/side-effects/_page.ts.js                    0.08 kB
.svelte-kit/output/server/entries/pages/practice/entry-templates/_page.ts.js               0.08 kB
.svelte-kit/output/server/entries/pages/practice/personal-effects/_page.ts.js              0.08 kB
.svelte-kit/output/server/entries/pages/practice/resources/_page.ts.js                     0.08 kB
.svelte-kit/output/server/entries/pages/practice/voice/_page.ts.js                         0.08 kB
.svelte-kit/output/server/entries/pages/practice/wear/_page.ts.js                          0.08 kB
.svelte-kit/output/server/entries/pages/search/questions/_page.ts.js                       0.08 kB
.svelte-kit/output/server/entries/pages/search/starred/_page.ts.js                         0.08 kB
.svelte-kit/output/server/entries/pages/settings/appointment-prep/_page.ts.js              0.08 kB
.svelte-kit/output/server/entries/pages/settings/clinician-summary/_page.ts.js             0.08 kB
.svelte-kit/output/server/entries/pages/settings/cycle-events/_page.ts.js                  0.08 kB
.svelte-kit/output/server/entries/pages/settings/dilation/_page.ts.js                      0.08 kB
.svelte-kit/output/server/entries/pages/settings/entry-templates/_page.ts.js               0.08 kB
.svelte-kit/output/server/entries/pages/settings/exposure/_page.ts.js                      0.08 kB
.svelte-kit/output/server/entries/pages/settings/hair-progress/_page.ts.js                 0.08 kB
.svelte-kit/output/server/entries/pages/settings/hair-removal/_page.ts.js                  0.08 kB
.svelte-kit/output/server/entries/pages/settings/hormone-curve/_page.ts.js                 0.08 kB
.svelte-kit/output/server/entries/pages/settings/journey-anchor/_page.ts.js                0.08 kB
.svelte-kit/output/server/entries/pages/settings/labs/_page.ts.js                          0.08 kB
.svelte-kit/output/server/entries/pages/settings/letters/_page.ts.js                       0.08 kB
.svelte-kit/output/server/entries/pages/settings/live-tiles/_page.ts.js                    0.08 kB
.svelte-kit/output/server/entries/pages/settings/measurements/_page.ts.js                  0.08 kB
.svelte-kit/output/server/entries/pages/settings/milestones/_page.ts.js                    0.08 kB
.svelte-kit/output/server/entries/pages/settings/personal-effects/_page.ts.js              0.08 kB
.svelte-kit/output/server/entries/pages/settings/photos/_page.ts.js                        0.08 kB
.svelte-kit/output/server/entries/pages/settings/presentations/_page.ts.js                 0.08 kB
.svelte-kit/output/server/entries/pages/settings/regimen/_page.ts.js                       0.08 kB
.svelte-kit/output/server/entries/pages/settings/resources/_page.ts.js                     0.08 kB
.svelte-kit/output/server/entries/pages/settings/roadmap/_page.ts.js                       0.08 kB
.svelte-kit/output/server/entries/pages/settings/side-effects/_page.ts.js                  0.08 kB
.svelte-kit/output/server/entries/pages/settings/sizes/_page.ts.js                         0.08 kB
.svelte-kit/output/server/entries/pages/settings/stock/_page.ts.js                         0.08 kB
.svelte-kit/output/server/entries/pages/settings/surgery/_page.ts.js                       0.08 kB
.svelte-kit/output/server/entries/pages/settings/tryouts/_page.ts.js                       0.08 kB
.svelte-kit/output/server/entries/pages/settings/voice/_page.ts.js                         0.08 kB
.svelte-kit/output/server/entries/pages/settings/wear/_page.ts.js                          0.08 kB
.svelte-kit/output/server/entries/pages/transition/eras/_page.ts.js                        0.08 kB
.svelte-kit/output/server/entries/pages/transition/presentations/_page.ts.js               0.08 kB
.svelte-kit/output/server/entries/pages/transition/words/_page.ts.js                       0.08 kB
.svelte-kit/output/server/entries/pages/media/voice/memos/_page.ts.js                      0.09 kB
.svelte-kit/output/server/entries/pages/practice/voice/metrics/_page.ts.js                 0.09 kB
.svelte-kit/output/server/entries/pages/settings/letters/_id_/_page.ts.js                  0.09 kB
.svelte-kit/output/server/entries/pages/settings/photos/export/_page.ts.js                 0.09 kB
.svelte-kit/output/server/entries/pages/settings/tryouts/_id_/_page.ts.js                  0.09 kB
.svelte-kit/output/server/entries/pages/settings/voice/memos/_page.ts.js                   0.09 kB
.svelte-kit/output/server/entries/pages/settings/voice/metrics/_page.ts.js                 0.09 kB
.svelte-kit/output/server/chunks/activeFlag.svelte.js                                      0.10 kB
.svelte-kit/output/server/chunks/detailDraft.js                                            0.12 kB
.svelte-kit/output/server/chunks/sealedUntil.js                                            0.13 kB
.svelte-kit/output/server/chunks/android-bridge2.js                                        0.13 kB
.svelte-kit/output/server/chunks/android-bridge3.js                                        0.14 kB
.svelte-kit/output/server/chunks/rowIcon.js                                                0.15 kB
.svelte-kit/output/server/chunks/today.svelte.js                                           0.15 kB
.svelte-kit/output/server/chunks/garmentCategories.js                                      0.17 kB
.svelte-kit/output/server/chunks/indicator.js                                              0.18 kB
.svelte-kit/output/server/chunks/android-bridge.js                                         0.19 kB
.svelte-kit/output/server/chunks/hairRemovalAreas.js                                       0.19 kB
.svelte-kit/output/server/chunks/ui.svelte.js                                              0.19 kB
.svelte-kit/output/server/chunks/index-server2.js                                          0.20 kB
.svelte-kit/output/server/chunks/index-server.js                                           0.22 kB
.svelte-kit/output/server/chunks/UpdateNotice.js                                           0.23 kB
.svelte-kit/output/server/env.js                                                           0.23 kB
.svelte-kit/output/server/chunks/container.svelte.js                                       0.25 kB
.svelte-kit/output/server/entries/hooks.server.js                                          0.25 kB
.svelte-kit/output/server/chunks/smart-back.js                                             0.25 kB
.svelte-kit/output/server/chunks/identity.js                                               0.26 kB
.svelte-kit/output/server/chunks/platform.js                                               0.28 kB
.svelte-kit/output/server/chunks/autoSource.js                                             0.29 kB
.svelte-kit/output/server/chunks/channel-timeout.js                                        0.29 kB
.svelte-kit/output/server/chunks/client.js                                                 0.31 kB
.svelte-kit/output/server/internal.js                                                      0.36 kB
.svelte-kit/output/server/entries/fallbacks/error.svelte.js                                0.39 kB
.svelte-kit/output/server/chunks/role.js                                                   0.40 kB
.svelte-kit/output/server/chunks/counterevidence.js                                        0.40 kB
.svelte-kit/output/server/chunks/playback.js                                               0.41 kB
.svelte-kit/output/server/entries/pages/entry/_id_/_page.svelte.js                         0.41 kB
.svelte-kit/output/server/chunks/flagSun.js                                                0.42 kB
.svelte-kit/output/server/chunks/state.svelte.js                                           0.43 kB
.svelte-kit/output/server/chunks/adoptionMood.js                                           0.46 kB
.svelte-kit/output/server/chunks/FieldGroupHeading.js                                      0.46 kB
.svelte-kit/output/server/chunks/back.js                                                   0.47 kB
.svelte-kit/output/server/chunks/skip.js                                                   0.47 kB
.svelte-kit/output/server/chunks/done.js                                                   0.47 kB
.svelte-kit/output/server/chunks/mood.js                                                   0.47 kB
.svelte-kit/output/server/chunks/entry.js                                                  0.48 kB
.svelte-kit/output/server/chunks/today.js                                                  0.48 kB
.svelte-kit/output/server/chunks/saved.js                                                  0.48 kB
.svelte-kit/output/server/chunks/cancel.js                                                 0.49 kB
.svelte-kit/output/server/chunks/search.js                                                 0.49 kB
.svelte-kit/output/server/chunks/wrapped.js                                                0.49 kB
.svelte-kit/output/server/chunks/keep_it.js                                                0.49 kB
.svelte-kit/output/server/chunks/dismiss.js                                                0.49 kB
.svelte-kit/output/server/chunks/regimen.js                                                0.49 kB
.svelte-kit/output/server/chunks/not_now.js                                                0.50 kB
.svelte-kit/output/server/chunks/app_name.js                                               0.50 kB
.svelte-kit/output/server/chunks/dilation.js                                               0.51 kB
.svelte-kit/output/server/chunks/vb_title.js                                               0.51 kB
.svelte-kit/output/server/chunks/vb_hz.js                                                  0.51 kB
.svelte-kit/output/server/chunks/new_entry.js                                              0.51 kB
.svelte-kit/output/server/chunks/eras_title.js                                             0.51 kB
.svelte-kit/output/server/chunks/reminders.js                                              0.51 kB
.svelte-kit/output/server/chunks/dose_save.js                                              0.51 kB
.svelte-kit/output/server/chunks/size_log.js                                               0.52 kB
.svelte-kit/output/server/chunks/trash_title.js                                            0.52 kB
.svelte-kit/output/server/chunks/pdf-floor.js                                              0.52 kB
.svelte-kit/output/server/chunks/milestones.js                                             0.52 kB
.svelte-kit/output/server/chunks/cycle_events.js                                           0.53 kB
.svelte-kit/output/server/chunks/cycleTracking.js                                          0.53 kB
.svelte-kit/output/server/chunks/on_this_day.js                                            0.53 kB
.svelte-kit/output/server/chunks/stock_title.js                                            0.53 kB
.svelte-kit/output/server/chunks/tryout_title.js                                           0.53 kB
.svelte-kit/output/server/chunks/lab_results.js                                            0.53 kB
.svelte-kit/output/server/chunks/nav_calendar.js                                           0.53 kB
.svelte-kit/output/server/chunks/nav_lookback.js                                           0.53 kB
.svelte-kit/output/server/chunks/apart_suffix.js                                           0.53 kB
.svelte-kit/output/server/chunks/nav_settings.js                                           0.53 kB
.svelte-kit/output/server/chunks/manage_tags.js                                            0.53 kB
.svelte-kit/output/server/chunks/disguise_name.js                                          0.54 kB
.svelte-kit/output/server/chunks/side_effects.js                                           0.54 kB
.svelte-kit/output/server/chunks/notif_title.js                                            0.54 kB
.svelte-kit/output/server/chunks/doses_add_aria.js                                         0.54 kB
.svelte-kit/output/server/chunks/cd_range_label.js                                         0.54 kB
.svelte-kit/output/server/chunks/roadmap_title.js                                          0.54 kB
.svelte-kit/output/server/chunks/index.js                                                  0.54 kB
.svelte-kit/output/server/chunks/export_import.js                                          0.54 kB
.svelte-kit/output/server/chunks/checkin_title.js                                          0.55 kB
.svelte-kit/output/server/chunks/record_deleted.js                                         0.55 kB
.svelte-kit/output/server/chunks/list_more.js                                              0.55 kB
.svelte-kit/output/server/chunks/vb_screen_title.js                                        0.55 kB
.svelte-kit/output/server/chunks/unstar_photo.js                                           0.55 kB
.svelte-kit/output/server/chunks/photo_day_label.js                                        0.55 kB
.svelte-kit/output/server/chunks/letters_title.js                                          0.55 kB
.svelte-kit/output/server/chunks/dose_unit_label.js                                        0.55 kB
.svelte-kit/output/server/chunks/documents_title.js                                        0.55 kB
.svelte-kit/output/server/chunks/ms_default_name.js                                        0.56 kB
.svelte-kit/output/server/chunks/writeOutcome.js                                           0.56 kB
.svelte-kit/output/server/chunks/dose_amount_label.js                                      0.56 kB
.svelte-kit/output/server/chunks/progress_photos.js                                        0.56 kB
.svelte-kit/output/server/chunks/resources_title.js                                        0.56 kB
.svelte-kit/output/server/chunks/pp_change_title.js                                        0.56 kB
.svelte-kit/output/server/chunks/stats_range_group.js                                      0.56 kB
.svelte-kit/output/server/chunks/values_title.js                                           0.56 kB
.svelte-kit/output/server/chunks/tally_trend_title.js                                      0.56 kB
.svelte-kit/output/server/chunks/write_failed.js                                           0.57 kB
.svelte-kit/output/server/chunks/am_setup_title.js                                         0.57 kB
.svelte-kit/output/server/chunks/effects_timeline.js                                       0.57 kB
.svelte-kit/output/server/chunks/in_the_room_title.js                                      0.57 kB
.svelte-kit/output/server/chunks/presentation_label.js                                     0.57 kB
.svelte-kit/output/server/chunks/appointments_title.js                                     0.57 kB
.svelte-kit/output/server/chunks/safe_space_title.js                                       0.57 kB
.svelte-kit/output/server/chunks/comfort_list_title.js                                     0.57 kB
.svelte-kit/output/server/entries/pages/_layout.svelte.js                                  0.57 kB
.svelte-kit/output/server/chunks/ListCard.js                                               0.57 kB
.svelte-kit/output/server/chunks/presentations_title.js                                    0.58 kB
.svelte-kit/output/server/chunks/doses_empty_action.js                                     0.58 kB
.svelte-kit/output/server/chunks/surgery_date_label.js                                     0.58 kB
.svelte-kit/output/server/chunks/body_regions_group.js                                     0.58 kB
.svelte-kit/output/server/chunks/batchedList2.js                                           0.58 kB
.svelte-kit/output/server/chunks/settings_lock_row.js                                      0.58 kB
.svelte-kit/output/server/chunks/wrapped_stat_entries.js                                   0.58 kB
.svelte-kit/output/server/chunks/progress_percent.js                                       0.58 kB
.svelte-kit/output/server/chunks/tryout_feeling_save.js                                    0.59 kB
.svelte-kit/output/server/chunks/words_ignored_title.js                                    0.59 kB
.svelte-kit/output/server/chunks/appointments_untitled.js                                  0.59 kB
.svelte-kit/output/server/chunks/hair_other_unwritten.js                                   0.59 kB
.svelte-kit/output/server/chunks/surgery_journey_title.js                                  0.59 kB
.svelte-kit/output/server/chunks/affirmations_row_title.js                                 0.60 kB
.svelte-kit/output/server/chunks/SaveBar.js                                                0.60 kB
.svelte-kit/output/server/chunks/body_regions_row_title.js                                 0.61 kB
.svelte-kit/output/server/chunks/clinician_summary_row.js                                  0.61 kB
.svelte-kit/output/server/chunks/recap_tag_count.js                                        0.61 kB
.svelte-kit/output/server/chunks/journaling_pause_title.js                                 0.61 kB
.svelte-kit/output/server/chunks/measurements_and_sizes.js                                 0.61 kB
.svelte-kit/output/server/chunks/wear_session_stop_action.js                               0.61 kB
.svelte-kit/output/server/chunks/appointment_prep_title.js                                 0.61 kB
.svelte-kit/output/server/chunks/calendar_handoff_button.js                                0.62 kB
.svelte-kit/output/server/chunks/search_elsewhere_heading.js                               0.62 kB
.svelte-kit/output/server/chunks/adherence_nothing_logged.js                               0.62 kB
.svelte-kit/output/server/chunks/surgery_day_unscheduled.js                                0.62 kB
.svelte-kit/output/server/chunks/server.js                                                 0.62 kB
.svelte-kit/output/server/chunks/wear_session_start_action.js                              0.63 kB
.svelte-kit/output/server/chunks/backupHealth.js                                           0.63 kB
.svelte-kit/output/server/chunks/dose_injection_site_label.js                              0.63 kB
.svelte-kit/output/server/chunks/source_record_unavailable.js                              0.64 kB
.svelte-kit/output/server/chunks/roadmap_reviewed_on.js                                    0.64 kB
.svelte-kit/output/server/chunks/look_back_letter_written.js                               0.65 kB
.svelte-kit/output/server/chunks/appointment_prep_add_button.js                            0.66 kB
.svelte-kit/output/server/chunks/safe_space_counterevidence_title.js                       0.67 kB
.svelte-kit/output/server/chunks/wear_session_duration_hm.js                               0.68 kB
.svelte-kit/output/server/chunks/recap_custom_range_required.js                            0.69 kB
.svelte-kit/output/server/chunks/areaLabels.js                                             0.70 kB
.svelte-kit/output/server/chunks/PrintLetterhead.js                                        0.71 kB
.svelte-kit/output/server/chunks/utils.js                                                  0.72 kB
.svelte-kit/output/server/chunks/dayParam.js                                               0.73 kB
.svelte-kit/output/server/chunks/wordIgnore.js                                             0.73 kB
.svelte-kit/output/server/chunks/datePicker2.js                                            0.74 kB
.svelte-kit/output/server/chunks/journalingPause.js                                        0.77 kB
.svelte-kit/output/server/chunks/entryPresentation.js                                      0.79 kB
.svelte-kit/output/server/chunks/safeSpaceNudge.js                                         0.80 kB
.svelte-kit/output/server/chunks/PairedDots.svelte_svelte_type_style_lang.js               0.82 kB
.svelte-kit/output/server/chunks/searchReturn.js                                           0.82 kB
.svelte-kit/output/server/chunks/EmptyState.js                                             0.85 kB
.svelte-kit/output/server/chunks/ChartEmpty.js                                             0.87 kB
.svelte-kit/output/server/chunks/entrySections.js                                          0.88 kB
.svelte-kit/output/server/chunks/homeReserve.js                                            0.89 kB
.svelte-kit/output/server/chunks/VoicePlayer.js                                            0.89 kB
.svelte-kit/output/server/chunks/Switch.js                                                 0.89 kB
.svelte-kit/output/server/chunks/attempt.svelte.js                                         0.94 kB
.svelte-kit/output/server/chunks/milestoneStatus.js                                        0.97 kB
.svelte-kit/output/server/chunks/MediaTransport.svelte_svelte_type_style_lang.js           0.98 kB
.svelte-kit/output/server/chunks/areaState.js                                              0.98 kB
.svelte-kit/output/server/chunks/FlagSun2.js                                               0.99 kB
.svelte-kit/output/server/chunks/inTheRoom.js                                              0.99 kB
.svelte-kit/output/server/chunks/metricRange.js                                            1.00 kB
.svelte-kit/output/server/chunks/hairStageScales.js                                        1.00 kB
.svelte-kit/output/server/chunks/tags_label.js                                             1.01 kB
.svelte-kit/output/server/chunks/tags_hidden.js                                            1.02 kB
.svelte-kit/output/server/chunks/add_photo_camera.js                                       1.03 kB
.svelte-kit/output/server/chunks/ms_name_label.js                                          1.03 kB
.svelte-kit/output/server/chunks/read_retry.js                                             1.04 kB
.svelte-kit/output/server/chunks/lookBackSpan.js                                           1.06 kB
.svelte-kit/output/server/chunks/dose_time_label.js                                        1.06 kB
.svelte-kit/output/server/chunks/entryTemplates.js                                         1.07 kB
.svelte-kit/output/server/chunks/ChoiceChips.js                                            1.08 kB
.svelte-kit/output/server/chunks/curve_title.js                                            1.09 kB
.svelte-kit/output/server/chunks/toasts.svelte.js                                          1.10 kB
.svelte-kit/output/server/chunks/n_entries.js                                              1.11 kB
.svelte-kit/output/server/chunks/measurement_unit_in.js                                    1.12 kB
.svelte-kit/output/server/chunks/voicePracticeTakes.js                                     1.12 kB
.svelte-kit/output/server/chunks/ms_photo_label.js                                         1.12 kB
.svelte-kit/output/server/chunks/debrief_offer_write.js                                    1.14 kB
.svelte-kit/output/server/chunks/tally_misgendered.js                                      1.16 kB
.svelte-kit/output/server/chunks/n_days.js                                                 1.17 kB
.svelte-kit/output/server/chunks/tryout_feeling_note_placeholder.js                        1.17 kB
.svelte-kit/output/server/chunks/intervalMoodPattern.js                                    1.17 kB
.svelte-kit/output/server/chunks/WrappedCard.js                                            1.17 kB
.svelte-kit/output/server/chunks/cycle_event_kind_label.js                                 1.17 kB
.svelte-kit/output/server/chunks/resurfacing.js                                            1.18 kB
.svelte-kit/output/server/chunks/letters_sealed_until.js                                   1.18 kB
.svelte-kit/output/server/chunks/eras_empty_title.js                                       1.18 kB
.svelte-kit/output/server/chunks/RiveSlot.js                                               1.19 kB
.svelte-kit/output/server/chunks/recap_custom_start_label.js                               1.20 kB
.svelte-kit/output/server/chunks/wrapped2.js                                               1.21 kB
.svelte-kit/output/server/chunks/tokens.js                                                 1.24 kB
.svelte-kit/output/server/chunks/imp_log_n_milestones.js                                   1.24 kB
.svelte-kit/output/server/chunks/dayRangeOptions.js                                        1.24 kB
.svelte-kit/output/server/chunks/area_suspend_done_title.js                                1.25 kB
.svelte-kit/output/server/chunks/photo_heic.js                                             1.25 kB
.svelte-kit/output/server/chunks/wear_session_running_since.js                             1.26 kB
.svelte-kit/output/server/chunks/compareStretch.js                                         1.28 kB
.svelte-kit/output/server/chunks/scroll-region.js                                          1.30 kB
.svelte-kit/output/server/chunks/Field.js                                                  1.30 kB
.svelte-kit/output/server/chunks/Disclosure.js                                             1.30 kB
.svelte-kit/output/server/chunks/adherence_slot_numbered.js                                1.30 kB
.svelte-kit/output/server/chunks/taperSchedule.js                                          1.30 kB
.svelte-kit/output/server/chunks/Skeleton.js                                               1.32 kB
.svelte-kit/output/server/chunks/bodyMap.js                                                1.34 kB
.svelte-kit/output/server/chunks/ChartCard.js                                              1.36 kB
.svelte-kit/output/server/chunks/reset_offer_archive_password.js                           1.40 kB
.svelte-kit/output/server/chunks/hormoneTestosteroneEster.js                               1.41 kB
.svelte-kit/output/server/chunks/savedQuestions.js                                         1.43 kB
.svelte-kit/output/server/chunks/letterRetrospective.js                                    1.48 kB
.svelte-kit/output/server/chunks/recordEditor.js                                           1.50 kB
.svelte-kit/output/server/chunks/wear_log.js                                               1.52 kB
.svelte-kit/output/server/chunks/moodMagnifier.svelte.js                                   1.54 kB
.svelte-kit/output/server/chunks/TimePicker.js                                             1.65 kB
.svelte-kit/output/server/chunks/compareStretchLink.svelte.js                              1.70 kB
.svelte-kit/output/server/chunks/surgery_day_upcoming.js                                   1.70 kB
.svelte-kit/output/server/chunks/comfortItems.js                                           1.72 kB
.svelte-kit/output/server/chunks/imp_password_placeholder.js                               1.76 kB
.svelte-kit/output/server/chunks/side_effect_severity_label.js                             1.76 kB
.svelte-kit/output/server/chunks/rowForwardReads.js                                        1.79 kB
.svelte-kit/output/server/chunks/photoSection.svelte.js                                    1.79 kB
.svelte-kit/output/server/chunks/sourceRecord.js                                           1.80 kB
.svelte-kit/output/server/chunks/recoveryDay.js                                            1.88 kB
.svelte-kit/output/server/chunks/DatePicker.js                                             1.93 kB
.svelte-kit/output/server/chunks/LockAfterChoice.js                                        1.93 kB
.svelte-kit/output/server/chunks/dayAheadRows.js                                           1.96 kB
.svelte-kit/output/server/chunks/MoodPicker.js                                             1.98 kB
.svelte-kit/output/server/chunks/labTiming.js                                              2.18 kB
.svelte-kit/output/server/chunks/ChartPicker.js                                            2.22 kB
.svelte-kit/output/server/chunks/surgery_notes_title.js                                    2.24 kB
.svelte-kit/output/server/chunks/eras.js                                                   2.25 kB
.svelte-kit/output/server/chunks/LinkedDocuments.js                                        2.25 kB
.svelte-kit/output/server/chunks/FeltSenseOfferSheet.js                                    2.26 kB
.svelte-kit/output/server/chunks/intervalMoodPattern2.js                                   2.32 kB
.svelte-kit/output/server/entries/pages/entry/new/_day_/_page.svelte.js                    2.32 kB
.svelte-kit/output/server/chunks/wrapped_unknown_title.js                                  2.32 kB
.svelte-kit/output/server/chunks/photoLibrary.js                                           2.37 kB
.svelte-kit/output/server/chunks/UnreadableJournalWayOut.js                                2.37 kB
.svelte-kit/output/server/chunks/roles.js                                                  2.38 kB
.svelte-kit/output/server/chunks/PhotoViewer.js                                            2.41 kB
.svelte-kit/output/server/chunks/doubtJournal.js                                           2.44 kB
.svelte-kit/output/server/entries/pages/settings/permissions/_page.svelte.js               2.55 kB
.svelte-kit/output/server/chunks/SourceRecordHandoff.js                                    2.56 kB
.svelte-kit/output/server/chunks/leaveGuard.svelte.js                                      2.58 kB
.svelte-kit/output/server/chunks/SectionHeading.js                                         2.60 kB
.svelte-kit/output/server/chunks/countUp.js                                                2.64 kB
.svelte-kit/output/server/chunks/detailDraft.svelte.js                                     2.66 kB
.svelte-kit/output/server/chunks/labs_value_label.js                                       2.71 kB
.svelte-kit/output/server/chunks/rem_web_list_note.js                                      2.71 kB
.svelte-kit/output/server/chunks/DimensionSlider.js                                        2.71 kB
.svelte-kit/output/server/chunks/SchemaTooNew.js                                           2.71 kB
.svelte-kit/output/server/chunks/regimen_route_label.js                                    2.75 kB
.svelte-kit/output/server/chunks/PinEntry.js                                               2.76 kB
.svelte-kit/output/server/chunks/settings_backup_none.js                                   2.76 kB
.svelte-kit/output/server/chunks/PhotoThumb.js                                             2.77 kB
.svelte-kit/output/server/chunks/journalBook.js                                            2.77 kB
.svelte-kit/output/server/chunks/reminderRule.js                                           2.83 kB
.svelte-kit/output/server/chunks/progress.svelte.js                                        2.88 kB
.svelte-kit/output/server/chunks/fileOwnership.js                                          2.95 kB
.svelte-kit/output/server/chunks/areaGroups.js                                             2.95 kB
.svelte-kit/output/server/chunks/SectionJump.js                                            2.98 kB
.svelte-kit/output/server/chunks/roadmap.js                                                2.99 kB
.svelte-kit/output/server/chunks/recoveryKeyPresence.svelte.js                             3.00 kB
.svelte-kit/output/server/chunks/movedAddresses.js                                         3.08 kB
.svelte-kit/output/server/chunks/LookBackLetterCard.js                                     3.09 kB
.svelte-kit/output/server/chunks/HostedRows.js                                             3.13 kB
.svelte-kit/output/server/chunks/ConfirmDeleteSheet.js                                     3.17 kB
.svelte-kit/output/server/chunks/Notice.js                                                 3.18 kB
.svelte-kit/output/server/chunks/letterStatus.js                                           3.20 kB
.svelte-kit/output/server/chunks/Sheet.js                                                  3.20 kB
.svelte-kit/output/server/chunks/grain.js                                                  3.21 kB
.svelte-kit/output/server/chunks/pinnedRows.js                                             3.27 kB
.svelte-kit/output/server/chunks/wrappedRange.js                                           3.30 kB
.svelte-kit/output/server/chunks/support.js                                                3.39 kB
.svelte-kit/output/server/chunks/plugin-registry.js                                        3.41 kB
.svelte-kit/output/server/chunks/labContextLabel.js                                        3.42 kB
.svelte-kit/output/server/chunks/Progress.js                                               3.42 kB
.svelte-kit/output/server/chunks/DiscardSheet.js                                           3.43 kB
.svelte-kit/output/server/chunks/ScreenHeader.js                                           3.48 kB
.svelte-kit/output/server/chunks/TagPicker.js                                              3.54 kB
.svelte-kit/output/server/chunks/StarredPhotoGrid.svelte_svelte_type_style_lang.js         3.54 kB
.svelte-kit/output/server/entries/pages/transition/letters/_id_/_page.svelte.js            3.56 kB
.svelte-kit/output/server/chunks/Mark.js                                                   3.59 kB
.svelte-kit/output/server/chunks/clinicianSummaryData.js                                   3.64 kB
.svelte-kit/output/server/chunks/PhotoChipRow.js                                           3.68 kB
.svelte-kit/output/server/chunks/PresentationChipRow.js                                    3.83 kB
.svelte-kit/output/server/chunks/EntryDays.js                                              4.21 kB
.svelte-kit/output/server/entries/pages/stats/_page.svelte.js                              4.26 kB
.svelte-kit/output/server/chunks/BatchedList.js                                            4.29 kB
.svelte-kit/output/server/chunks/wrappedDisplay.js                                         4.35 kB
.svelte-kit/output/server/chunks/annotations.js                                            4.40 kB
.svelte-kit/output/server/chunks/hormoneDrug.js                                            4.40 kB
.svelte-kit/output/server/chunks/dates.js                                                  4.59 kB
.svelte-kit/output/server/chunks/Segmented.js                                              4.70 kB
.svelte-kit/output/server/chunks/ReadGate.js                                               4.72 kB
.svelte-kit/output/server/chunks/reconcile.js                                              4.74 kB
.svelte-kit/output/server/chunks/reorder.svelte.js                                         4.87 kB
.svelte-kit/output/server/chunks/PhotoSection.js                                           4.95 kB
.svelte-kit/output/server/chunks/Slider.js                                                 5.01 kB
.svelte-kit/output/server/chunks/ReadReserve.js                                            5.05 kB
.svelte-kit/output/server/chunks/clinicianSummary.js                                       5.06 kB
.svelte-kit/output/server/chunks/appointments.js                                           5.15 kB
.svelte-kit/output/server/chunks/PhotoDayPromptSheet.js                                    5.25 kB
.svelte-kit/output/server/chunks/stockProjection.js                                        5.28 kB
.svelte-kit/output/server/chunks/MoodFace.js                                               5.46 kB
.svelte-kit/output/server/chunks/CalendarHandoffSheet.js                                   5.50 kB
.svelte-kit/output/server/chunks/careSpine.js                                              5.55 kB
.svelte-kit/output/server/chunks/exports.js                                                5.57 kB
.svelte-kit/output/server/chunks/correlationCards.js                                       5.58 kB
.svelte-kit/output/server/entries/pages/settings/passphrase/_page.svelte.js                5.60 kB
.svelte-kit/output/server/chunks/store.svelte.js                                           6.14 kB
.svelte-kit/output/server/entries/pages/settings/words/_page.svelte.js                     6.28 kB
.svelte-kit/output/server/chunks/mapChannels.js                                            6.46 kB
.svelte-kit/output/server/chunks/trackAndGraph.js                                          6.62 kB
.svelte-kit/output/server/chunks/epochDay.js                                               6.67 kB
.svelte-kit/output/server/chunks/provenance.js                                             6.70 kB
.svelte-kit/output/server/entries/pages/settings/licences/_page.svelte.js                  6.81 kB
.svelte-kit/output/server/chunks/photos.js                                                 6.92 kB
.svelte-kit/output/server/chunks/hormoneCurveQualitative.js                                7.11 kB
.svelte-kit/output/server/chunks/photoLibraryLabels.js                                     7.25 kB
.svelte-kit/output/server/chunks/BarRows.js                                                7.38 kB
.svelte-kit/output/server/entries/pages/settings/security/_page.svelte.js                  7.60 kB
.svelte-kit/output/server/entries/pages/settings/trash/_page.svelte.js                     7.61 kB
.svelte-kit/output/server/chunks/restore.js                                                7.74 kB
.svelte-kit/output/server/chunks/DayStrip.js                                               8.34 kB
.svelte-kit/output/server/chunks/hormoneCurve2.js                                          8.61 kB
.svelte-kit/output/server/chunks/wrapEncoding.js                                           8.61 kB
.svelte-kit/output/server/chunks/wearSessions.js                                           8.88 kB
.svelte-kit/output/server/chunks/MarginNotes.js                                            9.17 kB
.svelte-kit/output/server/chunks/photoReview.svelte.js                                     9.34 kB
.svelte-kit/output/server/entries/pages/wrapped/_cadence_/share/_page.svelte.js            9.46 kB
.svelte-kit/output/server/chunks/entryTags.js                                              9.48 kB
.svelte-kit/output/server/chunks/ListRow.js                                                9.75 kB
.svelte-kit/output/server/chunks/searchHitRows.js                                         10.07 kB
.svelte-kit/output/server/chunks/stockLabel.js                                            10.18 kB
.svelte-kit/output/server/chunks/LetterCard.js                                            10.25 kB
.svelte-kit/output/server/chunks/procedures.js                                            10.29 kB
.svelte-kit/output/server/chunks/VideoNotePlayer.js                                       10.32 kB
.svelte-kit/output/server/entries/pages/settings/dimension/_page.svelte.js                10.37 kB
.svelte-kit/output/server/chunks/dayAxisLabel.js                                          10.54 kB
.svelte-kit/output/server/chunks/builtins.js                                              10.57 kB
.svelte-kit/output/server/chunks/recordEditor.svelte.js                                   10.73 kB
.svelte-kit/output/server/chunks/documents.js                                             11.15 kB
.svelte-kit/output/server/chunks/journal-passphrase.js                                    11.29 kB
.svelte-kit/output/server/chunks/Tree.svelte.js                                           11.48 kB
.svelte-kit/output/server/chunks/chartAnnotations.js                                      11.87 kB
.svelte-kit/output/server/chunks/container.js                                             12.02 kB
.svelte-kit/output/server/chunks/documentTargets.svelte.js                                12.29 kB
.svelte-kit/output/server/chunks/PhotoWipe.js                                             12.88 kB
.svelte-kit/output/server/chunks/picker.js                                                12.93 kB
.svelte-kit/output/server/entries/pages/settings/journaling-pause/_page.svelte.js         12.94 kB
.svelte-kit/output/server/entries/pages/on-this-day/_page.svelte.js                       13.29 kB
.svelte-kit/output/server/entries/pages/doubt/evidence/_page.svelte.js                    13.49 kB
.svelte-kit/output/server/entries/pages/health/appointments/in-the-room/_page.svelte.js   13.85 kB
.svelte-kit/output/server/chunks/InjectionSiteMap.js                                      13.95 kB
.svelte-kit/output/server/entries/pages/doubt/comfort/_page.svelte.js                     13.97 kB
.svelte-kit/output/server/chunks/reference.svelte.js                                      14.39 kB
.svelte-kit/output/server/chunks/regimenEpisode.js                                        14.58 kB
.svelte-kit/output/server/entries/pages/doubt/_page.svelte.js                             14.92 kB
.svelte-kit/output/server/entries/pages/tally/_page.svelte.js                             15.27 kB
.svelte-kit/output/server/entries/pages/settings/body-regions/_page.svelte.js             15.37 kB
.svelte-kit/output/server/chunks/vocabulary.js                                            15.53 kB
.svelte-kit/output/server/chunks/Icon.js                                                  16.59 kB
.svelte-kit/output/server/chunks/offers.js                                                17.42 kB
.svelte-kit/output/server/entries/pages/settings/affirmations/_page.svelte.js             19.33 kB
.svelte-kit/output/server/chunks/paletteChoices.js                                        19.37 kB
.svelte-kit/output/server/entries/pages/settings/recovery-key/_page.svelte.js             19.55 kB
.svelte-kit/output/server/entries/pages/settings/reminders/_id_/_page.svelte.js           19.59 kB
.svelte-kit/output/server/chunks/hubRows.js                                               19.98 kB
.svelte-kit/output/server/chunks/internal.js                                              20.28 kB
.svelte-kit/output/server/entries/pages/settings/access-mode/_page.svelte.js              20.45 kB
.svelte-kit/output/server/entries/pages/settings/tags/_page.svelte.js                     20.97 kB
.svelte-kit/output/server/entries/pages/media/photos/export/_page.svelte.js               21.15 kB
.svelte-kit/output/server/chunks/chartAnnotation.js                                       21.30 kB
.svelte-kit/output/server/entries/pages/support/resources/_page.svelte.js                 21.55 kB
.svelte-kit/output/server/chunks/doses.js                                                 21.55 kB
.svelte-kit/output/server/entries/pages/media/documents/_page.svelte.js                   21.79 kB
.svelte-kit/output/server/chunks/AreaFinish.js                                            22.15 kB
.svelte-kit/output/server/entries/pages/settings/notifications/_page.svelte.js            23.06 kB
.svelte-kit/output/server/entries/pages/transition/letters/_page.svelte.js                23.46 kB
.svelte-kit/output/server/entries/pages/media/documents/_id_/_page.svelte.js              23.55 kB
.svelte-kit/output/server/chunks/AreaChart.js                                             23.84 kB
.svelte-kit/output/server/entries/pages/transition/tryouts/_page.svelte.js                23.98 kB
.svelte-kit/output/server/entries/pages/compare/_page.svelte.js                           24.81 kB
.svelte-kit/output/server/entries/pages/settings/reminders/_page.svelte.js                25.67 kB
.svelte-kit/output/server/entries/pages/search/questions/_id_/_page.svelte.js             26.35 kB
.svelte-kit/output/server/entries/pages/settings/eras/_page.svelte.js                     26.99 kB
.svelte-kit/output/server/chunks/PermissionList.js                                        27.12 kB
.svelte-kit/output/server/entries/pages/settings/journal-book/_page.svelte.js             27.42 kB
.svelte-kit/output/server/entries/pages/health/cycle-events/_page.svelte.js               28.36 kB
.svelte-kit/output/server/chunks/wearLabels.js                                            28.61 kB
.svelte-kit/output/server/chunks/doseLabels.js                                            31.41 kB
.svelte-kit/output/server/entries/pages/media/photos/_page.svelte.js                      32.64 kB
.svelte-kit/output/server/entries/pages/search/_page.svelte.js                            33.02 kB
.svelte-kit/output/server/entries/pages/coming-back/_page.svelte.js                       33.22 kB
.svelte-kit/output/server/chunks/hubLabels.js                                             34.38 kB
.svelte-kit/output/server/chunks/utils2.js                                                35.66 kB
.svelte-kit/output/server/entries/pages/more/_page.svelte.js                              36.23 kB
.svelte-kit/output/server/entries/pages/body/hair-removal/_page.svelte.js                 37.66 kB
.svelte-kit/output/server/remote-entry.js                                                 39.44 kB
.svelte-kit/output/server/entries/pages/day/_day_/_page.svelte.js                         39.83 kB
.svelte-kit/output/server/chunks/entries.js                                               40.08 kB
.svelte-kit/output/server/entries/pages/transition/roadmap/_page.svelte.js                40.21 kB
.svelte-kit/output/server/entries/pages/calendar/_page.svelte.js                          40.93 kB
.svelte-kit/output/server/entries/pages/health/dilation/_page.svelte.js                   41.37 kB
.svelte-kit/output/server/entries/pages/onboarding/_page.svelte.js                        43.45 kB
.svelte-kit/output/server/chunks/AccessModeSetup.js                                       44.48 kB
.svelte-kit/output/server/chunks/hormoneCurve.js                                          45.51 kB
.svelte-kit/output/server/entries/pages/body/hair-progress/_page.svelte.js                47.93 kB
.svelte-kit/output/server/entries/pages/health/appointments/_page.svelte.js               49.60 kB
.svelte-kit/output/server/entries/pages/transition/milestones/_page.svelte.js             53.21 kB
.svelte-kit/output/server/entries/pages/transition/tryouts/_id_/_page.svelte.js           53.25 kB
.svelte-kit/output/server/chunks/archive.js                                               54.06 kB
.svelte-kit/output/server/entries/pages/body/wear/_page.svelte.js                         55.48 kB
.svelte-kit/output/server/entries/pages/body-map/_page.svelte.js                          58.55 kB
.svelte-kit/output/server/chunks/liveTiles.js                                             63.85 kB
.svelte-kit/output/server/chunks/roadmapLabels.js                                         64.81 kB
.svelte-kit/output/server/entries/pages/body/measurements/_page.svelte.js                 66.13 kB
.svelte-kit/output/server/entries/pages/wrapped/_cadence_/_page.svelte.js                 66.63 kB
.svelte-kit/output/server/chunks/migrations.js                                            67.74 kB
.svelte-kit/output/server/entries/pages/settings/_page.svelte.js                          74.21 kB
.svelte-kit/output/server/entries/pages/care/doses/_page.svelte.js                        74.55 kB
.svelte-kit/output/server/entries/pages/care/curve/_page.svelte.js                        76.09 kB
.svelte-kit/output/server/entries/pages/care/_page.svelte.js                              87.60 kB
.svelte-kit/output/server/entries/pages/care/changes/_page.svelte.js                      88.13 kB
.svelte-kit/output/server/entries/pages/care/labs/_page.svelte.js                         88.38 kB
.svelte-kit/output/server/chunks/journal.svelte.js                                        91.34 kB
.svelte-kit/output/server/chunks/_layout.js                                               93.72 kB
.svelte-kit/output/server/entries/pages/care/regimen/_page.svelte.js                      93.84 kB
.svelte-kit/output/server/chunks/archiveSections.js                                       96.64 kB
.svelte-kit/output/server/entries/pages/_page.svelte.js                                  100.20 kB
.svelte-kit/output/server/entries/pages/settings/export/_page.svelte.js                  101.33 kB
.svelte-kit/output/server/entries/pages/health/clinician-summary/_page.svelte.js         105.00 kB
.svelte-kit/output/server/entries/pages/health/surgery/_page.svelte.js                   111.22 kB
.svelte-kit/output/server/entries/pages/stats/_reading_/_page.svelte.js                  113.97 kB
.svelte-kit/output/server/chunks/EntryEditor.js                                          115.50 kB
.svelte-kit/output/server/index.js                                                       139.19 kB
.svelte-kit/output/server/chunks/root.js                                                 142.28 kB
.svelte-kit/output/server/entries/pages/voice/_page.svelte.js                            172.93 kB
.svelte-kit/output/server/chunks/labels.js                                               175.59 kB
.svelte-kit/output/server/chunks/boot.svelte.js                                          221.08 kB
✓ built in 33.92s

Run npm run preview to preview your production build locally.

> Using @sveltejs/adapter-static
  Wrote site to "build"
  ✔ done
release.json: 0.0.0-dev+g606b2b1f.dirty (build 1791495791895, schema up to 88)
