
> build
> node scripts/build-locales.mjs

Prepared local Tesseract assets in static/tesseract, and pdf.js standard fonts in static/pdf-fonts
vite v6.4.3 building SSR bundle for production...
ℹ [paraglide-js] Compilation skipped — inputs unchanged (message-modules)
transforming...
src/lib/data/live/journal.svelte.ts (180:1): Error when using sourcemap for reporting an error: Can't resolve original location of error.
src/lib/data/live/journal.svelte.ts (180:1): A comment

"/* @__PURE__ */"

in "src/lib/data/live/journal.svelte.ts" contains an annotation that Rollup cannot interpret due to the position of the comment. The comment will be removed to avoid issues.
"autoUpdate" is imported from external module "@floating-ui/dom" but never used in "node_modules/melt/dist/utils/use-floating.svelte.js".
✓ 4890 modules transformed.
rendering chunks...
vite v6.4.3 building for production...
ℹ [paraglide-js] Compilation skipped — inputs unchanged (message-modules)
transforming...
✓ 5296 modules transformed.
rendering chunks...
computing gzip size...
.svelte-kit/output/client/_app/version.json                                                        0.03 kB │ gzip:   0.05 kB
.svelte-kit/output/client/_app/immutable/workers/sqlite3-opfs-async-proxy-BpVpzIkN.js              9.52 kB
.svelte-kit/output/client/_app/immutable/workers/argon2id.worker-DDPWp7r6.js                      28.56 kB
.svelte-kit/output/client/_app/immutable/workers/sqlite3-worker1-bundler-friendly-D6cQoI3y.js    191.74 kB
.svelte-kit/output/client/.vite/manifest.json                                                    196.20 kB │ gzip:  25.51 kB
.svelte-kit/output/client/_app/immutable/workers/mc-worker-D97-VHM5.js                           197.17 kB
.svelte-kit/output/client/_app/immutable/assets/sqlite3.B7imZ2XV.wasm                          1,036.17 kB │ gzip: 464.98 kB
.svelte-kit/output/client/_app/immutable/workers/pdf-worker-Kp7_pMCT.js                        1,378.61 kB
.svelte-kit/output/client/_app/immutable/assets/ChoiceChips.BbnDpI89.css                           0.04 kB │ gzip:   0.06 kB
.svelte-kit/output/client/_app/immutable/assets/17.of10DU40.css                                    0.06 kB │ gzip:   0.08 kB
.svelte-kit/output/client/_app/immutable/assets/97.CEBZhOUt.css                                    0.06 kB │ gzip:   0.08 kB
.svelte-kit/output/client/_app/immutable/assets/32.BVl2XI1B.css                                    0.07 kB │ gzip:   0.09 kB
.svelte-kit/output/client/_app/immutable/assets/ReadGate.TZFwY6rr.css                              0.07 kB │ gzip:   0.08 kB
.svelte-kit/output/client/_app/immutable/assets/VoicePlayer.DfYc2k3w.css                           0.08 kB │ gzip:   0.10 kB
.svelte-kit/output/client/_app/immutable/assets/54.Bd46l6SV.css                                    0.08 kB │ gzip:   0.09 kB
.svelte-kit/output/client/_app/immutable/assets/DiscardSheet.BsHAsh63.css                          0.08 kB │ gzip:   0.09 kB
.svelte-kit/output/client/_app/immutable/assets/63.mj4dWElF.css                                    0.08 kB │ gzip:   0.10 kB
.svelte-kit/output/client/_app/immutable/assets/Mark.DE7SL4Vi.css                                  0.10 kB │ gzip:   0.10 kB
.svelte-kit/output/client/_app/immutable/assets/StarredPhotoGrid.D4aGZdrr.css                      0.10 kB │ gzip:   0.10 kB
.svelte-kit/output/client/_app/immutable/assets/113.CQcf1K4S.css                                   0.10 kB │ gzip:   0.10 kB
.svelte-kit/output/client/_app/immutable/assets/Field.Cp5H9ar4.css                                 0.11 kB │ gzip:   0.11 kB
.svelte-kit/output/client/_app/immutable/assets/Disclosure.BfdGALZ3.css                            0.11 kB │ gzip:   0.11 kB
.svelte-kit/output/client/_app/immutable/assets/Sheet.WF98ji7b.css                                 0.12 kB │ gzip:   0.11 kB
.svelte-kit/output/client/_app/immutable/assets/PhotoChipRow.BTGNYTJS.css                          0.12 kB │ gzip:   0.12 kB
.svelte-kit/output/client/_app/immutable/assets/AreaFinish.-OlMNacw.css                            0.12 kB │ gzip:   0.10 kB
.svelte-kit/output/client/_app/immutable/assets/109.CuNQlFjE.css                                   0.16 kB │ gzip:   0.13 kB
.svelte-kit/output/client/_app/immutable/assets/LockAfterChoice.Ddgi9Atd.css                       0.16 kB │ gzip:   0.13 kB
.svelte-kit/output/client/_app/immutable/assets/51.S4ZZ67Tq.css                                    0.18 kB │ gzip:   0.14 kB
.svelte-kit/output/client/_app/immutable/assets/14.SMKwTFWO.css                                    0.18 kB │ gzip:   0.16 kB
.svelte-kit/output/client/_app/immutable/assets/BatchedList.DCwU6d5m.css                           0.18 kB │ gzip:   0.12 kB
.svelte-kit/output/client/_app/immutable/assets/RecordSheet.C3Tj5awG.css                           0.18 kB │ gzip:   0.13 kB
.svelte-kit/output/client/_app/immutable/assets/ChartEmpty.GQUIpUCB.css                            0.21 kB │ gzip:   0.16 kB
.svelte-kit/output/client/_app/immutable/assets/3.Cqpw2BgU.css                                     0.22 kB │ gzip:   0.16 kB
.svelte-kit/output/client/_app/immutable/assets/ReadReserve.C2LZY4RV.css                           0.23 kB │ gzip:   0.14 kB
.svelte-kit/output/client/_app/immutable/assets/18.eoVubTdL.css                                    0.23 kB │ gzip:   0.17 kB
.svelte-kit/output/client/_app/immutable/assets/SectionHeading.ID5KBm2j.css                        0.28 kB │ gzip:   0.19 kB
.svelte-kit/output/client/_app/immutable/assets/DayEntry.Bu5Wbcsl.css                              0.30 kB │ gzip:   0.18 kB
.svelte-kit/output/client/_app/immutable/assets/DayStrip.B7QAMYMR.css                              0.30 kB │ gzip:   0.21 kB
.svelte-kit/output/client/_app/immutable/assets/PhotoViewer.wiP4e9SP.css                           0.30 kB │ gzip:   0.21 kB
.svelte-kit/output/client/_app/immutable/assets/105.CQw7zpdv.css                                   0.33 kB │ gzip:   0.20 kB
.svelte-kit/output/client/_app/immutable/assets/64.CI7QDOx4.css                                    0.36 kB │ gzip:   0.22 kB
.svelte-kit/output/client/_app/immutable/assets/35.CXnhmm0l.css                                    0.37 kB │ gzip:   0.24 kB
.svelte-kit/output/client/_app/immutable/assets/MoodPicker.CvIeG4k5.css                            0.40 kB │ gzip:   0.22 kB
.svelte-kit/output/client/_app/immutable/assets/122.CPhR4P_6.css                                   0.41 kB │ gzip:   0.24 kB
.svelte-kit/output/client/_app/immutable/assets/LookBackLetterCard.BsNd1DnI.css                    0.43 kB │ gzip:   0.22 kB
.svelte-kit/output/client/_app/immutable/assets/pickerField.BmvbcaNP.css                           0.43 kB │ gzip:   0.25 kB
.svelte-kit/output/client/_app/immutable/assets/49.UPdwmlbY.css                                    0.45 kB │ gzip:   0.23 kB
.svelte-kit/output/client/_app/immutable/assets/75.BDOcdHut.css                                    0.47 kB │ gzip:   0.23 kB
.svelte-kit/output/client/_app/immutable/assets/38.DMTQKXfm.css                                    0.52 kB │ gzip:   0.26 kB
.svelte-kit/output/client/_app/immutable/assets/40.BHn5oNMp.css                                    0.57 kB │ gzip:   0.31 kB
.svelte-kit/output/client/_app/immutable/assets/Slider.BXP1_4jw.css                                0.58 kB │ gzip:   0.23 kB
.svelte-kit/output/client/_app/immutable/assets/21.DuykILfM.css                                    0.59 kB │ gzip:   0.29 kB
.svelte-kit/output/client/_app/immutable/assets/AccessModeSetup.CY_RCkLZ.css                       0.63 kB │ gzip:   0.28 kB
.svelte-kit/output/client/_app/immutable/assets/79.DQaaOZwE.css                                    0.65 kB │ gzip:   0.31 kB
.svelte-kit/output/client/_app/immutable/assets/ListRow.OT_lYC8_.css                               0.67 kB │ gzip:   0.33 kB
.svelte-kit/output/client/_app/immutable/assets/86.CREmaxDU.css                                    0.69 kB │ gzip:   0.31 kB
.svelte-kit/output/client/_app/immutable/assets/EntryDays.KFwCzU7O.css                             0.73 kB │ gzip:   0.23 kB
.svelte-kit/output/client/_app/immutable/assets/paletteChoices.5eW7Hsp3.css                        0.74 kB │ gzip:   0.29 kB
.svelte-kit/output/client/_app/immutable/assets/15.C-zrSfY2.css                                    0.77 kB │ gzip:   0.37 kB
.svelte-kit/output/client/_app/immutable/assets/BarRows.Bb6BeN1l.css                               0.80 kB │ gzip:   0.27 kB
.svelte-kit/output/client/_app/immutable/assets/108.DMq53CQh.css                                   0.99 kB │ gzip:   0.37 kB
.svelte-kit/output/client/_app/immutable/assets/PermissionList.BCzL9iFe.css                        1.01 kB │ gzip:   0.42 kB
.svelte-kit/output/client/_app/immutable/assets/AreaChart.tHrbTiod.css                             1.02 kB │ gzip:   0.39 kB
.svelte-kit/output/client/_app/immutable/assets/118.DPXysF5w.css                                   1.04 kB │ gzip:   0.38 kB
.svelte-kit/output/client/_app/immutable/assets/SectionJump.1J8E0XY_.css                           1.08 kB │ gzip:   0.47 kB
.svelte-kit/output/client/_app/immutable/assets/5.B53SW1_6.css                                     1.12 kB │ gzip:   0.42 kB
.svelte-kit/output/client/_app/immutable/assets/Progress.SBS-oeAf.css                              1.17 kB │ gzip:   0.45 kB
.svelte-kit/output/client/_app/immutable/assets/VideoNotePlayer.DTdOsAFH.css                       1.23 kB │ gzip:   0.51 kB
.svelte-kit/output/client/_app/immutable/assets/29.D7KdTqu1.css                                    1.24 kB │ gzip:   0.47 kB
.svelte-kit/output/client/_app/immutable/assets/7.9MbRvaAX.css                                     1.31 kB │ gzip:   0.47 kB
.svelte-kit/output/client/_app/immutable/assets/69.kEFcd-Te.css                                    1.32 kB │ gzip:   0.56 kB
.svelte-kit/output/client/_app/immutable/assets/31.BnR614Hk.css                                    1.34 kB │ gzip:   0.50 kB
.svelte-kit/output/client/_app/immutable/assets/112.genRb-2B.css                                   1.37 kB │ gzip:   0.52 kB
.svelte-kit/output/client/_app/immutable/assets/28.Bn9GCQXX.css                                    1.48 kB │ gzip:   0.55 kB
.svelte-kit/output/client/_app/immutable/assets/MarginNotes.DlJD_wR_.css                           1.49 kB │ gzip:   0.48 kB
.svelte-kit/output/client/_app/immutable/assets/VocabularyManagerSheets.cgzzZKmW.css               1.77 kB │ gzip:   0.57 kB
.svelte-kit/output/client/_app/immutable/assets/36.DBU3SNN6.css                                    1.84 kB │ gzip:   0.62 kB
.svelte-kit/output/client/_app/immutable/assets/121.UXCVPqfq.css                                   1.98 kB │ gzip:   0.71 kB
.svelte-kit/output/client/_app/immutable/assets/16.CFYcMjKX.css                                    2.01 kB │ gzip:   0.67 kB
.svelte-kit/output/client/_app/immutable/assets/TimePicker.DDqO33n7.css                            2.14 kB │ gzip:   0.74 kB
.svelte-kit/output/client/_app/immutable/assets/20.4n3QXRvz.css                                    2.22 kB │ gzip:   0.81 kB
.svelte-kit/output/client/_app/immutable/assets/MediaTransport.BN9-jv-w.css                        2.38 kB │ gzip:   0.78 kB
.svelte-kit/output/client/_app/immutable/assets/53.DFMeOLli.css                                    2.43 kB │ gzip:   0.79 kB
.svelte-kit/output/client/_app/immutable/assets/LetterCard.Di-Uw7Zp.css                            2.45 kB │ gzip:   0.76 kB
.svelte-kit/output/client/_app/immutable/assets/MonthJump.C0m-qm19.css                             2.45 kB │ gzip:   0.86 kB
.svelte-kit/output/client/_app/immutable/assets/37.CoKWfiC3.css                                    2.52 kB │ gzip:   0.80 kB
.svelte-kit/output/client/_app/immutable/assets/InjectionSiteMap.DHQEH5rW.css                      2.92 kB │ gzip:   0.83 kB
.svelte-kit/output/client/_app/immutable/assets/114.DnvLKmo_.css                                   3.03 kB │ gzip:   0.94 kB
.svelte-kit/output/client/_app/immutable/assets/PhotoWipe.DKQOpbK5.css                             3.06 kB │ gzip:   0.92 kB
.svelte-kit/output/client/_app/immutable/assets/117.DKcmTNrm.css                                   3.15 kB │ gzip:   0.98 kB
.svelte-kit/output/client/_app/immutable/assets/116.DF-lNooU.css                                   3.17 kB │ gzip:   0.91 kB
.svelte-kit/output/client/_app/immutable/assets/12.Dy3w9UT7.css                                    3.24 kB │ gzip:   0.96 kB
.svelte-kit/output/client/_app/immutable/assets/13.3q4PdC6L.css                                    3.93 kB │ gzip:   0.99 kB
.svelte-kit/output/client/_app/immutable/assets/DatePicker.BgA5OgkC.css                            4.30 kB │ gzip:   1.22 kB
.svelte-kit/output/client/_app/immutable/assets/11.2NQjQ2Rh.css                                    5.62 kB │ gzip:   1.54 kB
.svelte-kit/output/client/_app/immutable/assets/34.DYpW2GYQ.css                                    5.75 kB │ gzip:   1.45 kB
.svelte-kit/output/client/_app/immutable/assets/8.iQZQGxvD.css                                     5.81 kB │ gzip:   1.41 kB
.svelte-kit/output/client/_app/immutable/assets/10.BpFVhXVZ.css                                    6.10 kB │ gzip:   1.43 kB
.svelte-kit/output/client/_app/immutable/assets/42.C7cKrYpr.css                                    6.52 kB │ gzip:   1.63 kB
.svelte-kit/output/client/_app/immutable/assets/2.DkYsTFo2.css                                     7.05 kB │ gzip:   1.85 kB
.svelte-kit/output/client/_app/immutable/assets/EntryEditor.-FnDDmSr.css                           7.12 kB │ gzip:   1.58 kB
.svelte-kit/output/client/_app/immutable/assets/30.DULtU1Sy.css                                    8.10 kB │ gzip:   1.90 kB
.svelte-kit/output/client/_app/immutable/assets/9.bo3SwQBz.css                                     8.83 kB │ gzip:   1.91 kB
.svelte-kit/output/client/_app/immutable/assets/106.DALq5495.css                                   9.43 kB │ gzip:   2.18 kB
.svelte-kit/output/client/_app/immutable/assets/ThemesReading.ymNTlWXs.css                        11.18 kB │ gzip:   2.47 kB
.svelte-kit/output/client/_app/immutable/assets/120.Cum5-O4I.css                                  15.03 kB │ gzip:   2.85 kB
.svelte-kit/output/client/_app/immutable/assets/0.DgWnaBbf.css                                   125.50 kB │ gzip:  23.74 kB
.svelte-kit/output/client/_app/immutable/chunks/1gzUVTTe.js                                        0.04 kB │ gzip:   0.06 kB
.svelte-kit/output/client/_app/immutable/chunks/DYAEPJ09.js                                        0.06 kB │ gzip:   0.08 kB
.svelte-kit/output/client/_app/immutable/chunks/He-UwGZc.js                                        0.08 kB │ gzip:   0.10 kB
.svelte-kit/output/client/_app/immutable/chunks/CMJcdSSh.js                                        0.08 kB │ gzip:   0.10 kB
.svelte-kit/output/client/_app/immutable/chunks/ByiH1hq6.js                                        0.08 kB │ gzip:   0.10 kB
.svelte-kit/output/client/_app/immutable/chunks/C0fe6xnc.js                                        0.08 kB │ gzip:   0.10 kB
.svelte-kit/output/client/_app/immutable/chunks/5SpYcULD.js                                        0.08 kB │ gzip:   0.10 kB
.svelte-kit/output/client/_app/immutable/chunks/2fGc5dQo.js                                        0.08 kB │ gzip:   0.10 kB
.svelte-kit/output/client/_app/immutable/chunks/BcYyBZEV.js                                        0.08 kB │ gzip:   0.10 kB
.svelte-kit/output/client/_app/immutable/chunks/7H-fLuFb.js                                        0.08 kB │ gzip:   0.10 kB
.svelte-kit/output/client/_app/immutable/chunks/Q-r6EAfp.js                                        0.08 kB │ gzip:   0.10 kB
.svelte-kit/output/client/_app/immutable/chunks/ePCkfkF2.js                                        0.08 kB │ gzip:   0.10 kB
.svelte-kit/output/client/_app/immutable/chunks/DdT1HNcc.js                                        0.08 kB │ gzip:   0.10 kB
.svelte-kit/output/client/_app/immutable/chunks/Cw0oKumd.js                                        0.08 kB │ gzip:   0.10 kB
.svelte-kit/output/client/_app/immutable/chunks/Bsvq4r0I.js                                        0.08 kB │ gzip:   0.10 kB
.svelte-kit/output/client/_app/immutable/chunks/B0MGOBRp.js                                        0.08 kB │ gzip:   0.10 kB
.svelte-kit/output/client/_app/immutable/chunks/DCl6LJZ8.js                                        0.08 kB │ gzip:   0.10 kB
.svelte-kit/output/client/_app/immutable/chunks/9igTJP-_.js                                        0.08 kB │ gzip:   0.10 kB
.svelte-kit/output/client/_app/immutable/chunks/DV0IL1iZ.js                                        0.08 kB │ gzip:   0.10 kB
.svelte-kit/output/client/_app/immutable/chunks/DZSj5thH.js                                        0.08 kB │ gzip:   0.10 kB
.svelte-kit/output/client/_app/immutable/chunks/Cjs9KiIx.js                                        0.08 kB │ gzip:   0.10 kB
.svelte-kit/output/client/_app/immutable/chunks/Jw6aXIQ3.js                                        0.08 kB │ gzip:   0.10 kB
.svelte-kit/output/client/_app/immutable/chunks/BvNKfQ31.js                                        0.08 kB │ gzip:   0.10 kB
.svelte-kit/output/client/_app/immutable/chunks/BShSpcHX.js                                        0.08 kB │ gzip:   0.10 kB
.svelte-kit/output/client/_app/immutable/chunks/C907ZzMj.js                                        0.08 kB │ gzip:   0.10 kB
.svelte-kit/output/client/_app/immutable/chunks/Dsz_atdo.js                                        0.08 kB │ gzip:   0.10 kB
.svelte-kit/output/client/_app/immutable/chunks/ZGxKg5m2.js                                        0.08 kB │ gzip:   0.10 kB
.svelte-kit/output/client/_app/immutable/chunks/BIKOzqqN.js                                        0.08 kB │ gzip:   0.10 kB
.svelte-kit/output/client/_app/immutable/chunks/BFzZiEaH.js                                        0.08 kB │ gzip:   0.10 kB
.svelte-kit/output/client/_app/immutable/chunks/CY6O1ChF.js                                        0.08 kB │ gzip:   0.10 kB
.svelte-kit/output/client/_app/immutable/chunks/uYTiuDSU.js                                        0.08 kB │ gzip:   0.10 kB
.svelte-kit/output/client/_app/immutable/chunks/BN5EXJYc.js                                        0.08 kB │ gzip:   0.10 kB
.svelte-kit/output/client/_app/immutable/chunks/DTtZLri6.js                                        0.08 kB │ gzip:   0.10 kB
.svelte-kit/output/client/_app/immutable/chunks/rc59Ptib.js                                        0.08 kB │ gzip:   0.10 kB
.svelte-kit/output/client/_app/immutable/chunks/Y0WBEhOD.js                                        0.08 kB │ gzip:   0.10 kB
.svelte-kit/output/client/_app/immutable/chunks/DfmkhyFX.js                                        0.08 kB │ gzip:   0.10 kB
.svelte-kit/output/client/_app/immutable/chunks/DSkyl1GQ.js                                        0.08 kB │ gzip:   0.10 kB
.svelte-kit/output/client/_app/immutable/chunks/wLmC7Gta.js                                        0.08 kB │ gzip:   0.10 kB
.svelte-kit/output/client/_app/immutable/chunks/DQiPRV5I.js                                        0.08 kB │ gzip:   0.10 kB
.svelte-kit/output/client/_app/immutable/chunks/DfEElC6M.js                                        0.08 kB │ gzip:   0.10 kB
.svelte-kit/output/client/_app/immutable/chunks/rgapfCeE.js                                        0.08 kB │ gzip:   0.10 kB
.svelte-kit/output/client/_app/immutable/chunks/G-P7m_z_.js                                        0.08 kB │ gzip:   0.10 kB
.svelte-kit/output/client/_app/immutable/chunks/DCJzaBZC.js                                        0.08 kB │ gzip:   0.10 kB
.svelte-kit/output/client/_app/immutable/chunks/DN47qvij.js                                        0.08 kB │ gzip:   0.10 kB
.svelte-kit/output/client/_app/immutable/chunks/DkZw46p9.js                                        0.08 kB │ gzip:   0.10 kB
.svelte-kit/output/client/_app/immutable/chunks/LscH1e5h.js                                        0.08 kB │ gzip:   0.10 kB
.svelte-kit/output/client/_app/immutable/chunks/if13_qcY.js                                        0.08 kB │ gzip:   0.10 kB
.svelte-kit/output/client/_app/immutable/chunks/BChVnu1V.js                                        0.09 kB │ gzip:   0.10 kB
.svelte-kit/output/client/_app/immutable/chunks/DSzSGl5y.js                                        0.09 kB │ gzip:   0.10 kB
.svelte-kit/output/client/_app/immutable/chunks/DApEbhrr.js                                        0.09 kB │ gzip:   0.10 kB
.svelte-kit/output/client/_app/immutable/chunks/ClXtBksr.js                                        0.09 kB │ gzip:   0.10 kB
.svelte-kit/output/client/_app/immutable/chunks/BN32h4p4.js                                        0.09 kB │ gzip:   0.10 kB
.svelte-kit/output/client/_app/immutable/chunks/Dh1uKurp.js                                        0.09 kB │ gzip:   0.10 kB
.svelte-kit/output/client/_app/immutable/chunks/BHGjm7S6.js                                        0.09 kB │ gzip:   0.10 kB
.svelte-kit/output/client/_app/immutable/chunks/DBrCHUcm.js                                        0.09 kB │ gzip:   0.10 kB
.svelte-kit/output/client/_app/immutable/chunks/DLEZ7o9m.js                                        0.09 kB │ gzip:   0.10 kB
.svelte-kit/output/client/_app/immutable/chunks/B6wOJXce.js                                        0.09 kB │ gzip:   0.10 kB
.svelte-kit/output/client/_app/immutable/chunks/DlsAJSoT.js                                        0.09 kB │ gzip:   0.10 kB
.svelte-kit/output/client/_app/immutable/chunks/DkIj78f8.js                                        0.09 kB │ gzip:   0.10 kB
.svelte-kit/output/client/_app/immutable/chunks/KN6iYfrP.js                                        0.09 kB │ gzip:   0.11 kB
.svelte-kit/output/client/_app/immutable/chunks/C3dG3CuJ.js                                        0.09 kB │ gzip:   0.11 kB
.svelte-kit/output/client/_app/immutable/chunks/BzpUZ_Sx.js                                        0.09 kB │ gzip:   0.11 kB
.svelte-kit/output/client/_app/immutable/chunks/CHzKN76L.js                                        0.09 kB │ gzip:   0.11 kB
.svelte-kit/output/client/_app/immutable/chunks/DjR4-M2a.js                                        0.09 kB │ gzip:   0.11 kB
.svelte-kit/output/client/_app/immutable/chunks/DEC8O3et.js                                        0.09 kB │ gzip:   0.11 kB
.svelte-kit/output/client/_app/immutable/chunks/CIJKkAj9.js                                        0.09 kB │ gzip:   0.11 kB
.svelte-kit/output/client/_app/immutable/chunks/Mvmd4Nud.js                                        0.09 kB │ gzip:   0.11 kB
.svelte-kit/output/client/_app/immutable/chunks/BaSSAVdD.js                                        0.09 kB │ gzip:   0.11 kB
.svelte-kit/output/client/_app/immutable/chunks/C4CHNjsH.js                                        0.09 kB │ gzip:   0.11 kB
.svelte-kit/output/client/_app/immutable/chunks/CnuVCcZs.js                                        0.09 kB │ gzip:   0.11 kB
.svelte-kit/output/client/_app/immutable/chunks/DJmjTvVF.js                                        0.09 kB │ gzip:   0.11 kB
.svelte-kit/output/client/_app/immutable/chunks/BNfl1Z1S.js                                        0.09 kB │ gzip:   0.11 kB
.svelte-kit/output/client/_app/immutable/chunks/DfDj6oFM.js                                        0.09 kB │ gzip:   0.11 kB
.svelte-kit/output/client/_app/immutable/chunks/D_STV0AW.js                                        0.09 kB │ gzip:   0.11 kB
.svelte-kit/output/client/_app/immutable/chunks/BfPIiHHX.js                                        0.09 kB │ gzip:   0.11 kB
.svelte-kit/output/client/_app/immutable/nodes/0.CNdgFnP8.js                                       0.09 kB │ gzip:   0.10 kB
.svelte-kit/output/client/_app/immutable/chunks/WRO_ixf_.js                                        0.09 kB │ gzip:   0.11 kB
.svelte-kit/output/client/_app/immutable/chunks/6A5Poyva.js                                        0.09 kB │ gzip:   0.11 kB
.svelte-kit/output/client/_app/immutable/chunks/Bx9Nxc6v.js                                        0.09 kB │ gzip:   0.11 kB
.svelte-kit/output/client/_app/immutable/chunks/BULwB3LC.js                                        0.09 kB │ gzip:   0.11 kB
.svelte-kit/output/client/_app/immutable/chunks/Bd9begda.js                                        0.09 kB │ gzip:   0.11 kB
.svelte-kit/output/client/_app/immutable/chunks/DS5vdjRo.js                                        0.09 kB │ gzip:   0.11 kB
.svelte-kit/output/client/_app/immutable/chunks/CQ9nx_og.js                                        0.09 kB │ gzip:   0.10 kB
.svelte-kit/output/client/_app/immutable/chunks/RUoftXi9.js                                        0.09 kB │ gzip:   0.11 kB
.svelte-kit/output/client/_app/immutable/chunks/CZhjZOYa.js                                        0.09 kB │ gzip:   0.11 kB
.svelte-kit/output/client/_app/immutable/chunks/BfLhe4LA.js                                        0.09 kB │ gzip:   0.11 kB
.svelte-kit/output/client/_app/immutable/chunks/BFC7B-nI.js                                        0.09 kB │ gzip:   0.11 kB
.svelte-kit/output/client/_app/immutable/chunks/D0XuR99p.js                                        0.09 kB │ gzip:   0.11 kB
.svelte-kit/output/client/_app/immutable/chunks/BoPQpdFd.js                                        0.09 kB │ gzip:   0.11 kB
.svelte-kit/output/client/_app/immutable/chunks/Bcqqthyg.js                                        0.09 kB │ gzip:   0.11 kB
.svelte-kit/output/client/_app/immutable/chunks/DDOnyBmA.js                                        0.09 kB │ gzip:   0.11 kB
.svelte-kit/output/client/_app/immutable/chunks/Btt6p_X-.js                                        0.09 kB │ gzip:   0.11 kB
.svelte-kit/output/client/_app/immutable/chunks/StIKYOiX.js                                        0.09 kB │ gzip:   0.11 kB
.svelte-kit/output/client/_app/immutable/chunks/DqvbRH2m.js                                        0.09 kB │ gzip:   0.11 kB
.svelte-kit/output/client/_app/immutable/chunks/DYtF3-GP.js                                        0.09 kB │ gzip:   0.10 kB
.svelte-kit/output/client/_app/immutable/chunks/DAXlOs-S.js                                        0.09 kB │ gzip:   0.11 kB
.svelte-kit/output/client/_app/immutable/chunks/DVb1Wm0v.js                                        0.10 kB │ gzip:   0.11 kB
.svelte-kit/output/client/_app/immutable/chunks/BOhY_3uZ.js                                        0.10 kB │ gzip:   0.11 kB
.svelte-kit/output/client/_app/immutable/chunks/DkDZhtEe.js                                        0.10 kB │ gzip:   0.11 kB
.svelte-kit/output/client/_app/immutable/chunks/DT767V9P.js                                        0.10 kB │ gzip:   0.11 kB
.svelte-kit/output/client/_app/immutable/chunks/Bzak7iHL.js                                        0.10 kB │ gzip:   0.10 kB
.svelte-kit/output/client/_app/immutable/chunks/BjKwgfdd.js                                        0.10 kB │ gzip:   0.12 kB
.svelte-kit/output/client/_app/immutable/chunks/BodL44t-.js                                        0.10 kB │ gzip:   0.11 kB
.svelte-kit/output/client/_app/immutable/chunks/CWIX028H.js                                        0.10 kB │ gzip:   0.12 kB
.svelte-kit/output/client/_app/immutable/chunks/BTNU9TRV.js                                        0.10 kB │ gzip:   0.11 kB
.svelte-kit/output/client/_app/immutable/chunks/CrTLFLRx.js                                        0.10 kB │ gzip:   0.12 kB
.svelte-kit/output/client/_app/immutable/chunks/C7VJEAp6.js                                        0.10 kB │ gzip:   0.12 kB
.svelte-kit/output/client/_app/immutable/chunks/BUxbVPH0.js                                        0.10 kB │ gzip:   0.11 kB
.svelte-kit/output/client/_app/immutable/chunks/CGuuSh-l.js                                        0.10 kB │ gzip:   0.10 kB
.svelte-kit/output/client/_app/immutable/chunks/8RYN8ma8.js                                        0.10 kB │ gzip:   0.12 kB
.svelte-kit/output/client/_app/immutable/chunks/CYeTA1iR.js                                        0.10 kB │ gzip:   0.10 kB
.svelte-kit/output/client/_app/immutable/chunks/Ce3xe3Z8.js                                        0.10 kB │ gzip:   0.12 kB
.svelte-kit/output/client/_app/immutable/chunks/aM97EWch.js                                        0.10 kB │ gzip:   0.12 kB
.svelte-kit/output/client/_app/immutable/chunks/DE8vppHD.js                                        0.10 kB │ gzip:   0.12 kB
.svelte-kit/output/client/_app/immutable/chunks/D7Q4lUhk.js                                        0.10 kB │ gzip:   0.11 kB
.svelte-kit/output/client/_app/immutable/chunks/MfMqeWgG.js                                        0.11 kB │ gzip:   0.12 kB
.svelte-kit/output/client/_app/immutable/chunks/fZrUL1Nt.js                                        0.11 kB │ gzip:   0.12 kB
.svelte-kit/output/client/_app/immutable/chunks/DRhu2U2Y.js                                        0.11 kB │ gzip:   0.12 kB
.svelte-kit/output/client/_app/immutable/chunks/g7rIuAQB.js                                        0.11 kB │ gzip:   0.13 kB
.svelte-kit/output/client/_app/immutable/chunks/yr91xMJy.js                                        0.11 kB │ gzip:   0.13 kB
.svelte-kit/output/client/_app/immutable/chunks/DXjuphjC.js                                        0.12 kB │ gzip:   0.13 kB
.svelte-kit/output/client/_app/immutable/chunks/C0mKFRx3.js                                        0.12 kB │ gzip:   0.13 kB
.svelte-kit/output/client/_app/immutable/chunks/DpXlYtWd.js                                        0.12 kB │ gzip:   0.12 kB
.svelte-kit/output/client/_app/immutable/entry/start.6nrvaeuB.js                                   0.12 kB │ gzip:   0.11 kB
.svelte-kit/output/client/_app/immutable/chunks/Bu45MVyf.js                                        0.12 kB │ gzip:   0.12 kB
.svelte-kit/output/client/_app/immutable/chunks/BPMCr0Ga.js                                        0.12 kB │ gzip:   0.12 kB
.svelte-kit/output/client/_app/immutable/chunks/qPowHw8N.js                                        0.12 kB │ gzip:   0.12 kB
.svelte-kit/output/client/_app/immutable/chunks/B94yrCEW.js                                        0.13 kB │ gzip:   0.13 kB
.svelte-kit/output/client/_app/immutable/chunks/DsfCeXCY.js                                        0.13 kB │ gzip:   0.13 kB
.svelte-kit/output/client/_app/immutable/chunks/DCPDmXSJ.js                                        0.13 kB │ gzip:   0.12 kB
.svelte-kit/output/client/_app/immutable/chunks/Cg8yKTRr.js                                        0.13 kB │ gzip:   0.13 kB
.svelte-kit/output/client/_app/immutable/chunks/SQlefwWO.js                                        0.13 kB │ gzip:   0.14 kB
.svelte-kit/output/client/_app/immutable/chunks/Ca6ZsCba.js                                        0.13 kB │ gzip:   0.12 kB
.svelte-kit/output/client/_app/immutable/chunks/F3Wg7a92.js                                        0.13 kB │ gzip:   0.13 kB
.svelte-kit/output/client/_app/immutable/chunks/lAXuXzc5.js                                        0.13 kB │ gzip:   0.12 kB
.svelte-kit/output/client/_app/immutable/chunks/CKNER0gR.js                                        0.14 kB │ gzip:   0.14 kB
.svelte-kit/output/client/_app/immutable/chunks/De9C8QPb.js                                        0.14 kB │ gzip:   0.14 kB
.svelte-kit/output/client/_app/immutable/chunks/D4DNMVbB.js                                        0.14 kB │ gzip:   0.13 kB
.svelte-kit/output/client/_app/immutable/chunks/B0XwC4Ot.js                                        0.15 kB │ gzip:   0.14 kB
.svelte-kit/output/client/_app/immutable/chunks/O71D0uvx.js                                        0.15 kB │ gzip:   0.15 kB
.svelte-kit/output/client/_app/immutable/chunks/DNdxSWYk.js                                        0.15 kB │ gzip:   0.14 kB
.svelte-kit/output/client/_app/immutable/chunks/DQ0BcV2v.js                                        0.15 kB │ gzip:   0.14 kB
.svelte-kit/output/client/_app/immutable/chunks/Cku38l6_.js                                        0.15 kB │ gzip:   0.15 kB
.svelte-kit/output/client/_app/immutable/chunks/Bco0xiTX.js                                        0.16 kB │ gzip:   0.15 kB
.svelte-kit/output/client/_app/immutable/chunks/BETjkZzg.js                                        0.17 kB │ gzip:   0.13 kB
.svelte-kit/output/client/_app/immutable/chunks/sxZ82EkD.js                                        0.17 kB │ gzip:   0.15 kB
.svelte-kit/output/client/_app/immutable/chunks/BDOYF4mG.js                                        0.17 kB │ gzip:   0.13 kB
.svelte-kit/output/client/_app/immutable/nodes/100.CMcBACbZ.js                                     0.17 kB │ gzip:   0.17 kB
.svelte-kit/output/client/_app/immutable/nodes/101.CMcBACbZ.js                                     0.17 kB │ gzip:   0.17 kB
.svelte-kit/output/client/_app/immutable/nodes/102.CMcBACbZ.js                                     0.17 kB │ gzip:   0.17 kB
.svelte-kit/output/client/_app/immutable/nodes/103.CMcBACbZ.js                                     0.17 kB │ gzip:   0.17 kB
.svelte-kit/output/client/_app/immutable/nodes/104.CMcBACbZ.js                                     0.17 kB │ gzip:   0.17 kB
.svelte-kit/output/client/_app/immutable/nodes/110.CMcBACbZ.js                                     0.17 kB │ gzip:   0.17 kB
.svelte-kit/output/client/_app/immutable/nodes/111.CMcBACbZ.js                                     0.17 kB │ gzip:   0.17 kB
.svelte-kit/output/client/_app/immutable/nodes/115.CMcBACbZ.js                                     0.17 kB │ gzip:   0.17 kB
.svelte-kit/output/client/_app/immutable/nodes/119.CMcBACbZ.js                                     0.17 kB │ gzip:   0.17 kB
.svelte-kit/output/client/_app/immutable/nodes/19.CMcBACbZ.js                                      0.17 kB │ gzip:   0.17 kB
.svelte-kit/output/client/_app/immutable/nodes/23.CMcBACbZ.js                                      0.17 kB │ gzip:   0.17 kB
.svelte-kit/output/client/_app/immutable/nodes/24.CMcBACbZ.js                                      0.17 kB │ gzip:   0.17 kB
.svelte-kit/output/client/_app/immutable/nodes/27.CMcBACbZ.js                                      0.17 kB │ gzip:   0.17 kB
.svelte-kit/output/client/_app/immutable/nodes/33.CMcBACbZ.js                                      0.17 kB │ gzip:   0.17 kB
.svelte-kit/output/client/_app/immutable/nodes/39.CMcBACbZ.js                                      0.17 kB │ gzip:   0.17 kB
.svelte-kit/output/client/_app/immutable/nodes/43.CMcBACbZ.js                                      0.17 kB │ gzip:   0.17 kB
.svelte-kit/output/client/_app/immutable/nodes/44.CMcBACbZ.js                                      0.17 kB │ gzip:   0.17 kB
.svelte-kit/output/client/_app/immutable/nodes/45.CMcBACbZ.js                                      0.17 kB │ gzip:   0.17 kB
.svelte-kit/output/client/_app/immutable/nodes/46.CMcBACbZ.js                                      0.17 kB │ gzip:   0.17 kB
.svelte-kit/output/client/_app/immutable/nodes/47.CMcBACbZ.js                                      0.17 kB │ gzip:   0.17 kB
.svelte-kit/output/client/_app/immutable/nodes/48.CMcBACbZ.js                                      0.17 kB │ gzip:   0.17 kB
.svelte-kit/output/client/_app/immutable/nodes/50.CMcBACbZ.js                                      0.17 kB │ gzip:   0.17 kB
.svelte-kit/output/client/_app/immutable/nodes/52.CMcBACbZ.js                                      0.17 kB │ gzip:   0.17 kB
.svelte-kit/output/client/_app/immutable/nodes/56.CMcBACbZ.js                                      0.17 kB │ gzip:   0.17 kB
.svelte-kit/output/client/_app/immutable/nodes/58.CMcBACbZ.js                                      0.17 kB │ gzip:   0.17 kB
.svelte-kit/output/client/_app/immutable/nodes/59.CMcBACbZ.js                                      0.17 kB │ gzip:   0.17 kB
.svelte-kit/output/client/_app/immutable/nodes/6.CMcBACbZ.js                                       0.17 kB │ gzip:   0.17 kB
.svelte-kit/output/client/_app/immutable/nodes/60.CMcBACbZ.js                                      0.17 kB │ gzip:   0.17 kB
.svelte-kit/output/client/_app/immutable/nodes/62.CMcBACbZ.js                                      0.17 kB │ gzip:   0.17 kB
.svelte-kit/output/client/_app/immutable/nodes/65.CMcBACbZ.js                                      0.17 kB │ gzip:   0.17 kB
.svelte-kit/output/client/_app/immutable/nodes/66.CMcBACbZ.js                                      0.17 kB │ gzip:   0.17 kB
.svelte-kit/output/client/_app/immutable/nodes/67.CMcBACbZ.js                                      0.17 kB │ gzip:   0.17 kB
.svelte-kit/output/client/_app/immutable/nodes/68.CMcBACbZ.js                                      0.17 kB │ gzip:   0.17 kB
.svelte-kit/output/client/_app/immutable/nodes/71.CMcBACbZ.js                                      0.17 kB │ gzip:   0.17 kB
.svelte-kit/output/client/_app/immutable/nodes/72.CMcBACbZ.js                                      0.17 kB │ gzip:   0.17 kB
.svelte-kit/output/client/_app/immutable/nodes/73.CMcBACbZ.js                                      0.17 kB │ gzip:   0.17 kB
.svelte-kit/output/client/_app/immutable/nodes/74.CMcBACbZ.js                                      0.17 kB │ gzip:   0.17 kB
.svelte-kit/output/client/_app/immutable/nodes/76.CMcBACbZ.js                                      0.17 kB │ gzip:   0.17 kB
.svelte-kit/output/client/_app/immutable/nodes/77.CMcBACbZ.js                                      0.17 kB │ gzip:   0.17 kB
.svelte-kit/output/client/_app/immutable/nodes/78.CMcBACbZ.js                                      0.17 kB │ gzip:   0.17 kB
.svelte-kit/output/client/_app/immutable/nodes/82.CMcBACbZ.js                                      0.17 kB │ gzip:   0.17 kB
.svelte-kit/output/client/_app/immutable/nodes/83.CMcBACbZ.js                                      0.17 kB │ gzip:   0.17 kB
.svelte-kit/output/client/_app/immutable/nodes/84.CMcBACbZ.js                                      0.17 kB │ gzip:   0.17 kB
.svelte-kit/output/client/_app/immutable/nodes/85.CMcBACbZ.js                                      0.17 kB │ gzip:   0.17 kB
.svelte-kit/output/client/_app/immutable/nodes/87.CMcBACbZ.js                                      0.17 kB │ gzip:   0.17 kB
.svelte-kit/output/client/_app/immutable/nodes/90.CMcBACbZ.js                                      0.17 kB │ gzip:   0.17 kB
.svelte-kit/output/client/_app/immutable/nodes/91.CMcBACbZ.js                                      0.17 kB │ gzip:   0.17 kB
.svelte-kit/output/client/_app/immutable/nodes/93.CMcBACbZ.js                                      0.17 kB │ gzip:   0.17 kB
.svelte-kit/output/client/_app/immutable/nodes/94.CMcBACbZ.js                                      0.17 kB │ gzip:   0.17 kB
.svelte-kit/output/client/_app/immutable/nodes/95.CMcBACbZ.js                                      0.17 kB │ gzip:   0.17 kB
.svelte-kit/output/client/_app/immutable/nodes/96.CMcBACbZ.js                                      0.17 kB │ gzip:   0.17 kB
.svelte-kit/output/client/_app/immutable/nodes/99.CMcBACbZ.js                                      0.17 kB │ gzip:   0.17 kB
.svelte-kit/output/client/_app/immutable/chunks/DygMp1vP.js                                        0.17 kB │ gzip:   0.14 kB
.svelte-kit/output/client/_app/immutable/chunks/SLxhhS6o.js                                        0.18 kB │ gzip:   0.15 kB
.svelte-kit/output/client/_app/immutable/chunks/Dx7MNSEV.js                                        0.18 kB │ gzip:   0.15 kB
.svelte-kit/output/client/_app/immutable/chunks/C4z-YFwA.js                                        0.18 kB │ gzip:   0.15 kB
.svelte-kit/output/client/_app/immutable/chunks/Dwomi2oV.js                                        0.18 kB │ gzip:   0.15 kB
.svelte-kit/output/client/_app/immutable/chunks/ByRI7US9.js                                        0.18 kB │ gzip:   0.15 kB
.svelte-kit/output/client/_app/immutable/chunks/__p-OK1U.js                                        0.18 kB │ gzip:   0.17 kB
.svelte-kit/output/client/_app/immutable/chunks/B6P0HM0P.js                                        0.19 kB │ gzip:   0.14 kB
.svelte-kit/output/client/_app/immutable/chunks/Uvj7tgmh.js                                        0.19 kB │ gzip:   0.17 kB
.svelte-kit/output/client/_app/immutable/chunks/BZEj-uVh.js                                        0.20 kB │ gzip:   0.18 kB
.svelte-kit/output/client/_app/immutable/chunks/BGIpDhSK.js                                        0.21 kB │ gzip:   0.18 kB
.svelte-kit/output/client/_app/immutable/chunks/DW2bswYf.js                                        0.21 kB │ gzip:   0.19 kB
.svelte-kit/output/client/_app/immutable/chunks/wGaqooAd.js                                        0.22 kB │ gzip:   0.17 kB
.svelte-kit/output/client/_app/immutable/chunks/Bdsqa_GI.js                                        0.22 kB │ gzip:   0.18 kB
.svelte-kit/output/client/_app/immutable/chunks/DMmDy8DW.js                                        0.23 kB │ gzip:   0.16 kB
.svelte-kit/output/client/_app/immutable/chunks/DaSpYI56.js                                        0.23 kB │ gzip:   0.18 kB
.svelte-kit/output/client/_app/immutable/chunks/DUAGZuPt.js                                        0.23 kB │ gzip:   0.19 kB
.svelte-kit/output/client/_app/immutable/chunks/CVwUtEb4.js                                        0.23 kB │ gzip:   0.17 kB
.svelte-kit/output/client/_app/immutable/chunks/CereevS1.js                                        0.24 kB │ gzip:   0.17 kB
.svelte-kit/output/client/_app/immutable/chunks/ZksLr4PO.js                                        0.25 kB │ gzip:   0.18 kB
.svelte-kit/output/client/_app/immutable/chunks/tsPuy_IQ.js                                        0.25 kB │ gzip:   0.19 kB
.svelte-kit/output/client/_app/immutable/chunks/BzwZ4pen.js                                        0.25 kB │ gzip:   0.19 kB
.svelte-kit/output/client/_app/immutable/chunks/8cNe_lN7.js                                        0.26 kB │ gzip:   0.20 kB
.svelte-kit/output/client/_app/immutable/chunks/BrgktKCH.js                                        0.26 kB │ gzip:   0.17 kB
.svelte-kit/output/client/_app/immutable/chunks/Co7vezfz.js                                        0.27 kB │ gzip:   0.20 kB
.svelte-kit/output/client/_app/immutable/chunks/lsoxd7Ke.js                                        0.28 kB │ gzip:   0.18 kB
.svelte-kit/output/client/_app/immutable/chunks/BX5kIoQq.js                                        0.28 kB │ gzip:   0.18 kB
.svelte-kit/output/client/_app/immutable/chunks/CQmM6IM9.js                                        0.28 kB │ gzip:   0.22 kB
.svelte-kit/output/client/_app/immutable/chunks/uidXxIOn.js                                        0.28 kB │ gzip:   0.21 kB
.svelte-kit/output/client/_app/immutable/chunks/neRYLSSU.js                                        0.28 kB │ gzip:   0.24 kB
.svelte-kit/output/client/_app/immutable/chunks/Bc4GGMqt.js                                        0.29 kB │ gzip:   0.22 kB
.svelte-kit/output/client/_app/immutable/chunks/B7Aq-oyg.js                                        0.29 kB │ gzip:   0.15 kB
.svelte-kit/output/client/_app/immutable/chunks/BXM4jTmX.js                                        0.30 kB │ gzip:   0.21 kB
.svelte-kit/output/client/_app/immutable/chunks/foy1Bb_3.js                                        0.31 kB │ gzip:   0.20 kB
.svelte-kit/output/client/_app/immutable/chunks/BJTY71-l.js                                        0.32 kB │ gzip:   0.21 kB
.svelte-kit/output/client/_app/immutable/chunks/Bn2w4x8c.js                                        0.33 kB │ gzip:   0.23 kB
.svelte-kit/output/client/_app/immutable/chunks/dFOFcxMv.js                                        0.34 kB │ gzip:   0.24 kB
.svelte-kit/output/client/_app/immutable/chunks/BmJXQL2O.js                                        0.35 kB │ gzip:   0.20 kB
.svelte-kit/output/client/_app/immutable/chunks/CXZceIvh.js                                        0.36 kB │ gzip:   0.23 kB
.svelte-kit/output/client/_app/immutable/chunks/CuN2G1_b.js                                        0.36 kB │ gzip:   0.25 kB
.svelte-kit/output/client/_app/immutable/chunks/DXLFYk_-.js                                        0.36 kB │ gzip:   0.28 kB
.svelte-kit/output/client/_app/immutable/chunks/CdCtDJx8.js                                        0.36 kB │ gzip:   0.25 kB
.svelte-kit/output/client/_app/immutable/chunks/d5euhmmF.js                                        0.37 kB │ gzip:   0.25 kB
.svelte-kit/output/client/_app/immutable/chunks/BGKTo5gU.js                                        0.37 kB │ gzip:   0.27 kB
.svelte-kit/output/client/_app/immutable/chunks/BBbMwpMz.js                                        0.37 kB │ gzip:   0.26 kB
.svelte-kit/output/client/_app/immutable/chunks/DpC62h1P.js                                        0.37 kB │ gzip:   0.25 kB
.svelte-kit/output/client/_app/immutable/chunks/xWlm4Dfc.js                                        0.37 kB │ gzip:   0.21 kB
.svelte-kit/output/client/_app/immutable/nodes/1.BVeGT_c0.js                                       0.38 kB │ gzip:   0.27 kB
.svelte-kit/output/client/_app/immutable/chunks/DyWh8z8F.js                                        0.38 kB │ gzip:   0.28 kB
.svelte-kit/output/client/_app/immutable/chunks/DF9sGtHn.js                                        0.39 kB │ gzip:   0.27 kB
.svelte-kit/output/client/_app/immutable/chunks/D1ht5jha.js                                        0.39 kB │ gzip:   0.25 kB
.svelte-kit/output/client/_app/immutable/chunks/Dur11GZp.js                                        0.42 kB │ gzip:   0.27 kB
.svelte-kit/output/client/_app/immutable/chunks/CXQROY2v.js                                        0.43 kB │ gzip:   0.27 kB
.svelte-kit/output/client/_app/immutable/chunks/C4BwEKk4.js                                        0.43 kB │ gzip:   0.30 kB
.svelte-kit/output/client/_app/immutable/chunks/Bgqw-DOs.js                                        0.44 kB │ gzip:   0.28 kB
.svelte-kit/output/client/_app/immutable/nodes/25.CSpgdKeE.js                                      0.45 kB │ gzip:   0.29 kB
.svelte-kit/output/client/_app/immutable/chunks/fjvjLviT.js                                        0.46 kB │ gzip:   0.31 kB
.svelte-kit/output/client/_app/immutable/chunks/CkFv4Lv6.js                                        0.46 kB │ gzip:   0.30 kB
.svelte-kit/output/client/_app/immutable/chunks/FvN88m0V.js                                        0.47 kB │ gzip:   0.26 kB
.svelte-kit/output/client/_app/immutable/chunks/_xmTFQLV.js                                        0.48 kB │ gzip:   0.31 kB
.svelte-kit/output/client/_app/immutable/chunks/C3kJ57QO.js                                        0.48 kB │ gzip:   0.28 kB
.svelte-kit/output/client/_app/immutable/chunks/Qzs4DB7J.js                                        0.49 kB │ gzip:   0.32 kB
.svelte-kit/output/client/_app/immutable/chunks/CscYFwWr.js                                        0.50 kB │ gzip:   0.33 kB
.svelte-kit/output/client/_app/immutable/chunks/B9REDI8W.js                                        0.50 kB │ gzip:   0.31 kB
.svelte-kit/output/client/_app/immutable/chunks/-UyI9lYi.js                                        0.51 kB │ gzip:   0.30 kB
.svelte-kit/output/client/_app/immutable/chunks/effxbzBs.js                                        0.51 kB │ gzip:   0.34 kB
.svelte-kit/output/client/_app/immutable/chunks/Cb0CrQ0m.js                                        0.53 kB │ gzip:   0.33 kB
.svelte-kit/output/client/_app/immutable/chunks/CM7iWWz3.js                                        0.53 kB │ gzip:   0.30 kB
.svelte-kit/output/client/_app/immutable/chunks/jzw03CWU.js                                        0.53 kB │ gzip:   0.35 kB
.svelte-kit/output/client/_app/immutable/chunks/CWvq1Ql5.js                                        0.54 kB │ gzip:   0.28 kB
.svelte-kit/output/client/_app/immutable/chunks/DdL_MJn7.js                                        0.54 kB │ gzip:   0.34 kB
.svelte-kit/output/client/_app/immutable/chunks/-rXBZJNa.js                                        0.55 kB │ gzip:   0.31 kB
.svelte-kit/output/client/_app/immutable/chunks/CZAAe3zu.js                                        0.60 kB │ gzip:   0.36 kB
.svelte-kit/output/client/_app/immutable/chunks/BlhkLhJT.js                                        0.61 kB │ gzip:   0.33 kB
.svelte-kit/output/client/_app/immutable/chunks/CTkB6cOq.js                                        0.61 kB │ gzip:   0.39 kB
.svelte-kit/output/client/_app/immutable/chunks/DVvaNFO9.js                                        0.62 kB │ gzip:   0.41 kB
.svelte-kit/output/client/_app/immutable/chunks/BEOye62G.js                                        0.64 kB │ gzip:   0.37 kB
.svelte-kit/output/client/_app/immutable/chunks/KYA0-xcb.js                                        0.65 kB │ gzip:   0.42 kB
.svelte-kit/output/client/_app/immutable/chunks/Cu_sq9IZ.js                                        0.66 kB │ gzip:   0.42 kB
.svelte-kit/output/client/_app/immutable/nodes/81.BwHC3t0u.js                                      0.68 kB │ gzip:   0.42 kB
.svelte-kit/output/client/_app/immutable/chunks/Byl_D19b.js                                        0.68 kB │ gzip:   0.39 kB
.svelte-kit/output/client/_app/immutable/chunks/MUtI-521.js                                        0.68 kB │ gzip:   0.46 kB
.svelte-kit/output/client/_app/immutable/chunks/n9uKBa-H.js                                        0.69 kB │ gzip:   0.44 kB
.svelte-kit/output/client/_app/immutable/chunks/ClMrgZWq.js                                        0.69 kB │ gzip:   0.43 kB
.svelte-kit/output/client/_app/immutable/chunks/_VXf7r8Q.js                                        0.69 kB │ gzip:   0.46 kB
.svelte-kit/output/client/_app/immutable/chunks/DQqdFW2U.js                                        0.69 kB │ gzip:   0.37 kB
.svelte-kit/output/client/_app/immutable/chunks/pJK8InA3.js                                        0.71 kB │ gzip:   0.43 kB
.svelte-kit/output/client/_app/immutable/chunks/Dcfu646u.js                                        0.71 kB │ gzip:   0.42 kB
.svelte-kit/output/client/_app/immutable/chunks/C3K4BGIJ.js                                        0.72 kB │ gzip:   0.40 kB
.svelte-kit/output/client/_app/immutable/chunks/BZP1Pzyd.js                                        0.72 kB │ gzip:   0.40 kB
.svelte-kit/output/client/_app/immutable/chunks/DX1S2RnY.js                                        0.75 kB │ gzip:   0.42 kB
.svelte-kit/output/client/_app/immutable/chunks/Czfn8Ojs.js                                        0.75 kB │ gzip:   0.39 kB
.svelte-kit/output/client/_app/immutable/chunks/D8vojqcN.js                                        0.76 kB │ gzip:   0.40 kB
.svelte-kit/output/client/_app/immutable/chunks/CFa3Dise.js                                        0.77 kB │ gzip:   0.43 kB
.svelte-kit/output/client/_app/immutable/chunks/DwGNQrtg.js                                        0.79 kB │ gzip:   0.40 kB
.svelte-kit/output/client/_app/immutable/chunks/Bxuotnsl.js                                        0.81 kB │ gzip:   0.45 kB
.svelte-kit/output/client/_app/immutable/chunks/C2V3b_NL.js                                        0.81 kB │ gzip:   0.45 kB
.svelte-kit/output/client/_app/immutable/chunks/YxXQFjaE.js                                        0.83 kB │ gzip:   0.41 kB
.svelte-kit/output/client/_app/immutable/chunks/jjg2hDNe.js                                        0.83 kB │ gzip:   0.51 kB
.svelte-kit/output/client/_app/immutable/chunks/CkOVtG4I.js                                        0.84 kB │ gzip:   0.39 kB
.svelte-kit/output/client/_app/immutable/chunks/DZEAZ6n6.js                                        0.84 kB │ gzip:   0.52 kB
.svelte-kit/output/client/_app/immutable/chunks/Bi1kLlgI.js                                        0.84 kB │ gzip:   0.48 kB
.svelte-kit/output/client/_app/immutable/chunks/BkY10QhV.js                                        0.85 kB │ gzip:   0.41 kB
.svelte-kit/output/client/_app/immutable/chunks/DZpRK15T.js                                        0.86 kB │ gzip:   0.45 kB
.svelte-kit/output/client/_app/immutable/chunks/aj79k3_r.js                                        0.87 kB │ gzip:   0.40 kB
.svelte-kit/output/client/_app/immutable/chunks/DbQwxmYz.js                                        0.89 kB │ gzip:   0.48 kB
.svelte-kit/output/client/_app/immutable/chunks/CPb1xkQ6.js                                        0.92 kB │ gzip:   0.53 kB
.svelte-kit/output/client/_app/immutable/chunks/CCAOUQE7.js                                        0.96 kB │ gzip:   0.55 kB
.svelte-kit/output/client/_app/immutable/chunks/BlIEVSAg.js                                        0.99 kB │ gzip:   0.49 kB
.svelte-kit/output/client/_app/immutable/chunks/FA8R00Yr.js                                        1.00 kB │ gzip:   0.54 kB
.svelte-kit/output/client/_app/immutable/chunks/CjCOMZrB.js                                        1.02 kB │ gzip:   0.58 kB
.svelte-kit/output/client/_app/immutable/chunks/BmKtC4vI.js                                        1.03 kB │ gzip:   0.58 kB
.svelte-kit/output/client/_app/immutable/chunks/BeBAkJG1.js                                        1.04 kB │ gzip:   0.57 kB
.svelte-kit/output/client/_app/immutable/chunks/C93wNq_c.js                                        1.05 kB │ gzip:   0.55 kB
.svelte-kit/output/client/_app/immutable/chunks/CtsE_9SR.js                                        1.07 kB │ gzip:   0.62 kB
.svelte-kit/output/client/_app/immutable/chunks/BrFpzaWE.js                                        1.07 kB │ gzip:   0.57 kB
.svelte-kit/output/client/_app/immutable/chunks/Oq9Nq0Vn.js                                        1.08 kB │ gzip:   0.62 kB
.svelte-kit/output/client/_app/immutable/chunks/DaeaNExf.js                                        1.08 kB │ gzip:   0.58 kB
.svelte-kit/output/client/_app/immutable/chunks/D89mt9k_.js                                        1.12 kB │ gzip:   0.60 kB
.svelte-kit/output/client/_app/immutable/chunks/BoIajNw8.js                                        1.12 kB │ gzip:   0.40 kB
.svelte-kit/output/client/_app/immutable/chunks/D-3GSnwv.js                                        1.14 kB │ gzip:   0.62 kB
.svelte-kit/output/client/_app/immutable/chunks/By5DcFGs.js                                        1.15 kB │ gzip:   0.59 kB
.svelte-kit/output/client/_app/immutable/chunks/DPABgUxM.js                                        1.16 kB │ gzip:   0.62 kB
.svelte-kit/output/client/_app/immutable/chunks/D8Mes4Nt.js                                        1.16 kB │ gzip:   0.69 kB
.svelte-kit/output/client/_app/immutable/chunks/DU9oJaMN.js                                        1.22 kB │ gzip:   0.72 kB
.svelte-kit/output/client/_app/immutable/nodes/41.s8Wt3cxf.js                                      1.22 kB │ gzip:   0.66 kB
.svelte-kit/output/client/_app/immutable/chunks/Dp1pzeXC.js                                        1.27 kB │ gzip:   0.73 kB
.svelte-kit/output/client/_app/immutable/chunks/CYvkKnas.js                                        1.28 kB │ gzip:   0.52 kB
.svelte-kit/output/client/_app/immutable/chunks/DUE2tz-X.js                                        1.28 kB │ gzip:   0.76 kB
.svelte-kit/output/client/_app/immutable/chunks/8rQpeU9Q.js                                        1.28 kB │ gzip:   0.67 kB
.svelte-kit/output/client/_app/immutable/chunks/C2E3aFAO.js                                        1.29 kB │ gzip:   0.75 kB
.svelte-kit/output/client/_app/immutable/chunks/DndyR_Y3.js                                        1.32 kB │ gzip:   0.58 kB
.svelte-kit/output/client/_app/immutable/chunks/wbPk3Yxo.js                                        1.37 kB │ gzip:   0.66 kB
.svelte-kit/output/client/_app/immutable/chunks/cQVk56s3.js                                        1.39 kB │ gzip:   0.67 kB
.svelte-kit/output/client/_app/immutable/chunks/CiWow26T.js                                        1.41 kB │ gzip:   0.85 kB
.svelte-kit/output/client/_app/immutable/chunks/DjF688U7.js                                        1.42 kB │ gzip:   0.75 kB
.svelte-kit/output/client/_app/immutable/chunks/H0Jzc5D-.js                                        1.44 kB │ gzip:   0.67 kB
.svelte-kit/output/client/_app/immutable/chunks/Dz-9PJvg.js                                        1.48 kB │ gzip:   0.65 kB
.svelte-kit/output/client/_app/immutable/chunks/DmB5ISWV.js                                        1.48 kB │ gzip:   0.68 kB
.svelte-kit/output/client/_app/immutable/chunks/DVhglEmt.js                                        1.51 kB │ gzip:   0.76 kB
.svelte-kit/output/client/_app/immutable/chunks/CB_qq-IC.js                                        1.51 kB │ gzip:   0.73 kB
.svelte-kit/output/client/_app/immutable/chunks/BfAHWUcp.js                                        1.53 kB │ gzip:   0.87 kB
.svelte-kit/output/client/_app/immutable/chunks/KbYXXD3s.js                                        1.53 kB │ gzip:   0.73 kB
.svelte-kit/output/client/_app/immutable/nodes/26.CmmomXe6.js                                      1.53 kB │ gzip:   0.75 kB
.svelte-kit/output/client/_app/immutable/chunks/BwYfj_yp.js                                        1.53 kB │ gzip:   0.71 kB
.svelte-kit/output/client/_app/immutable/chunks/BByYQP7h.js                                        1.53 kB │ gzip:   0.82 kB
.svelte-kit/output/client/_app/immutable/chunks/Dl4RBBWr.js                                        1.54 kB │ gzip:   0.89 kB
.svelte-kit/output/client/_app/immutable/chunks/CDnY2emC.js                                        1.60 kB │ gzip:   0.77 kB
.svelte-kit/output/client/_app/immutable/chunks/gg7-IGwt.js                                        1.62 kB │ gzip:   0.90 kB
.svelte-kit/output/client/_app/immutable/chunks/D_hFJ_Pm.js                                        1.63 kB │ gzip:   0.85 kB
.svelte-kit/output/client/_app/immutable/chunks/DRq8NRev.js                                        1.67 kB │ gzip:   0.90 kB
.svelte-kit/output/client/_app/immutable/chunks/KdGNKvJn.js                                        1.68 kB │ gzip:   0.73 kB
.svelte-kit/output/client/_app/immutable/chunks/BR6LobcS.js                                        1.68 kB │ gzip:   0.73 kB
.svelte-kit/output/client/_app/immutable/chunks/DdspZlUy.js                                        1.72 kB │ gzip:   0.83 kB
.svelte-kit/output/client/_app/immutable/chunks/hinC8bVa.js                                        1.73 kB │ gzip:   0.65 kB
.svelte-kit/output/client/_app/immutable/chunks/DrDayysU.js                                        1.73 kB │ gzip:   0.92 kB
.svelte-kit/output/client/_app/immutable/chunks/983LGoNf.js                                        1.79 kB │ gzip:   0.89 kB
.svelte-kit/output/client/_app/immutable/chunks/CvJ8pjKE.js                                        1.80 kB │ gzip:   0.92 kB
.svelte-kit/output/client/_app/immutable/chunks/aPqJfC9x.js                                        1.81 kB │ gzip:   0.89 kB
.svelte-kit/output/client/_app/immutable/chunks/DsxApkWn.js                                        1.82 kB │ gzip:   0.61 kB
.svelte-kit/output/client/_app/immutable/chunks/D_FXm8YK.js                                        1.85 kB │ gzip:   0.96 kB
.svelte-kit/output/client/_app/immutable/chunks/rgnQAqPU.js                                        1.86 kB │ gzip:   0.91 kB
.svelte-kit/output/client/_app/immutable/chunks/DN_s6HaY.js                                        1.87 kB │ gzip:   0.87 kB
.svelte-kit/output/client/_app/immutable/chunks/Cc-rOALd.js                                        1.88 kB │ gzip:   0.94 kB
.svelte-kit/output/client/_app/immutable/nodes/113.DM2tpeYO.js                                     1.90 kB │ gzip:   0.96 kB
.svelte-kit/output/client/_app/immutable/chunks/B9Juf7kO.js                                        1.94 kB │ gzip:   0.97 kB
.svelte-kit/output/client/_app/immutable/chunks/BApenPx-.js                                        1.95 kB │ gzip:   0.85 kB
.svelte-kit/output/client/_app/immutable/chunks/CTIvTWkR.js                                        1.96 kB │ gzip:   1.05 kB
.svelte-kit/output/client/_app/immutable/chunks/CkAeNzt5.js                                        1.97 kB │ gzip:   1.09 kB
.svelte-kit/output/client/_app/immutable/chunks/DhN5Ghfc.js                                        1.98 kB │ gzip:   0.73 kB
.svelte-kit/output/client/_app/immutable/chunks/jRg0srZl.js                                        2.01 kB │ gzip:   0.95 kB
.svelte-kit/output/client/_app/immutable/chunks/JAH6JEsB.js                                        2.06 kB │ gzip:   1.09 kB
.svelte-kit/output/client/_app/immutable/chunks/Dhn9HfjL.js                                        2.07 kB │ gzip:   1.01 kB
.svelte-kit/output/client/_app/immutable/chunks/Cwm8BWCV.js                                        2.11 kB │ gzip:   0.88 kB
.svelte-kit/output/client/_app/immutable/chunks/D0fcjPOa.js                                        2.13 kB │ gzip:   0.97 kB
.svelte-kit/output/client/_app/immutable/chunks/Nmc1EeXI.js                                        2.16 kB │ gzip:   1.08 kB
.svelte-kit/output/client/_app/immutable/chunks/DlXQsD5p.js                                        2.17 kB │ gzip:   1.14 kB
.svelte-kit/output/client/_app/immutable/chunks/Fj-IFhFK.js                                        2.18 kB │ gzip:   0.79 kB
.svelte-kit/output/client/_app/immutable/chunks/h0vik2L1.js                                        2.19 kB │ gzip:   1.15 kB
.svelte-kit/output/client/_app/immutable/chunks/BMNjG_Pt.js                                        2.24 kB │ gzip:   1.11 kB
.svelte-kit/output/client/_app/immutable/chunks/BJgIG3N8.js                                        2.27 kB │ gzip:   1.25 kB
.svelte-kit/output/client/_app/immutable/chunks/MKPd4nhN.js                                        2.27 kB │ gzip:   0.95 kB
.svelte-kit/output/client/_app/immutable/chunks/CYNk4CU1.js                                        2.29 kB │ gzip:   1.14 kB
.svelte-kit/output/client/_app/immutable/chunks/9KIcZMu_.js                                        2.30 kB │ gzip:   1.32 kB
.svelte-kit/output/client/_app/immutable/chunks/B2x0_3AY.js                                        2.41 kB │ gzip:   1.13 kB
.svelte-kit/output/client/_app/immutable/chunks/BStkj9GB.js                                        2.42 kB │ gzip:   1.06 kB
.svelte-kit/output/client/_app/immutable/chunks/FN-iMIll.js                                        2.43 kB │ gzip:   1.15 kB
.svelte-kit/output/client/_app/immutable/nodes/92.BYYmv4zs.js                                      2.43 kB │ gzip:   1.17 kB
.svelte-kit/output/client/_app/immutable/chunks/wxkofBhX.js                                        2.49 kB │ gzip:   0.81 kB
.svelte-kit/output/client/_app/immutable/chunks/rrqd9zls.js                                        2.54 kB │ gzip:   1.28 kB
.svelte-kit/output/client/_app/immutable/chunks/CjKAt0KW.js                                        2.59 kB │ gzip:   1.15 kB
.svelte-kit/output/client/_app/immutable/chunks/DIYyOrWJ.js                                        2.60 kB │ gzip:   1.14 kB
.svelte-kit/output/client/_app/immutable/chunks/KPiU1CBQ.js                                        2.62 kB │ gzip:   1.33 kB
.svelte-kit/output/client/_app/immutable/nodes/105.DsoW4F0-.js                                     2.69 kB │ gzip:   1.35 kB
.svelte-kit/output/client/_app/immutable/chunks/uZwefye-.js                                        2.78 kB │ gzip:   1.20 kB
.svelte-kit/output/client/_app/immutable/chunks/D1eoQrcE.js                                        2.82 kB │ gzip:   1.40 kB
.svelte-kit/output/client/_app/immutable/chunks/DwOy4Zf6.js                                        2.83 kB │ gzip:   1.35 kB
.svelte-kit/output/client/_app/immutable/chunks/gfe4KeYP.js                                        2.83 kB │ gzip:   1.30 kB
.svelte-kit/output/client/_app/immutable/nodes/98.CYoKlvrx.js                                      2.86 kB │ gzip:   1.42 kB
.svelte-kit/output/client/_app/immutable/chunks/CQgks5l7.js                                        2.89 kB │ gzip:   1.35 kB
.svelte-kit/output/client/_app/immutable/chunks/DbHxKPXo.js                                        2.89 kB │ gzip:   1.08 kB
.svelte-kit/output/client/_app/immutable/chunks/CsyPdIVc.js                                        2.89 kB │ gzip:   1.48 kB
.svelte-kit/output/client/_app/immutable/chunks/sQHWaYIe.js                                        2.94 kB │ gzip:   1.13 kB
.svelte-kit/output/client/_app/immutable/chunks/oaPBr3BA.js                                        2.94 kB │ gzip:   0.87 kB
.svelte-kit/output/client/_app/immutable/chunks/BEncuvWR.js                                        2.94 kB │ gzip:   1.34 kB
.svelte-kit/output/client/_app/immutable/chunks/DYVCDYoC.js                                        2.96 kB │ gzip:   1.06 kB
.svelte-kit/output/client/_app/immutable/chunks/Ds7iyB6_.js                                        2.97 kB │ gzip:   1.50 kB
.svelte-kit/output/client/_app/immutable/nodes/107.D_TlFtHl.js                                     2.99 kB │ gzip:   1.34 kB
.svelte-kit/output/client/_app/immutable/chunks/irh4FQgc.js                                        3.04 kB │ gzip:   1.32 kB
.svelte-kit/output/client/_app/immutable/chunks/BhRmPW_b.js                                        3.09 kB │ gzip:   1.35 kB
.svelte-kit/output/client/_app/immutable/chunks/DyHwsxMq.js                                        3.24 kB │ gzip:   1.55 kB
.svelte-kit/output/client/_app/immutable/chunks/DZSFDEU0.js                                        3.34 kB │ gzip:   1.32 kB
.svelte-kit/output/client/_app/immutable/chunks/yNLwBX1C.js                                        3.36 kB │ gzip:   1.33 kB
.svelte-kit/output/client/_app/immutable/chunks/Cky-MNdn.js                                        3.44 kB │ gzip:   1.66 kB
.svelte-kit/output/client/_app/immutable/chunks/Bhgt19c5.js                                        3.45 kB │ gzip:   1.44 kB
.svelte-kit/output/client/_app/immutable/chunks/DD8hPB8Z.js                                        3.45 kB │ gzip:   1.53 kB
.svelte-kit/output/client/_app/immutable/chunks/Oe4h_TbQ.js                                        3.50 kB │ gzip:   1.64 kB
.svelte-kit/output/client/_app/immutable/chunks/DnSn8YOY.js                                        3.51 kB │ gzip:   1.63 kB
.svelte-kit/output/client/_app/immutable/chunks/Cf4NURm7.js                                        3.52 kB │ gzip:   1.34 kB
.svelte-kit/output/client/_app/immutable/chunks/CwdK6NDH.js                                        3.62 kB │ gzip:   1.46 kB
.svelte-kit/output/client/_app/immutable/chunks/Ct2JQED9.js                                        3.66 kB │ gzip:   1.73 kB
.svelte-kit/output/client/_app/immutable/chunks/CymXGAei.js                                        3.73 kB │ gzip:   1.38 kB
.svelte-kit/output/client/_app/immutable/chunks/BPeAAzDI.js                                        3.75 kB │ gzip:   1.76 kB
.svelte-kit/output/client/_app/immutable/chunks/Dh49uqmB.js                                        3.80 kB │ gzip:   1.69 kB
.svelte-kit/output/client/_app/immutable/chunks/CRP8oX4p.js                                        3.84 kB │ gzip:   1.79 kB
.svelte-kit/output/client/_app/immutable/chunks/CipqRMss.js                                        3.91 kB │ gzip:   1.78 kB
.svelte-kit/output/client/_app/immutable/chunks/qPivnzW9.js                                        3.97 kB │ gzip:   1.70 kB
.svelte-kit/output/client/_app/immutable/chunks/BE8uUKOw.js                                        4.00 kB │ gzip:   1.60 kB
.svelte-kit/output/client/_app/immutable/chunks/CFUHO-ki.js                                        4.02 kB │ gzip:   1.22 kB
.svelte-kit/output/client/_app/immutable/chunks/CbPCF7O2.js                                        4.08 kB │ gzip:   1.57 kB
.svelte-kit/output/client/_app/immutable/nodes/61.R9kK_SCR.js                                      4.09 kB │ gzip:   1.70 kB
.svelte-kit/output/client/_app/immutable/chunks/NhSGYC8Y.js                                        4.11 kB │ gzip:   1.81 kB
.svelte-kit/output/client/_app/immutable/chunks/aVxohf_L.js                                        4.22 kB │ gzip:   1.55 kB
.svelte-kit/output/client/_app/immutable/chunks/BHI8YbTr.js                                        4.23 kB │ gzip:   1.96 kB
.svelte-kit/output/client/_app/immutable/chunks/LeIn9Byo.js                                        4.25 kB │ gzip:   1.43 kB
.svelte-kit/output/client/_app/immutable/chunks/CcLPxjH5.js                                        4.28 kB │ gzip:   2.00 kB
.svelte-kit/output/client/_app/immutable/chunks/QdI9DJk1.js                                        4.32 kB │ gzip:   1.50 kB
.svelte-kit/output/client/_app/immutable/chunks/Dp7n4UMt.js                                        4.33 kB │ gzip:   2.05 kB
.svelte-kit/output/client/_app/immutable/nodes/80.BfrWWb17.js                                      4.35 kB │ gzip:   1.87 kB
.svelte-kit/output/client/_app/immutable/chunks/zNjnodg_.js                                        4.47 kB │ gzip:   1.94 kB
.svelte-kit/output/client/_app/immutable/chunks/qd6ewQ5D.js                                        4.56 kB │ gzip:   1.71 kB
.svelte-kit/output/client/_app/immutable/chunks/ggtN2DCx.js                                        4.59 kB │ gzip:   1.68 kB
.svelte-kit/output/client/_app/immutable/chunks/DP_eq9Q0.js                                        4.77 kB │ gzip:   2.14 kB
.svelte-kit/output/client/_app/immutable/chunks/CPJwIVcc.js                                        4.80 kB │ gzip:   1.84 kB
.svelte-kit/output/client/_app/immutable/chunks/BfXYPtLe.js                                        4.85 kB │ gzip:   2.10 kB
.svelte-kit/output/client/_app/immutable/chunks/CaGQX-nx.js                                        4.87 kB │ gzip:   2.22 kB
.svelte-kit/output/client/_app/immutable/chunks/DrWy2JVs.js                                        4.94 kB │ gzip:   1.80 kB
.svelte-kit/output/client/_app/immutable/chunks/nEIz9TFw.js                                        4.95 kB │ gzip:   1.56 kB
.svelte-kit/output/client/_app/immutable/chunks/XieAjh1l.js                                        4.96 kB │ gzip:   2.29 kB
.svelte-kit/output/client/_app/immutable/chunks/B98u-SK3.js                                        5.01 kB │ gzip:   2.22 kB
.svelte-kit/output/client/_app/immutable/chunks/Di4giqvQ.js                                        5.03 kB │ gzip:   2.02 kB
.svelte-kit/output/client/_app/immutable/chunks/BhakNDY7.js                                        5.03 kB │ gzip:   2.45 kB
.svelte-kit/output/client/_app/immutable/chunks/Bzey5NJR.js                                        5.07 kB │ gzip:   2.04 kB
.svelte-kit/output/client/_app/immutable/chunks/BtWxJZ2U.js                                        5.18 kB │ gzip:   1.96 kB
.svelte-kit/output/client/_app/immutable/chunks/tyQrMib1.js                                        5.29 kB │ gzip:   2.44 kB
.svelte-kit/output/client/_app/immutable/chunks/C44QVtLY.js                                        5.40 kB │ gzip:   2.04 kB
.svelte-kit/output/client/_app/immutable/chunks/C2Pc2SpT.js                                        5.45 kB │ gzip:   2.24 kB
.svelte-kit/output/client/_app/immutable/chunks/WuSeDwhV.js                                        5.55 kB │ gzip:   1.71 kB
.svelte-kit/output/client/_app/immutable/chunks/Bo32i7t-.js                                        5.63 kB │ gzip:   1.90 kB
.svelte-kit/output/client/_app/immutable/nodes/22.ENfYnMu6.js                                      5.80 kB │ gzip:   2.58 kB
.svelte-kit/output/client/_app/immutable/nodes/70.D79OUDCb.js                                      5.98 kB │ gzip:   2.44 kB
.svelte-kit/output/client/_app/immutable/chunks/PSpsjRN_.js                                        6.10 kB │ gzip:   2.53 kB
.svelte-kit/output/client/_app/immutable/nodes/54.DKWjHo37.js                                      6.19 kB │ gzip:   2.70 kB
.svelte-kit/output/client/_app/immutable/chunks/Cpd-YOWs.js                                        6.24 kB │ gzip:   2.68 kB
.svelte-kit/output/client/_app/immutable/chunks/5sUAKoJf.js                                        6.39 kB │ gzip:   2.43 kB
.svelte-kit/output/client/_app/immutable/nodes/29.CUotVtgZ.js                                      6.45 kB │ gzip:   2.83 kB
.svelte-kit/output/client/_app/immutable/chunks/eK8JdIMh.js                                        6.54 kB │ gzip:   2.70 kB
.svelte-kit/output/client/_app/immutable/chunks/CRefVZbO.js                                        6.72 kB │ gzip:   2.97 kB
.svelte-kit/output/client/_app/immutable/chunks/BPvTZ-8u.js                                        6.77 kB │ gzip:   2.69 kB
.svelte-kit/output/client/_app/immutable/chunks/Bl-5eRS6.js                                        6.81 kB │ gzip:   2.68 kB
.svelte-kit/output/client/_app/immutable/nodes/57.CT0MrhE-.js                                      6.85 kB │ gzip:   2.70 kB
.svelte-kit/output/client/_app/immutable/chunks/DXEGAdAX.js                                        6.87 kB │ gzip:   2.23 kB
.svelte-kit/output/client/_app/immutable/chunks/BCkZBFAl.js                                        7.00 kB │ gzip:   2.97 kB
.svelte-kit/output/client/_app/immutable/nodes/89.xt7GXkQx.js                                      7.09 kB │ gzip:   2.86 kB
.svelte-kit/output/client/_app/immutable/nodes/55.aS3ZukCO.js                                      7.16 kB │ gzip:   2.91 kB
.svelte-kit/output/client/_app/immutable/chunks/DWbXTZfJ.js                                        7.28 kB │ gzip:   3.29 kB
.svelte-kit/output/client/_app/immutable/nodes/108.CXyk_kSN.js                                     7.31 kB │ gzip:   3.09 kB
.svelte-kit/output/client/_app/immutable/nodes/21.PUFyiB2_.js                                      7.49 kB │ gzip:   3.28 kB
.svelte-kit/output/client/_app/immutable/chunks/CBiY8H-R.js                                        7.62 kB │ gzip:   3.31 kB
.svelte-kit/output/client/_app/immutable/nodes/122.LULQL5Qc.js                                     7.78 kB │ gzip:   3.44 kB
.svelte-kit/output/client/_app/immutable/chunks/r2ogBa56.js                                        7.83 kB │ gzip:   1.39 kB
.svelte-kit/output/client/_app/immutable/chunks/NquAOlAF.js                                        8.00 kB │ gzip:   3.21 kB
.svelte-kit/output/client/_app/immutable/chunks/Bf5CGCSK.js                                        8.06 kB │ gzip:   3.09 kB
.svelte-kit/output/client/_app/immutable/nodes/109.DFIOd4wK.js                                     8.11 kB │ gzip:   3.15 kB
.svelte-kit/output/client/_app/immutable/nodes/35.DVtMG5VB.js                                      8.55 kB │ gzip:   3.69 kB
.svelte-kit/output/client/_app/immutable/nodes/20.DXo_waaF.js                                      8.56 kB │ gzip:   3.61 kB
.svelte-kit/output/client/_app/immutable/chunks/DPgo-s5Q.js                                        8.65 kB │ gzip:   3.25 kB
.svelte-kit/output/client/_app/immutable/nodes/97.DJv9NyW0.js                                      9.05 kB │ gzip:   3.43 kB
.svelte-kit/output/client/_app/immutable/nodes/79.Bd8zkhB9.js                                      9.05 kB │ gzip:   3.32 kB
.svelte-kit/output/client/_app/immutable/nodes/86.DsuO1Wwf.js                                      9.18 kB │ gzip:   3.44 kB
.svelte-kit/output/client/_app/immutable/nodes/63.D918l6xf.js                                      9.31 kB │ gzip:   3.54 kB
.svelte-kit/output/client/_app/immutable/nodes/117.4yKWIgyz.js                                     9.83 kB │ gzip:   3.92 kB
.svelte-kit/output/client/_app/immutable/chunks/eIOLRytq.js                                       10.04 kB │ gzip:   4.01 kB
.svelte-kit/output/client/_app/immutable/chunks/B-WqkVFz.js                                       10.40 kB │ gzip:   4.12 kB
.svelte-kit/output/client/_app/immutable/chunks/ZfQH61GK.js                                       10.66 kB │ gzip:   3.46 kB
.svelte-kit/output/client/_app/immutable/nodes/88.C1GuXIU3.js                                     10.74 kB │ gzip:   4.18 kB
.svelte-kit/output/client/_app/immutable/nodes/112.BKWD_XhG.js                                    11.10 kB │ gzip:   4.57 kB
.svelte-kit/output/client/_app/immutable/nodes/31.Dfet8KUE.js                                     11.55 kB │ gzip:   4.45 kB
.svelte-kit/output/client/_app/immutable/chunks/6bElOnTT.js                                       11.60 kB │ gzip:   4.33 kB
.svelte-kit/output/client/_app/immutable/chunks/C4-IXbCf.js                                       11.72 kB │ gzip:   3.76 kB
.svelte-kit/output/client/_app/immutable/nodes/17.r14HmZMu.js                                     11.90 kB │ gzip:   4.18 kB
.svelte-kit/output/client/_app/immutable/nodes/69.5x4q0E6z.js                                     11.92 kB │ gzip:   4.74 kB
.svelte-kit/output/client/_app/immutable/nodes/4.H3RpdOrr.js                                      11.95 kB │ gzip:   4.44 kB
.svelte-kit/output/client/_app/immutable/chunks/Bil0EdJs.js                                       12.07 kB │ gzip:   3.94 kB
.svelte-kit/output/client/_app/immutable/chunks/BFh9Fbfw.js                                       12.46 kB │ gzip:   5.18 kB
.svelte-kit/output/client/_app/immutable/nodes/51.efwB4GRW.js                                     12.74 kB │ gzip:   4.79 kB
.svelte-kit/output/client/_app/immutable/nodes/32.DJJzfU1U.js                                     13.68 kB │ gzip:   5.18 kB
.svelte-kit/output/client/_app/immutable/nodes/16.D6Nr8W1h.js                                     13.85 kB │ gzip:   4.95 kB
.svelte-kit/output/client/_app/immutable/chunks/PFEYynPd.js                                       13.90 kB │ gzip:   4.72 kB
.svelte-kit/output/client/_app/immutable/nodes/38.DbB1wPKg.js                                     14.40 kB │ gzip:   6.11 kB
.svelte-kit/output/client/_app/immutable/chunks/FseHqdCl.js                                       14.87 kB │ gzip:   5.49 kB
.svelte-kit/output/client/_app/immutable/nodes/18.Ddm1_W-L.js                                     15.01 kB │ gzip:   5.55 kB
.svelte-kit/output/client/_app/immutable/nodes/3.DxzoAF3K.js                                      15.55 kB │ gzip:   5.79 kB
.svelte-kit/output/client/_app/immutable/nodes/36.aIlGgUMw.js                                     15.83 kB │ gzip:   6.22 kB
.svelte-kit/output/client/_app/immutable/chunks/C6xHUsg2.js                                       15.83 kB │ gzip:   6.83 kB
.svelte-kit/output/client/_app/immutable/nodes/37.DTEET7Gw.js                                     16.76 kB │ gzip:   6.41 kB
.svelte-kit/output/client/_app/immutable/nodes/28.C6WdCzcH.js                                     17.10 kB │ gzip:   5.91 kB
.svelte-kit/output/client/_app/immutable/chunks/NHjrM5rz.js                                       17.93 kB │ gzip:   6.63 kB
.svelte-kit/output/client/_app/immutable/nodes/49.DuyNVB_E.js                                     17.93 kB │ gzip:   6.67 kB
.svelte-kit/output/client/_app/immutable/chunks/Dksvxr0I.js                                       18.75 kB │ gzip:   7.73 kB
.svelte-kit/output/client/_app/immutable/nodes/118.BCrLrEjO.js                                    20.59 kB │ gzip:   7.58 kB
.svelte-kit/output/client/_app/immutable/nodes/9.DEaCj5I5.js                                      21.44 kB │ gzip:   8.03 kB
.svelte-kit/output/client/_app/immutable/nodes/42.B5KsVVDF.js                                     21.70 kB │ gzip:   8.08 kB
.svelte-kit/output/client/_app/immutable/nodes/116.CNshRP48.js                                    21.95 kB │ gzip:   7.88 kB
.svelte-kit/output/client/_app/immutable/chunks/BzlA-mTy.js                                       22.19 kB │ gzip:   7.29 kB
.svelte-kit/output/client/_app/immutable/chunks/DEyIt0e-.js                                       22.31 kB │ gzip:   5.69 kB
.svelte-kit/output/client/_app/immutable/nodes/7.CJmZ6xK2.js                                      23.03 kB │ gzip:   8.54 kB
.svelte-kit/output/client/_app/immutable/nodes/5.Co-PvQsu.js                                      23.05 kB │ gzip:   8.00 kB
.svelte-kit/output/client/_app/immutable/nodes/114.7g3sqPMC.js                                    23.90 kB │ gzip:   9.07 kB
.svelte-kit/output/client/_app/immutable/chunks/ConXWoOc.js                                       24.01 kB │ gzip:   9.33 kB
.svelte-kit/output/client/_app/immutable/nodes/8.CDRrSdM9.js                                      26.13 kB │ gzip:   9.28 kB
.svelte-kit/output/client/_app/immutable/nodes/121.BJMpysRl.js                                    28.25 kB │ gzip:   9.58 kB
.svelte-kit/output/client/_app/immutable/nodes/40.BB2zv5GH.js                                     28.87 kB │ gzip:  13.83 kB
.svelte-kit/output/client/_app/immutable/nodes/53.dQ7fq_TP.js                                     30.46 kB │ gzip:   9.57 kB
.svelte-kit/output/client/_app/immutable/chunks/tHfljsLV.js                                       31.07 kB │ gzip:  12.82 kB
.svelte-kit/output/client/_app/immutable/nodes/13.DajcVtby.js                                     31.74 kB │ gzip:  11.02 kB
.svelte-kit/output/client/_app/immutable/nodes/12.DplUc3RR.js                                     31.84 kB │ gzip:  10.80 kB
.svelte-kit/output/client/_app/immutable/nodes/10.CjQdesIk.js                                     32.13 kB │ gzip:  10.53 kB
.svelte-kit/output/client/_app/immutable/nodes/106.zrPKASJJ.js                                    33.30 kB │ gzip:  11.97 kB
.svelte-kit/output/client/_app/immutable/nodes/11.DTyLeVRW.js                                     34.32 kB │ gzip:  12.10 kB
.svelte-kit/output/client/_app/immutable/nodes/14.CahCx-eA.js                                     35.57 kB │ gzip:  12.34 kB
.svelte-kit/output/client/_app/immutable/chunks/CoArI9bG.js                                       36.23 kB │ gzip:  14.11 kB
.svelte-kit/output/client/_app/immutable/nodes/15.DecbNgga.js                                     36.80 kB │ gzip:  12.06 kB
.svelte-kit/output/client/_app/immutable/chunks/BDjOuIKD.js                                       38.04 kB │ gzip:  10.77 kB
.svelte-kit/output/client/_app/immutable/nodes/34.CUUvFsFZ.js                                     40.08 kB │ gzip:  12.82 kB
.svelte-kit/output/client/_app/immutable/chunks/B6W9cbh7.js                                       40.25 kB │ gzip:  15.71 kB
.svelte-kit/output/client/_app/immutable/chunks/BKiSi350.js                                       41.10 kB │ gzip:  15.51 kB
.svelte-kit/output/client/_app/immutable/nodes/30.DIUFH_43.js                                     42.10 kB │ gzip:  12.78 kB
.svelte-kit/output/client/_app/immutable/nodes/64.BLvgfTGD.js                                     43.01 kB │ gzip:  13.89 kB
.svelte-kit/output/client/_app/immutable/nodes/2.j7LzG0D1.js                                      44.22 kB │ gzip:  15.43 kB
.svelte-kit/output/client/_app/immutable/chunks/n47tNPyv.js                                       44.39 kB │ gzip:  10.27 kB
.svelte-kit/output/client/_app/immutable/chunks/B_fNvQlI.js                                       55.76 kB │ gzip:  20.48 kB
.svelte-kit/output/client/_app/immutable/entry/app.C_r1etEl.js                                    62.20 kB │ gzip:  14.86 kB
.svelte-kit/output/client/_app/immutable/chunks/Bnb74S_s.js                                       62.34 kB │ gzip:  20.99 kB
.svelte-kit/output/client/_app/immutable/chunks/JePX_Vvp.js                                       67.68 kB │ gzip:  20.06 kB
.svelte-kit/output/client/_app/immutable/chunks/BKZLN_s-.js                                       85.33 kB │ gzip:  28.52 kB
.svelte-kit/output/client/_app/immutable/nodes/120.CeQWcxrq.js                                   103.00 kB │ gzip:  35.43 kB
.svelte-kit/output/client/_app/immutable/chunks/BjFcXx6y.js                                      129.10 kB │ gzip:  35.20 kB
.svelte-kit/output/client/_app/immutable/nodes/75.576zqlgt.js                                    192.59 kB │ gzip:  22.47 kB
.svelte-kit/output/client/_app/immutable/chunks/BNDTNUIh.js                                      216.62 kB │ gzip:  78.84 kB
.svelte-kit/output/client/_app/immutable/chunks/VJcNm7C7.js                                      409.52 kB │ gzip: 123.06 kB
✓ built in 17.74s
vite v6.4.3 building for production...
transforming...
✓ 6 modules transformed.
rendering chunks...
computing gzip size...
.svelte-kit/output/client/service-worker.mjs  55.97 kB │ gzip: 10.61 kB
✓ built in 22ms
.svelte-kit/output/server/.vite/manifest.json                                            167.34 kB
.svelte-kit/output/server/_app/immutable/assets/ChoiceChips.BbnDpI89.css                   0.04 kB
.svelte-kit/output/server/_app/immutable/assets/_page.of10DU40.css                         0.06 kB
.svelte-kit/output/server/_app/immutable/assets/_page.CEBZhOUt.css                         0.06 kB
.svelte-kit/output/server/_app/immutable/assets/TimePicker.CE82Svbs.css                    0.06 kB
.svelte-kit/output/server/_app/immutable/assets/_page.BVl2XI1B.css                         0.07 kB
.svelte-kit/output/server/_app/immutable/assets/ReadGate.TZFwY6rr.css                      0.07 kB
.svelte-kit/output/server/_app/immutable/assets/VoicePlayer.DfYc2k3w.css                   0.08 kB
.svelte-kit/output/server/_app/immutable/assets/_page.Bd46l6SV.css                         0.08 kB
.svelte-kit/output/server/_app/immutable/assets/DiscardSheet.BsHAsh63.css                  0.08 kB
.svelte-kit/output/server/_app/immutable/assets/_page.mj4dWElF.css                         0.08 kB
.svelte-kit/output/server/_app/immutable/assets/DatePicker.DlN0ynQY.css                    0.10 kB
.svelte-kit/output/server/_app/immutable/assets/Mark.DE7SL4Vi.css                          0.10 kB
.svelte-kit/output/server/_app/immutable/assets/StarredPhotoGrid.D4aGZdrr.css              0.10 kB
.svelte-kit/output/server/_app/immutable/assets/_page.CQcf1K4S.css                         0.10 kB
.svelte-kit/output/server/_app/immutable/assets/Field.Cp5H9ar4.css                         0.11 kB
.svelte-kit/output/server/_app/immutable/assets/Disclosure.BfdGALZ3.css                    0.11 kB
.svelte-kit/output/server/_app/immutable/assets/Sheet.WF98ji7b.css                         0.12 kB
.svelte-kit/output/server/_app/immutable/assets/PhotoChipRow.BTGNYTJS.css                  0.12 kB
.svelte-kit/output/server/_app/immutable/assets/AreaFinish.-OlMNacw.css                    0.12 kB
.svelte-kit/output/server/_app/immutable/assets/_page.CuNQlFjE.css                         0.16 kB
.svelte-kit/output/server/_app/immutable/assets/LockAfterChoice.Ddgi9Atd.css               0.16 kB
.svelte-kit/output/server/_app/immutable/assets/_page.S4ZZ67Tq.css                         0.18 kB
.svelte-kit/output/server/_app/immutable/assets/_page.SMKwTFWO.css                         0.18 kB
.svelte-kit/output/server/_app/immutable/assets/BatchedList.DCwU6d5m.css                   0.18 kB
.svelte-kit/output/server/_app/immutable/assets/recordEditor.C3Tj5awG.css                  0.18 kB
.svelte-kit/output/server/_app/immutable/assets/ChartEmpty.GQUIpUCB.css                    0.21 kB
.svelte-kit/output/server/_app/immutable/assets/_page.Cqpw2BgU.css                         0.22 kB
.svelte-kit/output/server/_app/immutable/assets/ReadReserve.C2LZY4RV.css                   0.23 kB
.svelte-kit/output/server/_app/immutable/assets/_page.eoVubTdL.css                         0.23 kB
.svelte-kit/output/server/_app/immutable/assets/SectionHeading.ID5KBm2j.css                0.28 kB
.svelte-kit/output/server/_app/immutable/assets/DayEntry.Bu5Wbcsl.css                      0.30 kB
.svelte-kit/output/server/_app/immutable/assets/DayStrip.B7QAMYMR.css                      0.30 kB
.svelte-kit/output/server/_app/immutable/assets/PhotoViewer.wiP4e9SP.css                   0.30 kB
.svelte-kit/output/server/_app/immutable/assets/_page.CQw7zpdv.css                         0.33 kB
.svelte-kit/output/server/_app/immutable/assets/_page.CI7QDOx4.css                         0.36 kB
.svelte-kit/output/server/_app/immutable/assets/_page.CXnhmm0l.css                         0.37 kB
.svelte-kit/output/server/_app/immutable/assets/MoodPicker.CvIeG4k5.css                    0.40 kB
.svelte-kit/output/server/_app/immutable/assets/_page.CPhR4P_6.css                         0.41 kB
.svelte-kit/output/server/_app/immutable/assets/_page.h46nGzGy.css                         0.42 kB
.svelte-kit/output/server/_app/immutable/assets/ResurfacedPhoto.BsNd1DnI.css               0.43 kB
.svelte-kit/output/server/_app/immutable/assets/_page.UPdwmlbY.css                         0.45 kB
.svelte-kit/output/server/_app/immutable/assets/_page.BDOcdHut.css                         0.47 kB
.svelte-kit/output/server/_app/immutable/assets/_page.DMTQKXfm.css                         0.52 kB
.svelte-kit/output/server/_app/immutable/assets/_page.BHn5oNMp.css                         0.57 kB
.svelte-kit/output/server/_app/immutable/assets/Slider.BXP1_4jw.css                        0.58 kB
.svelte-kit/output/server/_app/immutable/assets/_page.DuykILfM.css                         0.59 kB
.svelte-kit/output/server/_app/immutable/assets/AccessModeSetup.CY_RCkLZ.css               0.63 kB
.svelte-kit/output/server/_app/immutable/assets/_page.DQaaOZwE.css                         0.65 kB
.svelte-kit/output/server/_app/immutable/assets/ListRow.OT_lYC8_.css                       0.67 kB
.svelte-kit/output/server/_app/immutable/assets/_page.CREmaxDU.css                         0.69 kB
.svelte-kit/output/server/_app/immutable/assets/EntryDays.KFwCzU7O.css                     0.73 kB
.svelte-kit/output/server/_app/immutable/assets/paletteChoices.5eW7Hsp3.css                0.74 kB
.svelte-kit/output/server/_app/immutable/assets/_page.C-zrSfY2.css                         0.77 kB
.svelte-kit/output/server/_app/immutable/assets/BarRows.Bb6BeN1l.css                       0.80 kB
.svelte-kit/output/server/_app/immutable/assets/_page.DMq53CQh.css                         0.99 kB
.svelte-kit/output/server/_app/immutable/assets/PermissionList.BCzL9iFe.css                1.01 kB
.svelte-kit/output/server/_app/immutable/assets/AreaChart.tHrbTiod.css                     1.02 kB
.svelte-kit/output/server/_app/immutable/assets/_page.DPXysF5w.css                         1.04 kB
.svelte-kit/output/server/_app/immutable/assets/SectionJump.1J8E0XY_.css                   1.08 kB
.svelte-kit/output/server/_app/immutable/assets/_page.B53SW1_6.css                         1.12 kB
.svelte-kit/output/server/_app/immutable/assets/Progress.SBS-oeAf.css                      1.17 kB
.svelte-kit/output/server/_app/immutable/assets/VideoNotePlayer.DTdOsAFH.css               1.23 kB
.svelte-kit/output/server/_app/immutable/assets/_page.D7KdTqu1.css                         1.24 kB
.svelte-kit/output/server/_app/immutable/assets/_page.9MbRvaAX.css                         1.31 kB
.svelte-kit/output/server/_app/immutable/assets/_page.kEFcd-Te.css                         1.32 kB
.svelte-kit/output/server/_app/immutable/assets/_page.BnR614Hk.css                         1.34 kB
.svelte-kit/output/server/_app/immutable/assets/_page.Bn9GCQXX.css                         1.48 kB
.svelte-kit/output/server/_app/immutable/assets/MarginNotes.DlJD_wR_.css                   1.49 kB
.svelte-kit/output/server/_app/immutable/assets/_page.DS_vwP0z.css                         1.57 kB
.svelte-kit/output/server/_app/immutable/assets/_page.DBU3SNN6.css                         1.84 kB
.svelte-kit/output/server/_app/immutable/assets/_page.UXCVPqfq.css                         1.98 kB
.svelte-kit/output/server/_app/immutable/assets/_page.CFYcMjKX.css                         2.01 kB
.svelte-kit/output/server/_app/immutable/assets/_page.4n3QXRvz.css                         2.22 kB
.svelte-kit/output/server/_app/immutable/assets/MediaTransport.BN9-jv-w.css                2.38 kB
.svelte-kit/output/server/_app/immutable/assets/_page.DFMeOLli.css                         2.43 kB
.svelte-kit/output/server/_app/immutable/assets/LetterCard.Di-Uw7Zp.css                    2.45 kB
.svelte-kit/output/server/_app/immutable/assets/MonthJump.C0m-qm19.css                     2.45 kB
.svelte-kit/output/server/_app/immutable/assets/_page.CoKWfiC3.css                         2.52 kB
.svelte-kit/output/server/_app/immutable/assets/InjectionSiteMap.DHQEH5rW.css              2.92 kB
.svelte-kit/output/server/_app/immutable/assets/_page.DnvLKmo_.css                         3.03 kB
.svelte-kit/output/server/_app/immutable/assets/PhotoWipe.DKQOpbK5.css                     3.06 kB
.svelte-kit/output/server/_app/immutable/assets/_page.DKcmTNrm.css                         3.15 kB
.svelte-kit/output/server/_app/immutable/assets/_page.DF-lNooU.css                         3.17 kB
.svelte-kit/output/server/_app/immutable/assets/_page.Dy3w9UT7.css                         3.24 kB
.svelte-kit/output/server/_app/immutable/assets/_page.3q4PdC6L.css                         3.93 kB
.svelte-kit/output/server/_app/immutable/assets/_page.2NQjQ2Rh.css                         5.62 kB
.svelte-kit/output/server/_app/immutable/assets/_page.DYpW2GYQ.css                         5.75 kB
.svelte-kit/output/server/_app/immutable/assets/_page.iQZQGxvD.css                         5.81 kB
.svelte-kit/output/server/_app/immutable/assets/_page.BpFVhXVZ.css                         6.10 kB
.svelte-kit/output/server/_app/immutable/assets/_page.C7cKrYpr.css                         6.52 kB
.svelte-kit/output/server/_app/immutable/assets/_page.DkYsTFo2.css                         7.05 kB
.svelte-kit/output/server/_app/immutable/assets/EntryEditor.-FnDDmSr.css                   7.12 kB
.svelte-kit/output/server/_app/immutable/assets/_page.DULtU1Sy.css                         8.10 kB
.svelte-kit/output/server/_app/immutable/assets/_page.bo3SwQBz.css                         8.83 kB
.svelte-kit/output/server/_app/immutable/assets/_page.BLG8eB3C.css                        10.45 kB
.svelte-kit/output/server/_app/immutable/assets/PairedDots.ymNTlWXs.css                   11.18 kB
.svelte-kit/output/server/_app/immutable/assets/_layout.B6nbkXlZ.css                     124.72 kB
.svelte-kit/output/server/chunks/PickerHost.svelte_svelte_type_style_lang.js               0.00 kB
.svelte-kit/output/server/entries/pages/_layout.ts.js                                      0.08 kB
.svelte-kit/output/server/entries/pages/doses/_page.ts.js                                  0.08 kB
.svelte-kit/output/server/entries/pages/timeline/_page.ts.js                               0.08 kB
.svelte-kit/output/server/entries/pages/body/sizes/_page.ts.js                             0.08 kB
.svelte-kit/output/server/entries/pages/doubt/moments/_page.ts.js                          0.08 kB
.svelte-kit/output/server/entries/pages/doubt/readings/_page.ts.js                         0.08 kB
.svelte-kit/output/server/entries/pages/health/appointment-prep/_page.ts.js                0.08 kB
.svelte-kit/output/server/entries/pages/health/side-effects/_page.ts.js                    0.08 kB
.svelte-kit/output/server/entries/pages/practice/entry-templates/_page.ts.js               0.08 kB
.svelte-kit/output/server/entries/pages/practice/personal-effects/_page.ts.js              0.08 kB
.svelte-kit/output/server/entries/pages/practice/resources/_page.ts.js                     0.08 kB
.svelte-kit/output/server/entries/pages/practice/voice/_page.ts.js                         0.08 kB
.svelte-kit/output/server/entries/pages/practice/wear/_page.ts.js                          0.08 kB
.svelte-kit/output/server/entries/pages/search/questions/_page.ts.js                       0.08 kB
.svelte-kit/output/server/entries/pages/search/starred/_page.ts.js                         0.08 kB
.svelte-kit/output/server/entries/pages/settings/appointment-prep/_page.ts.js              0.08 kB
.svelte-kit/output/server/entries/pages/settings/clinician-summary/_page.ts.js             0.08 kB
.svelte-kit/output/server/entries/pages/settings/cycle-events/_page.ts.js                  0.08 kB
.svelte-kit/output/server/entries/pages/settings/dilation/_page.ts.js                      0.08 kB
.svelte-kit/output/server/entries/pages/settings/entry-templates/_page.ts.js               0.08 kB
.svelte-kit/output/server/entries/pages/settings/exposure/_page.ts.js                      0.08 kB
.svelte-kit/output/server/entries/pages/settings/hair-progress/_page.ts.js                 0.08 kB
.svelte-kit/output/server/entries/pages/settings/hair-removal/_page.ts.js                  0.08 kB
.svelte-kit/output/server/entries/pages/settings/hormone-curve/_page.ts.js                 0.08 kB
.svelte-kit/output/server/entries/pages/settings/journey-anchor/_page.ts.js                0.08 kB
.svelte-kit/output/server/entries/pages/settings/labs/_page.ts.js                          0.08 kB
.svelte-kit/output/server/entries/pages/settings/letters/_page.ts.js                       0.08 kB
.svelte-kit/output/server/entries/pages/settings/live-tiles/_page.ts.js                    0.08 kB
.svelte-kit/output/server/entries/pages/settings/measurements/_page.ts.js                  0.08 kB
.svelte-kit/output/server/entries/pages/settings/milestones/_page.ts.js                    0.08 kB
.svelte-kit/output/server/entries/pages/settings/personal-effects/_page.ts.js              0.08 kB
.svelte-kit/output/server/entries/pages/settings/photos/_page.ts.js                        0.08 kB
.svelte-kit/output/server/entries/pages/settings/presentations/_page.ts.js                 0.08 kB
.svelte-kit/output/server/entries/pages/settings/regimen/_page.ts.js                       0.08 kB
.svelte-kit/output/server/entries/pages/settings/resources/_page.ts.js                     0.08 kB
.svelte-kit/output/server/entries/pages/settings/roadmap/_page.ts.js                       0.08 kB
.svelte-kit/output/server/entries/pages/settings/side-effects/_page.ts.js                  0.08 kB
.svelte-kit/output/server/entries/pages/settings/sizes/_page.ts.js                         0.08 kB
.svelte-kit/output/server/entries/pages/settings/stock/_page.ts.js                         0.08 kB
.svelte-kit/output/server/entries/pages/settings/surgery/_page.ts.js                       0.08 kB
.svelte-kit/output/server/entries/pages/settings/tryouts/_page.ts.js                       0.08 kB
.svelte-kit/output/server/entries/pages/settings/voice/_page.ts.js                         0.08 kB
.svelte-kit/output/server/entries/pages/settings/wear/_page.ts.js                          0.08 kB
.svelte-kit/output/server/entries/pages/transition/eras/_page.ts.js                        0.08 kB
.svelte-kit/output/server/entries/pages/transition/presentations/_page.ts.js               0.08 kB
.svelte-kit/output/server/entries/pages/transition/words/_page.ts.js                       0.08 kB
.svelte-kit/output/server/entries/pages/media/voice/memos/_page.ts.js                      0.09 kB
.svelte-kit/output/server/entries/pages/practice/voice/metrics/_page.ts.js                 0.09 kB
.svelte-kit/output/server/entries/pages/settings/letters/_id_/_page.ts.js                  0.09 kB
.svelte-kit/output/server/entries/pages/settings/photos/export/_page.ts.js                 0.09 kB
.svelte-kit/output/server/entries/pages/settings/tryouts/_id_/_page.ts.js                  0.09 kB
.svelte-kit/output/server/entries/pages/settings/voice/memos/_page.ts.js                   0.09 kB
.svelte-kit/output/server/entries/pages/settings/voice/metrics/_page.ts.js                 0.09 kB
.svelte-kit/output/server/chunks/activeFlag.svelte.js                                      0.10 kB
.svelte-kit/output/server/chunks/detailDraft.js                                            0.12 kB
.svelte-kit/output/server/chunks/sealedUntil.js                                            0.13 kB
.svelte-kit/output/server/chunks/android-bridge2.js                                        0.13 kB
.svelte-kit/output/server/chunks/android-bridge3.js                                        0.14 kB
.svelte-kit/output/server/chunks/rowIcon.js                                                0.15 kB
.svelte-kit/output/server/chunks/today.svelte.js                                           0.15 kB
.svelte-kit/output/server/chunks/garmentCategories.js                                      0.17 kB
.svelte-kit/output/server/chunks/indicator.js                                              0.18 kB
.svelte-kit/output/server/chunks/android-bridge.js                                         0.19 kB
.svelte-kit/output/server/chunks/hairRemovalAreas.js                                       0.19 kB
.svelte-kit/output/server/chunks/ui.svelte.js                                              0.19 kB
.svelte-kit/output/server/chunks/index-server2.js                                          0.20 kB
.svelte-kit/output/server/chunks/index-server.js                                           0.22 kB
.svelte-kit/output/server/chunks/UpdateNotice.js                                           0.23 kB
.svelte-kit/output/server/env.js                                                           0.23 kB
.svelte-kit/output/server/chunks/container.svelte.js                                       0.25 kB
.svelte-kit/output/server/entries/hooks.server.js                                          0.25 kB
.svelte-kit/output/server/chunks/smart-back.js                                             0.25 kB
.svelte-kit/output/server/chunks/identity.js                                               0.26 kB
.svelte-kit/output/server/chunks/platform.js                                               0.28 kB
.svelte-kit/output/server/chunks/autoSource.js                                             0.29 kB
.svelte-kit/output/server/chunks/channel-timeout.js                                        0.29 kB
.svelte-kit/output/server/chunks/client.js                                                 0.31 kB
.svelte-kit/output/server/internal.js                                                      0.36 kB
.svelte-kit/output/server/entries/fallbacks/error.svelte.js                                0.39 kB
.svelte-kit/output/server/chunks/role.js                                                   0.40 kB
.svelte-kit/output/server/chunks/counterevidence.js                                        0.40 kB
.svelte-kit/output/server/chunks/playback.js                                               0.41 kB
.svelte-kit/output/server/entries/pages/entry/_id_/_page.svelte.js                         0.41 kB
.svelte-kit/output/server/chunks/flagSun.js                                                0.42 kB
.svelte-kit/output/server/chunks/state.svelte.js                                           0.43 kB
.svelte-kit/output/server/chunks/adoptionMood.js                                           0.46 kB
.svelte-kit/output/server/chunks/FieldGroupHeading.js                                      0.46 kB
.svelte-kit/output/server/chunks/back.js                                                   0.47 kB
.svelte-kit/output/server/chunks/mood.js                                                   0.47 kB
.svelte-kit/output/server/chunks/skip.js                                                   0.47 kB
.svelte-kit/output/server/chunks/done.js                                                   0.47 kB
.svelte-kit/output/server/chunks/today.js                                                  0.48 kB
.svelte-kit/output/server/chunks/entry.js                                                  0.48 kB
.svelte-kit/output/server/chunks/saved.js                                                  0.48 kB
.svelte-kit/output/server/chunks/cancel.js                                                 0.49 kB
.svelte-kit/output/server/chunks/search.js                                                 0.49 kB
.svelte-kit/output/server/chunks/dismiss.js                                                0.49 kB
.svelte-kit/output/server/chunks/not_now.js                                                0.49 kB
.svelte-kit/output/server/chunks/wrapped.js                                                0.49 kB
.svelte-kit/output/server/chunks/keep_it.js                                                0.49 kB
.svelte-kit/output/server/chunks/regimen.js                                                0.49 kB
.svelte-kit/output/server/chunks/app_name.js                                               0.50 kB
.svelte-kit/output/server/chunks/dilation.js                                               0.50 kB
.svelte-kit/output/server/chunks/size_log.js                                               0.50 kB
.svelte-kit/output/server/chunks/vb_hz.js                                                  0.51 kB
.svelte-kit/output/server/chunks/vb_title.js                                               0.51 kB
.svelte-kit/output/server/chunks/reminders.js                                              0.51 kB
.svelte-kit/output/server/chunks/dose_save.js                                              0.51 kB
.svelte-kit/output/server/chunks/new_entry.js                                              0.51 kB
.svelte-kit/output/server/chunks/eras_title.js                                             0.51 kB
.svelte-kit/output/server/chunks/milestones.js                                             0.52 kB
.svelte-kit/output/server/chunks/trash_title.js                                            0.52 kB
.svelte-kit/output/server/chunks/pdf-floor.js                                              0.52 kB
.svelte-kit/output/server/chunks/cycleTracking.js                                          0.53 kB
.svelte-kit/output/server/chunks/on_this_day.js                                            0.53 kB
.svelte-kit/output/server/chunks/lab_results.js                                            0.53 kB
.svelte-kit/output/server/chunks/manage_tags.js                                            0.53 kB
.svelte-kit/output/server/chunks/cycle_events.js                                           0.53 kB
.svelte-kit/output/server/chunks/apart_suffix.js                                           0.53 kB
.svelte-kit/output/server/chunks/tryout_title.js                                           0.53 kB
.svelte-kit/output/server/chunks/nav_calendar.js                                           0.53 kB
.svelte-kit/output/server/chunks/nav_settings.js                                           0.53 kB
.svelte-kit/output/server/chunks/nav_lookback.js                                           0.53 kB
.svelte-kit/output/server/chunks/stock_title.js                                            0.53 kB
.svelte-kit/output/server/chunks/disguise_name.js                                          0.53 kB
.svelte-kit/output/server/chunks/side_effects.js                                           0.53 kB
.svelte-kit/output/server/chunks/unstar_photo.js                                           0.53 kB
.svelte-kit/output/server/chunks/doses_add_aria.js                                         0.54 kB
.svelte-kit/output/server/chunks/notif_title.js                                            0.54 kB
.svelte-kit/output/server/chunks/cd_range_label.js                                         0.54 kB
.svelte-kit/output/server/chunks/list_more.js                                              0.54 kB
.svelte-kit/output/server/chunks/checkin_title.js                                          0.54 kB
.svelte-kit/output/server/chunks/record_deleted.js                                         0.54 kB
.svelte-kit/output/server/chunks/export_import.js                                          0.54 kB
.svelte-kit/output/server/chunks/index.js                                                  0.54 kB
.svelte-kit/output/server/chunks/photo_day_label.js                                        0.55 kB
.svelte-kit/output/server/chunks/dose_unit_label.js                                        0.55 kB
.svelte-kit/output/server/chunks/roadmap_title.js                                          0.55 kB
.svelte-kit/output/server/chunks/vb_screen_title.js                                        0.55 kB
.svelte-kit/output/server/chunks/letters_title.js                                          0.55 kB
.svelte-kit/output/server/chunks/ms_default_name.js                                        0.55 kB
.svelte-kit/output/server/chunks/documents_title.js                                        0.55 kB
.svelte-kit/output/server/chunks/write_failed.js                                           0.55 kB
.svelte-kit/output/server/chunks/progress_photos.js                                        0.56 kB
.svelte-kit/output/server/chunks/safe_space_title.js                                       0.56 kB
.svelte-kit/output/server/chunks/dose_amount_label.js                                      0.56 kB
.svelte-kit/output/server/chunks/writeOutcome.js                                           0.56 kB
.svelte-kit/output/server/chunks/values_title.js                                           0.56 kB
.svelte-kit/output/server/chunks/pp_change_title.js                                        0.56 kB
.svelte-kit/output/server/chunks/stats_range_group.js                                      0.56 kB
.svelte-kit/output/server/chunks/tally_trend_title.js                                      0.56 kB
.svelte-kit/output/server/chunks/resources_title.js                                        0.56 kB
.svelte-kit/output/server/chunks/am_setup_title.js                                         0.56 kB
.svelte-kit/output/server/chunks/presentation_label.js                                     0.57 kB
.svelte-kit/output/server/chunks/in_the_room_title.js                                      0.57 kB
.svelte-kit/output/server/chunks/effects_timeline.js                                       0.57 kB
.svelte-kit/output/server/chunks/settings_lock_row.js                                      0.57 kB
.svelte-kit/output/server/entries/pages/_layout.svelte.js                                  0.57 kB
.svelte-kit/output/server/chunks/doses_empty_action.js                                     0.57 kB
.svelte-kit/output/server/chunks/ListCard.js                                               0.57 kB
.svelte-kit/output/server/chunks/appointments_title.js                                     0.58 kB
.svelte-kit/output/server/chunks/surgery_date_label.js                                     0.58 kB
.svelte-kit/output/server/chunks/body_regions_group.js                                     0.58 kB
.svelte-kit/output/server/chunks/presentations_title.js                                    0.58 kB
.svelte-kit/output/server/chunks/batchedList2.js                                           0.58 kB
.svelte-kit/output/server/chunks/comfort_list_title.js                                     0.58 kB
.svelte-kit/output/server/chunks/tryout_feeling_save.js                                    0.58 kB
.svelte-kit/output/server/chunks/words_ignored_title.js                                    0.58 kB
.svelte-kit/output/server/chunks/progress_percent.js                                       0.58 kB
.svelte-kit/output/server/chunks/wrapped_stat_entries.js                                   0.58 kB
.svelte-kit/output/server/chunks/hair_other_unwritten.js                                   0.59 kB
.svelte-kit/output/server/chunks/appointments_untitled.js                                  0.60 kB
.svelte-kit/output/server/chunks/surgery_journey_title.js                                  0.60 kB
.svelte-kit/output/server/chunks/SaveBar.js                                                0.60 kB
.svelte-kit/output/server/chunks/affirmations_row_title.js                                 0.60 kB
.svelte-kit/output/server/chunks/body_regions_row_title.js                                 0.60 kB
.svelte-kit/output/server/chunks/clinician_summary_row.js                                  0.61 kB
.svelte-kit/output/server/chunks/journaling_pause_title.js                                 0.61 kB
.svelte-kit/output/server/chunks/recap_tag_count.js                                        0.61 kB
.svelte-kit/output/server/chunks/wear_session_stop_action.js                               0.61 kB
.svelte-kit/output/server/chunks/appointment_prep_title.js                                 0.61 kB
.svelte-kit/output/server/chunks/measurements_and_sizes.js                                 0.61 kB
.svelte-kit/output/server/chunks/calendar_handoff_button.js                                0.61 kB
.svelte-kit/output/server/chunks/surgery_day_unscheduled.js                                0.62 kB
.svelte-kit/output/server/chunks/adherence_nothing_logged.js                               0.62 kB
.svelte-kit/output/server/chunks/server.js                                                 0.62 kB
.svelte-kit/output/server/chunks/wear_session_start_action.js                              0.63 kB
.svelte-kit/output/server/chunks/dose_injection_site_label.js                              0.63 kB
.svelte-kit/output/server/chunks/backupHealth.js                                           0.63 kB
.svelte-kit/output/server/chunks/search_elsewhere_heading.js                               0.63 kB
.svelte-kit/output/server/chunks/source_record_unavailable.js                              0.64 kB
.svelte-kit/output/server/chunks/roadmap_reviewed_on.js                                    0.64 kB
.svelte-kit/output/server/chunks/look_back_letter_written.js                               0.64 kB
.svelte-kit/output/server/chunks/appointment_prep_add_button.js                            0.65 kB
.svelte-kit/output/server/chunks/safe_space_counterevidence_title.js                       0.67 kB
.svelte-kit/output/server/chunks/wear_session_duration_hm.js                               0.67 kB
.svelte-kit/output/server/chunks/recap_custom_range_required.js                            0.68 kB
.svelte-kit/output/server/chunks/areaLabels.js                                             0.70 kB
.svelte-kit/output/server/chunks/PrintLetterhead.js                                        0.71 kB
.svelte-kit/output/server/chunks/utils.js                                                  0.72 kB
.svelte-kit/output/server/chunks/dayParam.js                                               0.73 kB
.svelte-kit/output/server/chunks/wordIgnore.js                                             0.73 kB
.svelte-kit/output/server/chunks/datePicker2.js                                            0.74 kB
.svelte-kit/output/server/chunks/journalingPause.js                                        0.77 kB
.svelte-kit/output/server/chunks/entryPresentation.js                                      0.79 kB
.svelte-kit/output/server/chunks/safeSpaceNudge.js                                         0.80 kB
.svelte-kit/output/server/chunks/PairedDots.svelte_svelte_type_style_lang.js               0.82 kB
.svelte-kit/output/server/chunks/searchReturn.js                                           0.82 kB
.svelte-kit/output/server/chunks/EmptyState.js                                             0.85 kB
.svelte-kit/output/server/chunks/ChartEmpty.js                                             0.86 kB
.svelte-kit/output/server/chunks/n_entries.js                                              0.87 kB
.svelte-kit/output/server/chunks/entrySections.js                                          0.88 kB
.svelte-kit/output/server/chunks/homeReserve.js                                            0.89 kB
.svelte-kit/output/server/chunks/VoicePlayer.js                                            0.89 kB
.svelte-kit/output/server/chunks/Switch.js                                                 0.89 kB
.svelte-kit/output/server/chunks/n_days.js                                                 0.92 kB
.svelte-kit/output/server/chunks/attempt.svelte.js                                         0.94 kB
.svelte-kit/output/server/chunks/imp_log_n_milestones.js                                   0.96 kB
.svelte-kit/output/server/chunks/milestoneStatus.js                                        0.97 kB
.svelte-kit/output/server/chunks/MediaTransport.svelte_svelte_type_style_lang.js           0.98 kB
.svelte-kit/output/server/chunks/areaState.js                                              0.98 kB
.svelte-kit/output/server/chunks/FlagSun2.js                                               0.99 kB
.svelte-kit/output/server/chunks/inTheRoom.js                                              0.99 kB
.svelte-kit/output/server/chunks/metricRange.js                                            1.00 kB
.svelte-kit/output/server/chunks/hairStageScales.js                                        1.00 kB
.svelte-kit/output/server/chunks/tags_label.js                                             1.01 kB
.svelte-kit/output/server/chunks/tags_hidden.js                                            1.02 kB
.svelte-kit/output/server/chunks/read_retry.js                                             1.03 kB
.svelte-kit/output/server/chunks/add_photo_camera.js                                       1.03 kB
.svelte-kit/output/server/chunks/ms_name_label.js                                          1.03 kB
.svelte-kit/output/server/chunks/dose_time_label.js                                        1.05 kB
.svelte-kit/output/server/chunks/lookBackSpan.js                                           1.06 kB
.svelte-kit/output/server/chunks/curve_title.js                                            1.07 kB
.svelte-kit/output/server/chunks/entryTemplates.js                                         1.07 kB
.svelte-kit/output/server/chunks/ChoiceChips.js                                            1.08 kB
.svelte-kit/output/server/chunks/toasts.svelte.js                                          1.10 kB
.svelte-kit/output/server/chunks/measurement_unit_in.js                                    1.11 kB
.svelte-kit/output/server/chunks/ms_photo_label.js                                         1.11 kB
.svelte-kit/output/server/chunks/voicePracticeTakes.js                                     1.12 kB
.svelte-kit/output/server/chunks/debrief_offer_write.js                                    1.15 kB
.svelte-kit/output/server/chunks/tryout_feeling_note_placeholder.js                        1.16 kB
.svelte-kit/output/server/chunks/eras_empty_title.js                                       1.16 kB
.svelte-kit/output/server/chunks/tally_misgendered.js                                      1.16 kB
.svelte-kit/output/server/chunks/letters_sealed_until.js                                   1.17 kB
.svelte-kit/output/server/chunks/cycle_event_kind_label.js                                 1.17 kB
.svelte-kit/output/server/chunks/intervalMoodPattern.js                                    1.17 kB
.svelte-kit/output/server/chunks/WrappedCard.js                                            1.17 kB
.svelte-kit/output/server/chunks/resurfacing.js                                            1.18 kB
.svelte-kit/output/server/chunks/recap_custom_start_label.js                               1.18 kB
.svelte-kit/output/server/chunks/RiveSlot.js                                               1.19 kB
.svelte-kit/output/server/chunks/photo_heic.js                                             1.21 kB
.svelte-kit/output/server/chunks/wrapped2.js                                               1.21 kB
.svelte-kit/output/server/chunks/tokens.js                                                 1.24 kB
.svelte-kit/output/server/chunks/dayRangeOptions.js                                        1.24 kB
.svelte-kit/output/server/chunks/wear_session_running_since.js                             1.24 kB
.svelte-kit/output/server/chunks/area_suspend_done_title.js                                1.25 kB
.svelte-kit/output/server/chunks/compareStretch.js                                         1.28 kB
.svelte-kit/output/server/chunks/adherence_slot_numbered.js                                1.29 kB
.svelte-kit/output/server/chunks/scroll-region.js                                          1.30 kB
.svelte-kit/output/server/chunks/Field.js                                                  1.30 kB
.svelte-kit/output/server/chunks/Disclosure.js                                             1.30 kB
.svelte-kit/output/server/chunks/taperSchedule.js                                          1.30 kB
.svelte-kit/output/server/chunks/Skeleton.js                                               1.32 kB
.svelte-kit/output/server/chunks/bodyMap.js                                                1.34 kB
.svelte-kit/output/server/chunks/ChartCard.js                                              1.36 kB
.svelte-kit/output/server/chunks/reset_offer_archive_password.js                           1.36 kB
.svelte-kit/output/server/chunks/hormoneTestosteroneEster.js                               1.41 kB
.svelte-kit/output/server/chunks/savedQuestions.js                                         1.43 kB
.svelte-kit/output/server/chunks/letterRetrospective.js                                    1.48 kB
.svelte-kit/output/server/chunks/recordEditor.js                                           1.50 kB
.svelte-kit/output/server/chunks/wear_log.js                                               1.51 kB
.svelte-kit/output/server/chunks/moodMagnifier.svelte.js                                   1.54 kB
.svelte-kit/output/server/chunks/TimePicker.js                                             1.65 kB
.svelte-kit/output/server/chunks/compareStretchLink.svelte.js                              1.70 kB
.svelte-kit/output/server/chunks/surgery_day_upcoming.js                                   1.70 kB
.svelte-kit/output/server/chunks/comfortItems.js                                           1.72 kB
.svelte-kit/output/server/chunks/imp_password_placeholder.js                               1.76 kB
.svelte-kit/output/server/chunks/side_effect_severity_label.js                             1.76 kB
.svelte-kit/output/server/chunks/photoSection.svelte.js                                    1.78 kB
.svelte-kit/output/server/chunks/rowForwardReads.js                                        1.79 kB
.svelte-kit/output/server/chunks/sourceRecord.js                                           1.80 kB
.svelte-kit/output/server/chunks/recoveryDay.js                                            1.88 kB
.svelte-kit/output/server/chunks/DatePicker.js                                             1.93 kB
.svelte-kit/output/server/chunks/LockAfterChoice.js                                        1.93 kB
.svelte-kit/output/server/chunks/dayAheadRows.js                                           1.95 kB
.svelte-kit/output/server/chunks/MoodPicker.js                                             1.98 kB
.svelte-kit/output/server/chunks/labTiming.js                                              2.18 kB
.svelte-kit/output/server/chunks/ChartPicker.js                                            2.22 kB
.svelte-kit/output/server/chunks/surgery_notes_title.js                                    2.23 kB
.svelte-kit/output/server/chunks/eras.js                                                   2.25 kB
.svelte-kit/output/server/chunks/LinkedDocuments.js                                        2.25 kB
.svelte-kit/output/server/chunks/FeltSenseOfferSheet.js                                    2.26 kB
.svelte-kit/output/server/chunks/intervalMoodPattern2.js                                   2.32 kB
.svelte-kit/output/server/entries/pages/entry/new/_day_/_page.svelte.js                    2.32 kB
.svelte-kit/output/server/chunks/wrapped_unknown_title.js                                  2.34 kB
.svelte-kit/output/server/chunks/photoLibrary.js                                           2.37 kB
.svelte-kit/output/server/chunks/UnreadableJournalWayOut.js                                2.37 kB
.svelte-kit/output/server/chunks/roles.js                                                  2.38 kB
.svelte-kit/output/server/chunks/PhotoViewer.js                                            2.41 kB
.svelte-kit/output/server/chunks/doubtJournal.js                                           2.44 kB
.svelte-kit/output/server/entries/pages/settings/permissions/_page.svelte.js               2.54 kB
.svelte-kit/output/server/chunks/SourceRecordHandoff.js                                    2.56 kB
.svelte-kit/output/server/chunks/leaveGuard.svelte.js                                      2.58 kB
.svelte-kit/output/server/chunks/SectionHeading.js                                         2.60 kB
.svelte-kit/output/server/chunks/countUp.js                                                2.64 kB
.svelte-kit/output/server/chunks/detailDraft.svelte.js                                     2.66 kB
.svelte-kit/output/server/chunks/labs_value_label.js                                       2.69 kB
.svelte-kit/output/server/chunks/DimensionSlider.js                                        2.69 kB
.svelte-kit/output/server/chunks/SchemaTooNew.js                                           2.70 kB
.svelte-kit/output/server/chunks/rem_web_list_note.js                                      2.70 kB
.svelte-kit/output/server/chunks/regimen_route_label.js                                    2.73 kB
.svelte-kit/output/server/chunks/settings_backup_none.js                                   2.74 kB
.svelte-kit/output/server/chunks/PinEntry.js                                               2.76 kB
.svelte-kit/output/server/chunks/PhotoThumb.js                                             2.77 kB
.svelte-kit/output/server/chunks/journalBook.js                                            2.77 kB
.svelte-kit/output/server/chunks/reminderRule.js                                           2.83 kB
.svelte-kit/output/server/chunks/progress.svelte.js                                        2.88 kB
.svelte-kit/output/server/chunks/fileOwnership.js                                          2.95 kB
.svelte-kit/output/server/chunks/areaGroups.js                                             2.95 kB
.svelte-kit/output/server/chunks/SectionJump.js                                            2.98 kB
.svelte-kit/output/server/chunks/roadmap.js                                                2.99 kB
.svelte-kit/output/server/chunks/recoveryKeyPresence.svelte.js                             3.00 kB
.svelte-kit/output/server/chunks/movedAddresses.js                                         3.08 kB
.svelte-kit/output/server/chunks/LookBackLetterCard.js                                     3.08 kB
.svelte-kit/output/server/chunks/HostedRows.js                                             3.13 kB
.svelte-kit/output/server/chunks/ConfirmDeleteSheet.js                                     3.16 kB
.svelte-kit/output/server/chunks/Notice.js                                                 3.18 kB
.svelte-kit/output/server/chunks/letterStatus.js                                           3.20 kB
.svelte-kit/output/server/chunks/Sheet.js                                                  3.20 kB
.svelte-kit/output/server/chunks/grain.js                                                  3.21 kB
.svelte-kit/output/server/chunks/pinnedRows.js                                             3.27 kB
.svelte-kit/output/server/chunks/wrappedRange.js                                           3.30 kB
.svelte-kit/output/server/chunks/support.js                                                3.39 kB
.svelte-kit/output/server/chunks/plugin-registry.js                                        3.41 kB
.svelte-kit/output/server/chunks/labContextLabel.js                                        3.41 kB
.svelte-kit/output/server/chunks/Progress.js                                               3.41 kB
.svelte-kit/output/server/chunks/DiscardSheet.js                                           3.42 kB
.svelte-kit/output/server/chunks/ScreenHeader.js                                           3.48 kB
.svelte-kit/output/server/chunks/TagPicker.js                                              3.53 kB
.svelte-kit/output/server/chunks/StarredPhotoGrid.svelte_svelte_type_style_lang.js         3.54 kB
.svelte-kit/output/server/entries/pages/transition/letters/_id_/_page.svelte.js            3.56 kB
.svelte-kit/output/server/chunks/Mark.js                                                   3.59 kB
.svelte-kit/output/server/chunks/clinicianSummaryData.js                                   3.64 kB
.svelte-kit/output/server/chunks/PhotoChipRow.js                                           3.68 kB
.svelte-kit/output/server/chunks/PresentationChipRow.js                                    3.83 kB
.svelte-kit/output/server/chunks/dates.js                                                  4.09 kB
.svelte-kit/output/server/chunks/EntryDays.js                                              4.21 kB
.svelte-kit/output/server/entries/pages/stats/_page.svelte.js                              4.26 kB
.svelte-kit/output/server/chunks/BatchedList.js                                            4.29 kB
.svelte-kit/output/server/chunks/wrappedDisplay.js                                         4.36 kB
.svelte-kit/output/server/chunks/annotations.js                                            4.40 kB
.svelte-kit/output/server/chunks/hormoneDrug.js                                            4.40 kB
.svelte-kit/output/server/chunks/Segmented.js                                              4.70 kB
.svelte-kit/output/server/chunks/ReadGate.js                                               4.71 kB
.svelte-kit/output/server/chunks/reconcile.js                                              4.74 kB
.svelte-kit/output/server/chunks/reorder.svelte.js                                         4.87 kB
.svelte-kit/output/server/chunks/PhotoSection.js                                           4.95 kB
.svelte-kit/output/server/chunks/Slider.js                                                 5.00 kB
.svelte-kit/output/server/chunks/ReadReserve.js                                            5.05 kB
.svelte-kit/output/server/chunks/clinicianSummary.js                                       5.06 kB
.svelte-kit/output/server/chunks/appointments.js                                           5.15 kB
.svelte-kit/output/server/chunks/PhotoDayPromptSheet.js                                    5.24 kB
.svelte-kit/output/server/chunks/stockProjection.js                                        5.28 kB
.svelte-kit/output/server/chunks/MoodFace.js                                               5.46 kB
.svelte-kit/output/server/chunks/CalendarHandoffSheet.js                                   5.48 kB
.svelte-kit/output/server/chunks/careSpine.js                                              5.55 kB
.svelte-kit/output/server/chunks/exports.js                                                5.57 kB
.svelte-kit/output/server/chunks/correlationCards.js                                       5.58 kB
.svelte-kit/output/server/entries/pages/settings/passphrase/_page.svelte.js                5.65 kB
.svelte-kit/output/server/chunks/store.svelte.js                                           6.14 kB
.svelte-kit/output/server/entries/pages/settings/words/_page.svelte.js                     6.19 kB
.svelte-kit/output/server/chunks/mapChannels.js                                            6.46 kB
.svelte-kit/output/server/chunks/trackAndGraph.js                                          6.62 kB
.svelte-kit/output/server/chunks/epochDay.js                                               6.67 kB
.svelte-kit/output/server/chunks/provenance.js                                             6.68 kB
.svelte-kit/output/server/entries/pages/settings/licences/_page.svelte.js                  6.75 kB
.svelte-kit/output/server/chunks/photos.js                                                 6.92 kB
.svelte-kit/output/server/chunks/hormoneCurveQualitative.js                                7.11 kB
.svelte-kit/output/server/chunks/photoLibraryLabels.js                                     7.23 kB
.svelte-kit/output/server/entries/pages/settings/trash/_page.svelte.js                     7.32 kB
.svelte-kit/output/server/chunks/BarRows.js                                                7.39 kB
.svelte-kit/output/server/entries/pages/settings/security/_page.svelte.js                  7.55 kB
.svelte-kit/output/server/chunks/restore.js                                                7.74 kB
.svelte-kit/output/server/chunks/DayStrip.js                                               8.32 kB
.svelte-kit/output/server/chunks/hormoneCurve2.js                                          8.61 kB
.svelte-kit/output/server/chunks/wrapEncoding.js                                           8.61 kB
.svelte-kit/output/server/chunks/wearSessions.js                                           8.88 kB
.svelte-kit/output/server/chunks/MarginNotes.js                                            9.14 kB
.svelte-kit/output/server/chunks/photoReview.svelte.js                                     9.29 kB
.svelte-kit/output/server/entries/pages/wrapped/_cadence_/share/_page.svelte.js            9.45 kB
.svelte-kit/output/server/chunks/entryTags.js                                              9.49 kB
.svelte-kit/output/server/chunks/LetterCard.js                                             9.68 kB
.svelte-kit/output/server/chunks/searchHitRows.js                                          9.79 kB
.svelte-kit/output/server/chunks/ListRow.js                                                9.95 kB
.svelte-kit/output/server/chunks/stockLabel.js                                            10.11 kB
.svelte-kit/output/server/chunks/procedures.js                                            10.29 kB
.svelte-kit/output/server/chunks/VideoNotePlayer.js                                       10.31 kB
.svelte-kit/output/server/entries/pages/settings/dimension/_page.svelte.js                10.35 kB
.svelte-kit/output/server/chunks/dayAxisLabel.js                                          10.54 kB
.svelte-kit/output/server/chunks/builtins.js                                              10.57 kB
.svelte-kit/output/server/chunks/recordEditor.svelte.js                                   10.72 kB
.svelte-kit/output/server/chunks/documents.js                                             11.15 kB
.svelte-kit/output/server/chunks/journal-passphrase.js                                    11.29 kB
.svelte-kit/output/server/chunks/Tree.svelte.js                                           11.48 kB
.svelte-kit/output/server/chunks/chartAnnotations.js                                      11.87 kB
.svelte-kit/output/server/chunks/container.js                                             12.02 kB
.svelte-kit/output/server/chunks/documentTargets.svelte.js                                12.27 kB
.svelte-kit/output/server/chunks/PhotoWipe.js                                             12.87 kB
.svelte-kit/output/server/entries/pages/settings/journaling-pause/_page.svelte.js         12.91 kB
.svelte-kit/output/server/chunks/picker.js                                                12.93 kB
.svelte-kit/output/server/entries/pages/on-this-day/_page.svelte.js                       13.26 kB
.svelte-kit/output/server/entries/pages/doubt/evidence/_page.svelte.js                    13.45 kB
.svelte-kit/output/server/entries/pages/health/appointments/in-the-room/_page.svelte.js   13.86 kB
.svelte-kit/output/server/entries/pages/doubt/comfort/_page.svelte.js                     13.89 kB
.svelte-kit/output/server/chunks/InjectionSiteMap.js                                      13.91 kB
.svelte-kit/output/server/chunks/reference.svelte.js                                      14.39 kB
.svelte-kit/output/server/chunks/regimenEpisode.js                                        14.58 kB
.svelte-kit/output/server/entries/pages/doubt/_page.svelte.js                             14.90 kB
.svelte-kit/output/server/entries/pages/tally/_page.svelte.js                             15.25 kB
.svelte-kit/output/server/entries/pages/settings/body-regions/_page.svelte.js             15.30 kB
.svelte-kit/output/server/chunks/vocabulary.js                                            15.54 kB
.svelte-kit/output/server/chunks/Icon.js                                                  16.59 kB
.svelte-kit/output/server/chunks/offers.js                                                17.34 kB
.svelte-kit/output/server/chunks/paletteChoices.js                                        19.20 kB
.svelte-kit/output/server/entries/pages/settings/affirmations/_page.svelte.js             19.30 kB
.svelte-kit/output/server/entries/pages/settings/reminders/_id_/_page.svelte.js           19.48 kB
.svelte-kit/output/server/entries/pages/settings/recovery-key/_page.svelte.js             19.49 kB
.svelte-kit/output/server/chunks/hubRows.js                                               19.98 kB
.svelte-kit/output/server/chunks/internal.js                                              20.28 kB
.svelte-kit/output/server/entries/pages/settings/access-mode/_page.svelte.js              20.36 kB
.svelte-kit/output/server/entries/pages/media/photos/export/_page.svelte.js               20.82 kB
.svelte-kit/output/server/entries/pages/settings/tags/_page.svelte.js                     20.88 kB
.svelte-kit/output/server/chunks/chartAnnotation.js                                       21.26 kB
.svelte-kit/output/server/entries/pages/support/resources/_page.svelte.js                 21.44 kB
.svelte-kit/output/server/entries/pages/media/documents/_page.svelte.js                   21.45 kB
.svelte-kit/output/server/chunks/doses.js                                                 21.55 kB
.svelte-kit/output/server/chunks/AreaFinish.js                                            22.10 kB
.svelte-kit/output/server/entries/pages/settings/notifications/_page.svelte.js            22.88 kB
.svelte-kit/output/server/entries/pages/transition/letters/_page.svelte.js                23.41 kB
.svelte-kit/output/server/entries/pages/transition/tryouts/_page.svelte.js                23.43 kB
.svelte-kit/output/server/entries/pages/media/documents/_id_/_page.svelte.js              23.44 kB
.svelte-kit/output/server/chunks/AreaChart.js                                             23.84 kB
.svelte-kit/output/server/entries/pages/compare/_page.svelte.js                           24.77 kB
.svelte-kit/output/server/entries/pages/settings/reminders/_page.svelte.js                25.55 kB
.svelte-kit/output/server/entries/pages/search/questions/_id_/_page.svelte.js             26.26 kB
.svelte-kit/output/server/chunks/PermissionList.js                                        26.86 kB
.svelte-kit/output/server/entries/pages/settings/eras/_page.svelte.js                     26.92 kB
.svelte-kit/output/server/entries/pages/settings/journal-book/_page.svelte.js             27.10 kB
.svelte-kit/output/server/entries/pages/health/cycle-events/_page.svelte.js               28.29 kB
.svelte-kit/output/server/chunks/wearLabels.js                                            28.54 kB
.svelte-kit/output/server/chunks/doseLabels.js                                            31.32 kB
.svelte-kit/output/server/entries/pages/media/photos/_page.svelte.js                      32.24 kB
.svelte-kit/output/server/entries/pages/search/_page.svelte.js                            32.96 kB
.svelte-kit/output/server/entries/pages/coming-back/_page.svelte.js                       33.17 kB
.svelte-kit/output/server/chunks/hubLabels.js                                             34.31 kB
.svelte-kit/output/server/chunks/utils2.js                                                35.66 kB
.svelte-kit/output/server/entries/pages/more/_page.svelte.js                              36.21 kB
.svelte-kit/output/server/entries/pages/body/hair-removal/_page.svelte.js                 37.60 kB
.svelte-kit/output/server/entries/pages/transition/roadmap/_page.svelte.js                39.38 kB
.svelte-kit/output/server/remote-entry.js                                                 39.44 kB
.svelte-kit/output/server/entries/pages/day/_day_/_page.svelte.js                         39.50 kB
.svelte-kit/output/server/chunks/entries.js                                               40.08 kB
.svelte-kit/output/server/entries/pages/calendar/_page.svelte.js                          40.24 kB
.svelte-kit/output/server/entries/pages/health/dilation/_page.svelte.js                   41.29 kB
.svelte-kit/output/server/entries/pages/onboarding/_page.svelte.js                        43.24 kB
.svelte-kit/output/server/chunks/AccessModeSetup.js                                       44.16 kB
.svelte-kit/output/server/chunks/hormoneCurve.js                                          45.51 kB
.svelte-kit/output/server/entries/pages/body/hair-progress/_page.svelte.js                47.51 kB
.svelte-kit/output/server/entries/pages/health/appointments/_page.svelte.js               49.57 kB
.svelte-kit/output/server/entries/pages/transition/milestones/_page.svelte.js             52.75 kB
.svelte-kit/output/server/entries/pages/transition/tryouts/_id_/_page.svelte.js           53.08 kB
.svelte-kit/output/server/chunks/archive.js                                               54.06 kB
.svelte-kit/output/server/entries/pages/body/wear/_page.svelte.js                         55.36 kB
.svelte-kit/output/server/entries/pages/body-map/_page.svelte.js                          58.09 kB
.svelte-kit/output/server/chunks/liveTiles.js                                             63.48 kB
.svelte-kit/output/server/chunks/roadmapLabels.js                                         64.66 kB
.svelte-kit/output/server/entries/pages/body/measurements/_page.svelte.js                 66.00 kB
.svelte-kit/output/server/entries/pages/wrapped/_cadence_/_page.svelte.js                 66.10 kB
.svelte-kit/output/server/chunks/migrations.js                                            67.74 kB
.svelte-kit/output/server/entries/pages/settings/_page.svelte.js                          73.81 kB
.svelte-kit/output/server/entries/pages/care/doses/_page.svelte.js                        74.34 kB
.svelte-kit/output/server/entries/pages/care/curve/_page.svelte.js                        75.79 kB
.svelte-kit/output/server/entries/pages/care/_page.svelte.js                              87.03 kB
.svelte-kit/output/server/entries/pages/care/changes/_page.svelte.js                      87.18 kB
.svelte-kit/output/server/entries/pages/care/labs/_page.svelte.js                         87.97 kB
.svelte-kit/output/server/chunks/journal.svelte.js                                        91.34 kB
.svelte-kit/output/server/chunks/_layout.js                                               93.45 kB
.svelte-kit/output/server/entries/pages/care/regimen/_page.svelte.js                      93.49 kB
.svelte-kit/output/server/chunks/archiveSections.js                                       96.64 kB
.svelte-kit/output/server/entries/pages/settings/export/_page.svelte.js                   99.82 kB
.svelte-kit/output/server/entries/pages/_page.svelte.js                                   99.95 kB
.svelte-kit/output/server/entries/pages/health/clinician-summary/_page.svelte.js         104.43 kB
.svelte-kit/output/server/entries/pages/health/surgery/_page.svelte.js                   109.43 kB
.svelte-kit/output/server/entries/pages/stats/_reading_/_page.svelte.js                  113.55 kB
.svelte-kit/output/server/chunks/EntryEditor.js                                          115.27 kB
.svelte-kit/output/server/index.js                                                       139.19 kB
.svelte-kit/output/server/chunks/root.js                                                 142.28 kB
.svelte-kit/output/server/entries/pages/voice/_page.svelte.js                            171.86 kB
.svelte-kit/output/server/chunks/labels.js                                               174.88 kB
.svelte-kit/output/server/chunks/boot.svelte.js                                          221.08 kB
✓ built in 30.47s

Run npm run preview to preview your production build locally.

> Using @sveltejs/adapter-static
  Wrote site to "build"
  ✔ done
vite v6.4.3 building SSR bundle for production...
ℹ [paraglide-js] Compilation skipped — inputs unchanged (message-modules)
transforming...
src/lib/data/live/journal.svelte.ts (180:1): Error when using sourcemap for reporting an error: Can't resolve original location of error.
src/lib/data/live/journal.svelte.ts (180:1): A comment

"/* @__PURE__ */"

in "src/lib/data/live/journal.svelte.ts" contains an annotation that Rollup cannot interpret due to the position of the comment. The comment will be removed to avoid issues.
"autoUpdate" is imported from external module "@floating-ui/dom" but never used in "node_modules/melt/dist/utils/use-floating.svelte.js".
✓ 4890 modules transformed.
rendering chunks...
vite v6.4.3 building for production...
ℹ [paraglide-js] Compilation skipped — inputs unchanged (message-modules)
transforming...
✓ 5296 modules transformed.
rendering chunks...
computing gzip size...
.svelte-kit/output/client/_app/version.json                                                        0.03 kB │ gzip:   0.05 kB
.svelte-kit/output/client/_app/immutable/workers/sqlite3-opfs-async-proxy-BpVpzIkN.js              9.52 kB
.svelte-kit/output/client/_app/immutable/workers/argon2id.worker-DDPWp7r6.js                      28.56 kB
.svelte-kit/output/client/_app/immutable/workers/sqlite3-worker1-bundler-friendly-D6cQoI3y.js    191.74 kB
.svelte-kit/output/client/.vite/manifest.json                                                    196.20 kB │ gzip:  25.51 kB
.svelte-kit/output/client/_app/immutable/workers/mc-worker-D97-VHM5.js                           197.17 kB
.svelte-kit/output/client/_app/immutable/assets/sqlite3.B7imZ2XV.wasm                          1,036.17 kB │ gzip: 464.98 kB
.svelte-kit/output/client/_app/immutable/workers/pdf-worker-Kp7_pMCT.js                        1,378.61 kB
.svelte-kit/output/client/_app/immutable/assets/ChoiceChips.BbnDpI89.css                           0.04 kB │ gzip:   0.06 kB
.svelte-kit/output/client/_app/immutable/assets/17.of10DU40.css                                    0.06 kB │ gzip:   0.08 kB
.svelte-kit/output/client/_app/immutable/assets/97.CEBZhOUt.css                                    0.06 kB │ gzip:   0.08 kB
.svelte-kit/output/client/_app/immutable/assets/32.BVl2XI1B.css                                    0.07 kB │ gzip:   0.09 kB
.svelte-kit/output/client/_app/immutable/assets/ReadGate.TZFwY6rr.css                              0.07 kB │ gzip:   0.08 kB
.svelte-kit/output/client/_app/immutable/assets/VoicePlayer.DfYc2k3w.css                           0.08 kB │ gzip:   0.10 kB
.svelte-kit/output/client/_app/immutable/assets/54.Bd46l6SV.css                                    0.08 kB │ gzip:   0.09 kB
.svelte-kit/output/client/_app/immutable/assets/DiscardSheet.BsHAsh63.css                          0.08 kB │ gzip:   0.09 kB
.svelte-kit/output/client/_app/immutable/assets/63.mj4dWElF.css                                    0.08 kB │ gzip:   0.10 kB
.svelte-kit/output/client/_app/immutable/assets/Mark.DE7SL4Vi.css                                  0.10 kB │ gzip:   0.10 kB
.svelte-kit/output/client/_app/immutable/assets/StarredPhotoGrid.D4aGZdrr.css                      0.10 kB │ gzip:   0.10 kB
.svelte-kit/output/client/_app/immutable/assets/113.CQcf1K4S.css                                   0.10 kB │ gzip:   0.10 kB
.svelte-kit/output/client/_app/immutable/assets/Field.Cp5H9ar4.css                                 0.11 kB │ gzip:   0.11 kB
.svelte-kit/output/client/_app/immutable/assets/Disclosure.BfdGALZ3.css                            0.11 kB │ gzip:   0.11 kB
.svelte-kit/output/client/_app/immutable/assets/Sheet.WF98ji7b.css                                 0.12 kB │ gzip:   0.11 kB
.svelte-kit/output/client/_app/immutable/assets/PhotoChipRow.BTGNYTJS.css                          0.12 kB │ gzip:   0.12 kB
.svelte-kit/output/client/_app/immutable/assets/AreaFinish.-OlMNacw.css                            0.12 kB │ gzip:   0.10 kB
.svelte-kit/output/client/_app/immutable/assets/109.CuNQlFjE.css                                   0.16 kB │ gzip:   0.13 kB
.svelte-kit/output/client/_app/immutable/assets/LockAfterChoice.Ddgi9Atd.css                       0.16 kB │ gzip:   0.13 kB
.svelte-kit/output/client/_app/immutable/assets/51.S4ZZ67Tq.css                                    0.18 kB │ gzip:   0.14 kB
.svelte-kit/output/client/_app/immutable/assets/14.SMKwTFWO.css                                    0.18 kB │ gzip:   0.16 kB
.svelte-kit/output/client/_app/immutable/assets/BatchedList.DCwU6d5m.css                           0.18 kB │ gzip:   0.12 kB
.svelte-kit/output/client/_app/immutable/assets/RecordSheet.C3Tj5awG.css                           0.18 kB │ gzip:   0.13 kB
.svelte-kit/output/client/_app/immutable/assets/ChartEmpty.GQUIpUCB.css                            0.21 kB │ gzip:   0.16 kB
.svelte-kit/output/client/_app/immutable/assets/3.Cqpw2BgU.css                                     0.22 kB │ gzip:   0.16 kB
.svelte-kit/output/client/_app/immutable/assets/ReadReserve.C2LZY4RV.css                           0.23 kB │ gzip:   0.14 kB
.svelte-kit/output/client/_app/immutable/assets/18.eoVubTdL.css                                    0.23 kB │ gzip:   0.17 kB
.svelte-kit/output/client/_app/immutable/assets/SectionHeading.ID5KBm2j.css                        0.28 kB │ gzip:   0.19 kB
.svelte-kit/output/client/_app/immutable/assets/DayEntry.Bu5Wbcsl.css                              0.30 kB │ gzip:   0.18 kB
.svelte-kit/output/client/_app/immutable/assets/DayStrip.B7QAMYMR.css                              0.30 kB │ gzip:   0.21 kB
.svelte-kit/output/client/_app/immutable/assets/PhotoViewer.wiP4e9SP.css                           0.30 kB │ gzip:   0.21 kB
.svelte-kit/output/client/_app/immutable/assets/105.CQw7zpdv.css                                   0.33 kB │ gzip:   0.20 kB
.svelte-kit/output/client/_app/immutable/assets/64.CI7QDOx4.css                                    0.36 kB │ gzip:   0.22 kB
.svelte-kit/output/client/_app/immutable/assets/35.CXnhmm0l.css                                    0.37 kB │ gzip:   0.24 kB
.svelte-kit/output/client/_app/immutable/assets/MoodPicker.CvIeG4k5.css                            0.40 kB │ gzip:   0.22 kB
.svelte-kit/output/client/_app/immutable/assets/122.CPhR4P_6.css                                   0.41 kB │ gzip:   0.24 kB
.svelte-kit/output/client/_app/immutable/assets/LookBackLetterCard.BsNd1DnI.css                    0.43 kB │ gzip:   0.22 kB
.svelte-kit/output/client/_app/immutable/assets/pickerField.BmvbcaNP.css                           0.43 kB │ gzip:   0.25 kB
.svelte-kit/output/client/_app/immutable/assets/49.UPdwmlbY.css                                    0.45 kB │ gzip:   0.23 kB
.svelte-kit/output/client/_app/immutable/assets/75.BDOcdHut.css                                    0.47 kB │ gzip:   0.23 kB
.svelte-kit/output/client/_app/immutable/assets/38.DMTQKXfm.css                                    0.52 kB │ gzip:   0.26 kB
.svelte-kit/output/client/_app/immutable/assets/40.BHn5oNMp.css                                    0.57 kB │ gzip:   0.31 kB
.svelte-kit/output/client/_app/immutable/assets/Slider.BXP1_4jw.css                                0.58 kB │ gzip:   0.23 kB
.svelte-kit/output/client/_app/immutable/assets/21.DuykILfM.css                                    0.59 kB │ gzip:   0.29 kB
.svelte-kit/output/client/_app/immutable/assets/AccessModeSetup.CY_RCkLZ.css                       0.63 kB │ gzip:   0.28 kB
.svelte-kit/output/client/_app/immutable/assets/79.DQaaOZwE.css                                    0.65 kB │ gzip:   0.31 kB
.svelte-kit/output/client/_app/immutable/assets/ListRow.OT_lYC8_.css                               0.67 kB │ gzip:   0.33 kB
.svelte-kit/output/client/_app/immutable/assets/86.CREmaxDU.css                                    0.69 kB │ gzip:   0.31 kB
.svelte-kit/output/client/_app/immutable/assets/EntryDays.KFwCzU7O.css                             0.73 kB │ gzip:   0.23 kB
.svelte-kit/output/client/_app/immutable/assets/paletteChoices.5eW7Hsp3.css                        0.74 kB │ gzip:   0.29 kB
.svelte-kit/output/client/_app/immutable/assets/15.C-zrSfY2.css                                    0.77 kB │ gzip:   0.37 kB
.svelte-kit/output/client/_app/immutable/assets/BarRows.Bb6BeN1l.css                               0.80 kB │ gzip:   0.27 kB
.svelte-kit/output/client/_app/immutable/assets/108.DMq53CQh.css                                   0.99 kB │ gzip:   0.37 kB
.svelte-kit/output/client/_app/immutable/assets/PermissionList.BCzL9iFe.css                        1.01 kB │ gzip:   0.42 kB
.svelte-kit/output/client/_app/immutable/assets/AreaChart.tHrbTiod.css                             1.02 kB │ gzip:   0.39 kB
.svelte-kit/output/client/_app/immutable/assets/118.DPXysF5w.css                                   1.04 kB │ gzip:   0.38 kB
.svelte-kit/output/client/_app/immutable/assets/SectionJump.1J8E0XY_.css                           1.08 kB │ gzip:   0.47 kB
.svelte-kit/output/client/_app/immutable/assets/5.B53SW1_6.css                                     1.12 kB │ gzip:   0.42 kB
.svelte-kit/output/client/_app/immutable/assets/Progress.SBS-oeAf.css                              1.17 kB │ gzip:   0.45 kB
.svelte-kit/output/client/_app/immutable/assets/VideoNotePlayer.DTdOsAFH.css                       1.23 kB │ gzip:   0.51 kB
.svelte-kit/output/client/_app/immutable/assets/29.D7KdTqu1.css                                    1.24 kB │ gzip:   0.47 kB
.svelte-kit/output/client/_app/immutable/assets/7.9MbRvaAX.css                                     1.31 kB │ gzip:   0.47 kB
.svelte-kit/output/client/_app/immutable/assets/69.kEFcd-Te.css                                    1.32 kB │ gzip:   0.56 kB
.svelte-kit/output/client/_app/immutable/assets/31.BnR614Hk.css                                    1.34 kB │ gzip:   0.50 kB
.svelte-kit/output/client/_app/immutable/assets/112.genRb-2B.css                                   1.37 kB │ gzip:   0.52 kB
.svelte-kit/output/client/_app/immutable/assets/28.Bn9GCQXX.css                                    1.48 kB │ gzip:   0.55 kB
.svelte-kit/output/client/_app/immutable/assets/MarginNotes.DlJD_wR_.css                           1.49 kB │ gzip:   0.48 kB
.svelte-kit/output/client/_app/immutable/assets/VocabularyManagerSheets.cgzzZKmW.css               1.77 kB │ gzip:   0.57 kB
.svelte-kit/output/client/_app/immutable/assets/36.DBU3SNN6.css                                    1.84 kB │ gzip:   0.62 kB
.svelte-kit/output/client/_app/immutable/assets/121.UXCVPqfq.css                                   1.98 kB │ gzip:   0.71 kB
.svelte-kit/output/client/_app/immutable/assets/16.CFYcMjKX.css                                    2.01 kB │ gzip:   0.67 kB
.svelte-kit/output/client/_app/immutable/assets/TimePicker.DDqO33n7.css                            2.14 kB │ gzip:   0.74 kB
.svelte-kit/output/client/_app/immutable/assets/20.4n3QXRvz.css                                    2.22 kB │ gzip:   0.81 kB
.svelte-kit/output/client/_app/immutable/assets/MediaTransport.BN9-jv-w.css                        2.38 kB │ gzip:   0.78 kB
.svelte-kit/output/client/_app/immutable/assets/53.DFMeOLli.css                                    2.43 kB │ gzip:   0.79 kB
.svelte-kit/output/client/_app/immutable/assets/LetterCard.Di-Uw7Zp.css                            2.45 kB │ gzip:   0.76 kB
.svelte-kit/output/client/_app/immutable/assets/MonthJump.C0m-qm19.css                             2.45 kB │ gzip:   0.86 kB
.svelte-kit/output/client/_app/immutable/assets/37.CoKWfiC3.css                                    2.52 kB │ gzip:   0.80 kB
.svelte-kit/output/client/_app/immutable/assets/InjectionSiteMap.DHQEH5rW.css                      2.92 kB │ gzip:   0.83 kB
.svelte-kit/output/client/_app/immutable/assets/114.DnvLKmo_.css                                   3.03 kB │ gzip:   0.94 kB
.svelte-kit/output/client/_app/immutable/assets/PhotoWipe.DKQOpbK5.css                             3.06 kB │ gzip:   0.92 kB
.svelte-kit/output/client/_app/immutable/assets/117.DKcmTNrm.css                                   3.15 kB │ gzip:   0.98 kB
.svelte-kit/output/client/_app/immutable/assets/116.DF-lNooU.css                                   3.17 kB │ gzip:   0.91 kB
.svelte-kit/output/client/_app/immutable/assets/12.Dy3w9UT7.css                                    3.24 kB │ gzip:   0.96 kB
.svelte-kit/output/client/_app/immutable/assets/13.3q4PdC6L.css                                    3.93 kB │ gzip:   0.99 kB
.svelte-kit/output/client/_app/immutable/assets/DatePicker.BgA5OgkC.css                            4.30 kB │ gzip:   1.22 kB
.svelte-kit/output/client/_app/immutable/assets/11.2NQjQ2Rh.css                                    5.62 kB │ gzip:   1.54 kB
.svelte-kit/output/client/_app/immutable/assets/34.DYpW2GYQ.css                                    5.75 kB │ gzip:   1.45 kB
.svelte-kit/output/client/_app/immutable/assets/8.iQZQGxvD.css                                     5.81 kB │ gzip:   1.41 kB
.svelte-kit/output/client/_app/immutable/assets/10.BpFVhXVZ.css                                    6.10 kB │ gzip:   1.43 kB
.svelte-kit/output/client/_app/immutable/assets/42.C7cKrYpr.css                                    6.52 kB │ gzip:   1.63 kB
.svelte-kit/output/client/_app/immutable/assets/2.DkYsTFo2.css                                     7.05 kB │ gzip:   1.85 kB
.svelte-kit/output/client/_app/immutable/assets/EntryEditor.-FnDDmSr.css                           7.12 kB │ gzip:   1.58 kB
.svelte-kit/output/client/_app/immutable/assets/30.DULtU1Sy.css                                    8.10 kB │ gzip:   1.90 kB
.svelte-kit/output/client/_app/immutable/assets/9.bo3SwQBz.css                                     8.83 kB │ gzip:   1.91 kB
.svelte-kit/output/client/_app/immutable/assets/106.DALq5495.css                                   9.43 kB │ gzip:   2.18 kB
.svelte-kit/output/client/_app/immutable/assets/ThemesReading.ymNTlWXs.css                        11.18 kB │ gzip:   2.47 kB
.svelte-kit/output/client/_app/immutable/assets/120.Cum5-O4I.css                                  15.03 kB │ gzip:   2.85 kB
.svelte-kit/output/client/_app/immutable/assets/0.DgWnaBbf.css                                   125.50 kB │ gzip:  23.74 kB
.svelte-kit/output/client/_app/immutable/chunks/1gzUVTTe.js                                        0.04 kB │ gzip:   0.06 kB
.svelte-kit/output/client/_app/immutable/chunks/DYAEPJ09.js                                        0.06 kB │ gzip:   0.08 kB
.svelte-kit/output/client/_app/immutable/chunks/BJkwJGU_.js                                        0.08 kB │ gzip:   0.10 kB
.svelte-kit/output/client/_app/immutable/chunks/DBCZ3m0m.js                                        0.08 kB │ gzip:   0.10 kB
.svelte-kit/output/client/_app/immutable/chunks/D7lSlUY9.js                                        0.08 kB │ gzip:   0.10 kB
.svelte-kit/output/client/_app/immutable/chunks/C-lXjfxY.js                                        0.08 kB │ gzip:   0.10 kB
.svelte-kit/output/client/_app/immutable/chunks/DBNcdXfw.js                                        0.08 kB │ gzip:   0.10 kB
.svelte-kit/output/client/_app/immutable/chunks/CfWaiqNV.js                                        0.08 kB │ gzip:   0.10 kB
.svelte-kit/output/client/_app/immutable/chunks/erdLg4CT.js                                        0.08 kB │ gzip:   0.10 kB
.svelte-kit/output/client/_app/immutable/chunks/C3kNqN1d.js                                        0.08 kB │ gzip:   0.10 kB
.svelte-kit/output/client/_app/immutable/chunks/CJFz1IUx.js                                        0.08 kB │ gzip:   0.10 kB
.svelte-kit/output/client/_app/immutable/chunks/BIB3ix5Y.js                                        0.08 kB │ gzip:   0.10 kB
.svelte-kit/output/client/_app/immutable/chunks/CM0oyZj_.js                                        0.08 kB │ gzip:   0.10 kB
.svelte-kit/output/client/_app/immutable/chunks/DbtoF5bi.js                                        0.08 kB │ gzip:   0.10 kB
.svelte-kit/output/client/_app/immutable/chunks/CBiitY__.js                                        0.08 kB │ gzip:   0.10 kB
.svelte-kit/output/client/_app/immutable/chunks/CZCQs7q2.js                                        0.08 kB │ gzip:   0.10 kB
.svelte-kit/output/client/_app/immutable/chunks/DshTjRm8.js                                        0.08 kB │ gzip:   0.10 kB
.svelte-kit/output/client/_app/immutable/chunks/DwRmU9Fe.js                                        0.08 kB │ gzip:   0.10 kB
.svelte-kit/output/client/_app/immutable/chunks/D_KTur2v.js                                        0.08 kB │ gzip:   0.10 kB
.svelte-kit/output/client/_app/immutable/chunks/B9vQ5P2y.js                                        0.08 kB │ gzip:   0.10 kB
.svelte-kit/output/client/_app/immutable/chunks/DIzKCpIb.js                                        0.08 kB │ gzip:   0.10 kB
.svelte-kit/output/client/_app/immutable/chunks/BvniciIh.js                                        0.08 kB │ gzip:   0.10 kB
.svelte-kit/output/client/_app/immutable/chunks/BHNEzTIu.js                                        0.08 kB │ gzip:   0.10 kB
.svelte-kit/output/client/_app/immutable/chunks/BI-6xV9t.js                                        0.08 kB │ gzip:   0.10 kB
.svelte-kit/output/client/_app/immutable/chunks/Dy-CLMSP.js                                        0.08 kB │ gzip:   0.10 kB
.svelte-kit/output/client/_app/immutable/chunks/Bqr8zwTA.js                                        0.08 kB │ gzip:   0.10 kB
.svelte-kit/output/client/_app/immutable/chunks/Dbf7BORC.js                                        0.08 kB │ gzip:   0.10 kB
.svelte-kit/output/client/_app/immutable/chunks/CJ4aja16.js                                        0.08 kB │ gzip:   0.10 kB
.svelte-kit/output/client/_app/immutable/chunks/S-guDWKn.js                                        0.08 kB │ gzip:   0.10 kB
.svelte-kit/output/client/_app/immutable/chunks/D87i-pMR.js                                        0.08 kB │ gzip:   0.10 kB
.svelte-kit/output/client/_app/immutable/chunks/BwyTjv3X.js                                        0.08 kB │ gzip:   0.10 kB
.svelte-kit/output/client/_app/immutable/chunks/BBVQ2jwp.js                                        0.08 kB │ gzip:   0.10 kB
.svelte-kit/output/client/_app/immutable/chunks/PNLVVvkT.js                                        0.08 kB │ gzip:   0.10 kB
.svelte-kit/output/client/_app/immutable/chunks/C4457UVT.js                                        0.08 kB │ gzip:   0.10 kB
.svelte-kit/output/client/_app/immutable/chunks/SX2I0SvL.js                                        0.08 kB │ gzip:   0.10 kB
.svelte-kit/output/client/_app/immutable/chunks/BE45WqEB.js                                        0.08 kB │ gzip:   0.10 kB
.svelte-kit/output/client/_app/immutable/chunks/Dut14zvJ.js                                        0.08 kB │ gzip:   0.10 kB
.svelte-kit/output/client/_app/immutable/chunks/BafSSlZJ.js                                        0.08 kB │ gzip:   0.10 kB
.svelte-kit/output/client/_app/immutable/chunks/DzR0-Avr.js                                        0.08 kB │ gzip:   0.10 kB
.svelte-kit/output/client/_app/immutable/chunks/DUX-cTMO.js                                        0.08 kB │ gzip:   0.10 kB
.svelte-kit/output/client/_app/immutable/chunks/Dma2R8YQ.js                                        0.08 kB │ gzip:   0.10 kB
.svelte-kit/output/client/_app/immutable/chunks/BBM6uNIb.js                                        0.08 kB │ gzip:   0.10 kB
.svelte-kit/output/client/_app/immutable/chunks/-O9_pRdy.js                                        0.08 kB │ gzip:   0.10 kB
.svelte-kit/output/client/_app/immutable/chunks/BWjNW19P.js                                        0.09 kB │ gzip:   0.10 kB
.svelte-kit/output/client/_app/immutable/chunks/BhIQ3IHp.js                                        0.09 kB │ gzip:   0.10 kB
.svelte-kit/output/client/_app/immutable/chunks/CEyotqRv.js                                        0.09 kB │ gzip:   0.10 kB
.svelte-kit/output/client/_app/immutable/chunks/DoOUayQI.js                                        0.09 kB │ gzip:   0.10 kB
.svelte-kit/output/client/_app/immutable/chunks/DQknKF7N.js                                        0.09 kB │ gzip:   0.10 kB
.svelte-kit/output/client/_app/immutable/chunks/BywuUsfT.js                                        0.09 kB │ gzip:   0.10 kB
.svelte-kit/output/client/_app/immutable/chunks/n3q8KpCT.js                                        0.09 kB │ gzip:   0.10 kB
.svelte-kit/output/client/_app/immutable/chunks/BKrKFWN1.js                                        0.09 kB │ gzip:   0.10 kB
.svelte-kit/output/client/_app/immutable/chunks/BhtIhYl_.js                                        0.09 kB │ gzip:   0.10 kB
.svelte-kit/output/client/_app/immutable/chunks/DpfuDc8I.js                                        0.09 kB │ gzip:   0.10 kB
.svelte-kit/output/client/_app/immutable/chunks/Cvu-c4w2.js                                        0.09 kB │ gzip:   0.10 kB
.svelte-kit/output/client/_app/immutable/chunks/QNfYG72K.js                                        0.09 kB │ gzip:   0.10 kB
.svelte-kit/output/client/_app/immutable/chunks/Do3hNIWc.js                                        0.09 kB │ gzip:   0.10 kB
.svelte-kit/output/client/_app/immutable/chunks/C7uS-BOS.js                                        0.09 kB │ gzip:   0.11 kB
.svelte-kit/output/client/_app/immutable/chunks/CP7uxCgi.js                                        0.09 kB │ gzip:   0.11 kB
.svelte-kit/output/client/_app/immutable/chunks/DkM84y8U.js                                        0.09 kB │ gzip:   0.10 kB
.svelte-kit/output/client/_app/immutable/chunks/D-WIewvK.js                                        0.09 kB │ gzip:   0.11 kB
.svelte-kit/output/client/_app/immutable/chunks/73O-mFWI.js                                        0.09 kB │ gzip:   0.11 kB
.svelte-kit/output/client/_app/immutable/chunks/-v_q2LF7.js                                        0.09 kB │ gzip:   0.11 kB
.svelte-kit/output/client/_app/immutable/chunks/j9QwhFMa.js                                        0.09 kB │ gzip:   0.11 kB
.svelte-kit/output/client/_app/immutable/nodes/0.DmwsqTSX.js                                       0.09 kB │ gzip:   0.10 kB
.svelte-kit/output/client/_app/immutable/chunks/DB-U_vcs.js                                        0.09 kB │ gzip:   0.11 kB
.svelte-kit/output/client/_app/immutable/chunks/DUwwmI09.js                                        0.09 kB │ gzip:   0.11 kB
.svelte-kit/output/client/_app/immutable/chunks/DEE8XdTK.js                                        0.09 kB │ gzip:   0.11 kB
.svelte-kit/output/client/_app/immutable/chunks/YHR3baeD.js                                        0.09 kB │ gzip:   0.11 kB
.svelte-kit/output/client/_app/immutable/chunks/DZRvKiBd.js                                        0.09 kB │ gzip:   0.11 kB
.svelte-kit/output/client/_app/immutable/chunks/pHEhWXBw.js                                        0.09 kB │ gzip:   0.11 kB
.svelte-kit/output/client/_app/immutable/chunks/BGpE29z_.js                                        0.09 kB │ gzip:   0.11 kB
.svelte-kit/output/client/_app/immutable/chunks/Fsb_2xtX.js                                        0.09 kB │ gzip:   0.11 kB
.svelte-kit/output/client/_app/immutable/chunks/Ba4F2ws_.js                                        0.09 kB │ gzip:   0.11 kB
.svelte-kit/output/client/_app/immutable/chunks/DLj2be4-.js                                        0.09 kB │ gzip:   0.11 kB
.svelte-kit/output/client/_app/immutable/chunks/_uOYme5Z.js                                        0.09 kB │ gzip:   0.11 kB
.svelte-kit/output/client/_app/immutable/chunks/CQ9nx_og.js                                        0.09 kB │ gzip:   0.10 kB
.svelte-kit/output/client/_app/immutable/chunks/C1CcH8kT.js                                        0.09 kB │ gzip:   0.11 kB
.svelte-kit/output/client/_app/immutable/chunks/yyqJFOVh.js                                        0.09 kB │ gzip:   0.11 kB
.svelte-kit/output/client/_app/immutable/chunks/BdzBxtZu.js                                        0.09 kB │ gzip:   0.11 kB
.svelte-kit/output/client/_app/immutable/chunks/B49Fp0L7.js                                        0.09 kB │ gzip:   0.11 kB
.svelte-kit/output/client/_app/immutable/chunks/BEPnn0H3.js                                        0.09 kB │ gzip:   0.11 kB
.svelte-kit/output/client/_app/immutable/chunks/Lqa3GLgA.js                                        0.09 kB │ gzip:   0.11 kB
.svelte-kit/output/client/_app/immutable/chunks/Cj33dqyy.js                                        0.09 kB │ gzip:   0.11 kB
.svelte-kit/output/client/_app/immutable/chunks/DRjKPcSv.js                                        0.09 kB │ gzip:   0.11 kB
.svelte-kit/output/client/_app/immutable/chunks/cxzp-nCS.js                                        0.09 kB │ gzip:   0.11 kB
.svelte-kit/output/client/_app/immutable/chunks/D5Y5NUGz.js                                        0.09 kB │ gzip:   0.11 kB
.svelte-kit/output/client/_app/immutable/chunks/DBtbaTT2.js                                        0.09 kB │ gzip:   0.11 kB
.svelte-kit/output/client/_app/immutable/chunks/DYtF3-GP.js                                        0.09 kB │ gzip:   0.10 kB
.svelte-kit/output/client/_app/immutable/chunks/D04_v6_a.js                                        0.09 kB │ gzip:   0.11 kB
.svelte-kit/output/client/_app/immutable/chunks/miiYpsXE.js                                        0.10 kB │ gzip:   0.11 kB
.svelte-kit/output/client/_app/immutable/chunks/vi8itkVC.js                                        0.10 kB │ gzip:   0.11 kB
.svelte-kit/output/client/_app/immutable/chunks/Bxrs1loA.js                                        0.10 kB │ gzip:   0.11 kB
.svelte-kit/output/client/_app/immutable/chunks/CAtOmx-Q.js                                        0.10 kB │ gzip:   0.11 kB
.svelte-kit/output/client/_app/immutable/chunks/CH5NM-t-.js                                        0.10 kB │ gzip:   0.11 kB
.svelte-kit/output/client/_app/immutable/chunks/Bzak7iHL.js                                        0.10 kB │ gzip:   0.10 kB
.svelte-kit/output/client/_app/immutable/chunks/BTNU9TRV.js                                        0.10 kB │ gzip:   0.11 kB
.svelte-kit/output/client/_app/immutable/chunks/BlGhfdSl.js                                        0.10 kB │ gzip:   0.12 kB
.svelte-kit/output/client/_app/immutable/chunks/YgOwCq__.js                                        0.10 kB │ gzip:   0.12 kB
.svelte-kit/output/client/_app/immutable/chunks/B0BBXmTg.js                                        0.10 kB │ gzip:   0.12 kB
.svelte-kit/output/client/_app/immutable/chunks/BUxbVPH0.js                                        0.10 kB │ gzip:   0.11 kB
.svelte-kit/output/client/_app/immutable/chunks/C2mbSWPr.js                                        0.10 kB │ gzip:   0.12 kB
.svelte-kit/output/client/_app/immutable/chunks/DvrD0cLs.js                                        0.10 kB │ gzip:   0.12 kB
.svelte-kit/output/client/_app/immutable/chunks/OcH2rkjJ.js                                        0.10 kB │ gzip:   0.12 kB
.svelte-kit/output/client/_app/immutable/chunks/CGuuSh-l.js                                        0.10 kB │ gzip:   0.10 kB
.svelte-kit/output/client/_app/immutable/chunks/BgSdTS9a.js                                        0.10 kB │ gzip:   0.12 kB
.svelte-kit/output/client/_app/immutable/chunks/CIYJ27_e.js                                        0.10 kB │ gzip:   0.12 kB
.svelte-kit/output/client/_app/immutable/chunks/CYeTA1iR.js                                        0.10 kB │ gzip:   0.10 kB
.svelte-kit/output/client/_app/immutable/chunks/DUEXZU2v.js                                        0.10 kB │ gzip:   0.12 kB
.svelte-kit/output/client/_app/immutable/chunks/BvD3xc1w.js                                        0.10 kB │ gzip:   0.12 kB
.svelte-kit/output/client/_app/immutable/chunks/R6t2rTCQ.js                                        0.10 kB │ gzip:   0.12 kB
.svelte-kit/output/client/_app/immutable/chunks/Bq2bWmM_.js                                        0.10 kB │ gzip:   0.12 kB
.svelte-kit/output/client/_app/immutable/chunks/ClHCt2SX.js                                        0.10 kB │ gzip:   0.12 kB
.svelte-kit/output/client/_app/immutable/chunks/CNbCPwaq.js                                        0.10 kB │ gzip:   0.12 kB
.svelte-kit/output/client/_app/immutable/chunks/D7Q4lUhk.js                                        0.10 kB │ gzip:   0.11 kB
.svelte-kit/output/client/_app/immutable/chunks/BKDREUO2.js                                        0.11 kB │ gzip:   0.12 kB
.svelte-kit/output/client/_app/immutable/chunks/DZ07aoWD.js                                        0.11 kB │ gzip:   0.12 kB
.svelte-kit/output/client/_app/immutable/chunks/Mw9X19Qs.js                                        0.11 kB │ gzip:   0.13 kB
.svelte-kit/output/client/_app/immutable/chunks/CYr0nK4T.js                                        0.11 kB │ gzip:   0.13 kB
.svelte-kit/output/client/_app/immutable/chunks/ZvBaJqba.js                                        0.12 kB │ gzip:   0.14 kB
.svelte-kit/output/client/_app/immutable/chunks/DpXlYtWd.js                                        0.12 kB │ gzip:   0.12 kB
.svelte-kit/output/client/_app/immutable/entry/start.6nrvaeuB.js                                   0.12 kB │ gzip:   0.11 kB
.svelte-kit/output/client/_app/immutable/chunks/DEyGid-c.js                                        0.12 kB │ gzip:   0.14 kB
.svelte-kit/output/client/_app/immutable/chunks/Bf4lvQNx.js                                        0.12 kB │ gzip:   0.12 kB
.svelte-kit/output/client/_app/immutable/chunks/C9Y7YGQB.js                                        0.12 kB │ gzip:   0.14 kB
.svelte-kit/output/client/_app/immutable/chunks/fFhlOqQu.js                                        0.12 kB │ gzip:   0.14 kB
.svelte-kit/output/client/_app/immutable/chunks/RuwD0XAx.js                                        0.12 kB │ gzip:   0.12 kB
.svelte-kit/output/client/_app/immutable/chunks/BZ0j0ZEY.js                                        0.13 kB │ gzip:   0.13 kB
.svelte-kit/output/client/_app/immutable/chunks/BjLQeK-8.js                                        0.13 kB │ gzip:   0.12 kB
.svelte-kit/output/client/_app/immutable/chunks/DCPDmXSJ.js                                        0.13 kB │ gzip:   0.12 kB
.svelte-kit/output/client/_app/immutable/chunks/Bx0pvxkt.js                                        0.13 kB │ gzip:   0.13 kB
.svelte-kit/output/client/_app/immutable/chunks/F3Wg7a92.js                                        0.13 kB │ gzip:   0.13 kB
.svelte-kit/output/client/_app/immutable/chunks/lAXuXzc5.js                                        0.13 kB │ gzip:   0.12 kB
.svelte-kit/output/client/_app/immutable/chunks/Cpkg_Xk1.js                                        0.14 kB │ gzip:   0.16 kB
.svelte-kit/output/client/_app/immutable/chunks/D36M8KW-.js                                        0.14 kB │ gzip:   0.14 kB
.svelte-kit/output/client/_app/immutable/chunks/Ba7LH2XJ.js                                        0.14 kB │ gzip:   0.15 kB
.svelte-kit/output/client/_app/immutable/chunks/ShSyG85p.js                                        0.14 kB │ gzip:   0.14 kB
.svelte-kit/output/client/_app/immutable/chunks/B0XwC4Ot.js                                        0.15 kB │ gzip:   0.14 kB
.svelte-kit/output/client/_app/immutable/chunks/BlDrd3R8.js                                        0.15 kB │ gzip:   0.14 kB
.svelte-kit/output/client/_app/immutable/chunks/Dd1-2vcR.js                                        0.15 kB │ gzip:   0.14 kB
.svelte-kit/output/client/_app/immutable/chunks/Cku38l6_.js                                        0.15 kB │ gzip:   0.15 kB
.svelte-kit/output/client/_app/immutable/chunks/Df2zjUB3.js                                        0.16 kB │ gzip:   0.15 kB
.svelte-kit/output/client/_app/immutable/chunks/CllBwTYF.js                                        0.16 kB │ gzip:   0.16 kB
.svelte-kit/output/client/_app/immutable/chunks/Cn6Rjicj.js                                        0.16 kB │ gzip:   0.16 kB
.svelte-kit/output/client/_app/immutable/chunks/B93Oz9LN.js                                        0.16 kB │ gzip:   0.16 kB
.svelte-kit/output/client/_app/immutable/chunks/BETjkZzg.js                                        0.17 kB │ gzip:   0.13 kB
.svelte-kit/output/client/_app/immutable/chunks/sxZ82EkD.js                                        0.17 kB │ gzip:   0.15 kB
.svelte-kit/output/client/_app/immutable/chunks/BDOYF4mG.js                                        0.17 kB │ gzip:   0.13 kB
.svelte-kit/output/client/_app/immutable/nodes/100.CMcBACbZ.js                                     0.17 kB │ gzip:   0.17 kB
.svelte-kit/output/client/_app/immutable/nodes/101.CMcBACbZ.js                                     0.17 kB │ gzip:   0.17 kB
.svelte-kit/output/client/_app/immutable/nodes/102.CMcBACbZ.js                                     0.17 kB │ gzip:   0.17 kB
.svelte-kit/output/client/_app/immutable/nodes/103.CMcBACbZ.js                                     0.17 kB │ gzip:   0.17 kB
.svelte-kit/output/client/_app/immutable/nodes/104.CMcBACbZ.js                                     0.17 kB │ gzip:   0.17 kB
.svelte-kit/output/client/_app/immutable/nodes/110.CMcBACbZ.js                                     0.17 kB │ gzip:   0.17 kB
.svelte-kit/output/client/_app/immutable/nodes/111.CMcBACbZ.js                                     0.17 kB │ gzip:   0.17 kB
.svelte-kit/output/client/_app/immutable/nodes/115.CMcBACbZ.js                                     0.17 kB │ gzip:   0.17 kB
.svelte-kit/output/client/_app/immutable/nodes/119.CMcBACbZ.js                                     0.17 kB │ gzip:   0.17 kB
.svelte-kit/output/client/_app/immutable/nodes/19.CMcBACbZ.js                                      0.17 kB │ gzip:   0.17 kB
.svelte-kit/output/client/_app/immutable/nodes/23.CMcBACbZ.js                                      0.17 kB │ gzip:   0.17 kB
.svelte-kit/output/client/_app/immutable/nodes/24.CMcBACbZ.js                                      0.17 kB │ gzip:   0.17 kB
.svelte-kit/output/client/_app/immutable/nodes/27.CMcBACbZ.js                                      0.17 kB │ gzip:   0.17 kB
.svelte-kit/output/client/_app/immutable/nodes/33.CMcBACbZ.js                                      0.17 kB │ gzip:   0.17 kB
.svelte-kit/output/client/_app/immutable/nodes/39.CMcBACbZ.js                                      0.17 kB │ gzip:   0.17 kB
.svelte-kit/output/client/_app/immutable/nodes/43.CMcBACbZ.js                                      0.17 kB │ gzip:   0.17 kB
.svelte-kit/output/client/_app/immutable/nodes/44.CMcBACbZ.js                                      0.17 kB │ gzip:   0.17 kB
.svelte-kit/output/client/_app/immutable/nodes/45.CMcBACbZ.js                                      0.17 kB │ gzip:   0.17 kB
.svelte-kit/output/client/_app/immutable/nodes/46.CMcBACbZ.js                                      0.17 kB │ gzip:   0.17 kB
.svelte-kit/output/client/_app/immutable/nodes/47.CMcBACbZ.js                                      0.17 kB │ gzip:   0.17 kB
.svelte-kit/output/client/_app/immutable/nodes/48.CMcBACbZ.js                                      0.17 kB │ gzip:   0.17 kB
.svelte-kit/output/client/_app/immutable/nodes/50.CMcBACbZ.js                                      0.17 kB │ gzip:   0.17 kB
.svelte-kit/output/client/_app/immutable/nodes/52.CMcBACbZ.js                                      0.17 kB │ gzip:   0.17 kB
.svelte-kit/output/client/_app/immutable/nodes/56.CMcBACbZ.js                                      0.17 kB │ gzip:   0.17 kB
.svelte-kit/output/client/_app/immutable/nodes/58.CMcBACbZ.js                                      0.17 kB │ gzip:   0.17 kB
.svelte-kit/output/client/_app/immutable/nodes/59.CMcBACbZ.js                                      0.17 kB │ gzip:   0.17 kB
.svelte-kit/output/client/_app/immutable/nodes/6.CMcBACbZ.js                                       0.17 kB │ gzip:   0.17 kB
.svelte-kit/output/client/_app/immutable/nodes/60.CMcBACbZ.js                                      0.17 kB │ gzip:   0.17 kB
.svelte-kit/output/client/_app/immutable/nodes/62.CMcBACbZ.js                                      0.17 kB │ gzip:   0.17 kB
.svelte-kit/output/client/_app/immutable/nodes/65.CMcBACbZ.js                                      0.17 kB │ gzip:   0.17 kB
.svelte-kit/output/client/_app/immutable/nodes/66.CMcBACbZ.js                                      0.17 kB │ gzip:   0.17 kB
.svelte-kit/output/client/_app/immutable/nodes/67.CMcBACbZ.js                                      0.17 kB │ gzip:   0.17 kB
.svelte-kit/output/client/_app/immutable/nodes/68.CMcBACbZ.js                                      0.17 kB │ gzip:   0.17 kB
.svelte-kit/output/client/_app/immutable/nodes/71.CMcBACbZ.js                                      0.17 kB │ gzip:   0.17 kB
.svelte-kit/output/client/_app/immutable/nodes/72.CMcBACbZ.js                                      0.17 kB │ gzip:   0.17 kB
.svelte-kit/output/client/_app/immutable/nodes/73.CMcBACbZ.js                                      0.17 kB │ gzip:   0.17 kB
.svelte-kit/output/client/_app/immutable/nodes/74.CMcBACbZ.js                                      0.17 kB │ gzip:   0.17 kB
.svelte-kit/output/client/_app/immutable/nodes/76.CMcBACbZ.js                                      0.17 kB │ gzip:   0.17 kB
.svelte-kit/output/client/_app/immutable/nodes/77.CMcBACbZ.js                                      0.17 kB │ gzip:   0.17 kB
.svelte-kit/output/client/_app/immutable/nodes/78.CMcBACbZ.js                                      0.17 kB │ gzip:   0.17 kB
.svelte-kit/output/client/_app/immutable/nodes/82.CMcBACbZ.js                                      0.17 kB │ gzip:   0.17 kB
.svelte-kit/output/client/_app/immutable/nodes/83.CMcBACbZ.js                                      0.17 kB │ gzip:   0.17 kB
.svelte-kit/output/client/_app/immutable/nodes/84.CMcBACbZ.js                                      0.17 kB │ gzip:   0.17 kB
.svelte-kit/output/client/_app/immutable/nodes/85.CMcBACbZ.js                                      0.17 kB │ gzip:   0.17 kB
.svelte-kit/output/client/_app/immutable/nodes/87.CMcBACbZ.js                                      0.17 kB │ gzip:   0.17 kB
.svelte-kit/output/client/_app/immutable/nodes/90.CMcBACbZ.js                                      0.17 kB │ gzip:   0.17 kB
.svelte-kit/output/client/_app/immutable/nodes/91.CMcBACbZ.js                                      0.17 kB │ gzip:   0.17 kB
.svelte-kit/output/client/_app/immutable/nodes/93.CMcBACbZ.js                                      0.17 kB │ gzip:   0.17 kB
.svelte-kit/output/client/_app/immutable/nodes/94.CMcBACbZ.js                                      0.17 kB │ gzip:   0.17 kB
.svelte-kit/output/client/_app/immutable/nodes/95.CMcBACbZ.js                                      0.17 kB │ gzip:   0.17 kB
.svelte-kit/output/client/_app/immutable/nodes/96.CMcBACbZ.js                                      0.17 kB │ gzip:   0.17 kB
.svelte-kit/output/client/_app/immutable/nodes/99.CMcBACbZ.js                                      0.17 kB │ gzip:   0.17 kB
.svelte-kit/output/client/_app/immutable/chunks/SLxhhS6o.js                                        0.18 kB │ gzip:   0.15 kB
.svelte-kit/output/client/_app/immutable/chunks/9BcW2aBu.js                                        0.18 kB │ gzip:   0.15 kB
.svelte-kit/output/client/_app/immutable/chunks/B8I5RM3J.js                                        0.18 kB │ gzip:   0.15 kB
.svelte-kit/output/client/_app/immutable/chunks/frw9TtqH.js                                        0.18 kB │ gzip:   0.16 kB
.svelte-kit/output/client/_app/immutable/chunks/__p-OK1U.js                                        0.18 kB │ gzip:   0.17 kB
.svelte-kit/output/client/_app/immutable/chunks/B6P0HM0P.js                                        0.19 kB │ gzip:   0.14 kB
.svelte-kit/output/client/_app/immutable/chunks/DfrC2_eO.js                                        0.19 kB │ gzip:   0.15 kB
.svelte-kit/output/client/_app/immutable/chunks/1vwjCPly.js                                        0.19 kB │ gzip:   0.16 kB
.svelte-kit/output/client/_app/immutable/chunks/BZEj-uVh.js                                        0.20 kB │ gzip:   0.18 kB
.svelte-kit/output/client/_app/immutable/chunks/BeHEYgxL.js                                        0.21 kB │ gzip:   0.19 kB
.svelte-kit/output/client/_app/immutable/chunks/wGaqooAd.js                                        0.22 kB │ gzip:   0.17 kB
.svelte-kit/output/client/_app/immutable/chunks/pxSACchY.js                                        0.23 kB │ gzip:   0.21 kB
.svelte-kit/output/client/_app/immutable/chunks/DNuahAaD.js                                        0.23 kB │ gzip:   0.19 kB
.svelte-kit/output/client/_app/immutable/chunks/V03NH6cV.js                                        0.23 kB │ gzip:   0.18 kB
.svelte-kit/output/client/_app/immutable/chunks/CMLdaNkb.js                                        0.23 kB │ gzip:   0.17 kB
.svelte-kit/output/client/_app/immutable/chunks/CereevS1.js                                        0.24 kB │ gzip:   0.17 kB
.svelte-kit/output/client/_app/immutable/chunks/C1QCzgXA.js                                        0.24 kB │ gzip:   0.21 kB
.svelte-kit/output/client/_app/immutable/chunks/BTIxJ-ON.js                                        0.24 kB │ gzip:   0.19 kB
.svelte-kit/output/client/_app/immutable/chunks/7M1nHGXD.js                                        0.25 kB │ gzip:   0.18 kB
.svelte-kit/output/client/_app/immutable/chunks/tsPuy_IQ.js                                        0.25 kB │ gzip:   0.19 kB
.svelte-kit/output/client/_app/immutable/chunks/mX3ppeJA.js                                        0.26 kB │ gzip:   0.18 kB
.svelte-kit/output/client/_app/immutable/chunks/8cNe_lN7.js                                        0.26 kB │ gzip:   0.20 kB
.svelte-kit/output/client/_app/immutable/chunks/CH8DjGuQ.js                                        0.28 kB │ gzip:   0.19 kB
.svelte-kit/output/client/_app/immutable/chunks/BX5kIoQq.js                                        0.28 kB │ gzip:   0.18 kB
.svelte-kit/output/client/_app/immutable/chunks/CQmM6IM9.js                                        0.28 kB │ gzip:   0.22 kB
.svelte-kit/output/client/_app/immutable/chunks/B7Aq-oyg.js                                        0.29 kB │ gzip:   0.15 kB
.svelte-kit/output/client/_app/immutable/chunks/Dzhr_kXn.js                                        0.30 kB │ gzip:   0.19 kB
.svelte-kit/output/client/_app/immutable/chunks/BXM4jTmX.js                                        0.30 kB │ gzip:   0.21 kB
.svelte-kit/output/client/_app/immutable/chunks/Ci-EcEYk.js                                        0.31 kB │ gzip:   0.21 kB
.svelte-kit/output/client/_app/immutable/chunks/DmTuS60b.js                                        0.32 kB │ gzip:   0.24 kB
.svelte-kit/output/client/_app/immutable/chunks/BJTY71-l.js                                        0.32 kB │ gzip:   0.21 kB
.svelte-kit/output/client/_app/immutable/chunks/DqU2ckj9.js                                        0.32 kB │ gzip:   0.27 kB
.svelte-kit/output/client/_app/immutable/chunks/wTOEoGMf.js                                        0.33 kB │ gzip:   0.21 kB
.svelte-kit/output/client/_app/immutable/chunks/CSBg6VBH.js                                        0.33 kB │ gzip:   0.25 kB
.svelte-kit/output/client/_app/immutable/chunks/DNpIpdi8.js                                        0.35 kB │ gzip:   0.20 kB
.svelte-kit/output/client/_app/immutable/chunks/DlXHqBVt.js                                        0.36 kB │ gzip:   0.26 kB
.svelte-kit/output/client/_app/immutable/chunks/CXZceIvh.js                                        0.36 kB │ gzip:   0.23 kB
.svelte-kit/output/client/_app/immutable/chunks/CuN2G1_b.js                                        0.36 kB │ gzip:   0.25 kB
.svelte-kit/output/client/_app/immutable/chunks/CN97reAP.js                                        0.36 kB │ gzip:   0.23 kB
.svelte-kit/output/client/_app/immutable/chunks/CdCtDJx8.js                                        0.36 kB │ gzip:   0.25 kB
.svelte-kit/output/client/_app/immutable/chunks/Hk5Gj6nV.js                                        0.37 kB │ gzip:   0.25 kB
.svelte-kit/output/client/_app/immutable/chunks/C0xmsLRI.js                                        0.37 kB │ gzip:   0.29 kB
.svelte-kit/output/client/_app/immutable/chunks/BGKTo5gU.js                                        0.37 kB │ gzip:   0.27 kB
.svelte-kit/output/client/_app/immutable/chunks/BBbMwpMz.js                                        0.37 kB │ gzip:   0.26 kB
.svelte-kit/output/client/_app/immutable/chunks/scdpTWgg.js                                        0.37 kB │ gzip:   0.25 kB
.svelte-kit/output/client/_app/immutable/chunks/xWlm4Dfc.js                                        0.37 kB │ gzip:   0.21 kB
.svelte-kit/output/client/_app/immutable/nodes/1.BVeGT_c0.js                                       0.38 kB │ gzip:   0.27 kB
.svelte-kit/output/client/_app/immutable/chunks/B570k9Ih.js                                        0.38 kB │ gzip:   0.23 kB
.svelte-kit/output/client/_app/immutable/chunks/DMMbNQNo.js                                        0.38 kB │ gzip:   0.28 kB
.svelte-kit/output/client/_app/immutable/chunks/DF9sGtHn.js                                        0.39 kB │ gzip:   0.27 kB
.svelte-kit/output/client/_app/immutable/chunks/D1ht5jha.js                                        0.39 kB │ gzip:   0.25 kB
.svelte-kit/output/client/_app/immutable/chunks/Dur11GZp.js                                        0.42 kB │ gzip:   0.27 kB
.svelte-kit/output/client/_app/immutable/chunks/CXQROY2v.js                                        0.43 kB │ gzip:   0.27 kB
.svelte-kit/output/client/_app/immutable/chunks/C4BwEKk4.js                                        0.43 kB │ gzip:   0.30 kB
.svelte-kit/output/client/_app/immutable/chunks/Bgqw-DOs.js                                        0.44 kB │ gzip:   0.28 kB
.svelte-kit/output/client/_app/immutable/nodes/25.B_n4BDE1.js                                      0.45 kB │ gzip:   0.29 kB
.svelte-kit/output/client/_app/immutable/chunks/D1ZHCFZD.js                                        0.46 kB │ gzip:   0.31 kB
.svelte-kit/output/client/_app/immutable/chunks/CkFv4Lv6.js                                        0.46 kB │ gzip:   0.30 kB
.svelte-kit/output/client/_app/immutable/chunks/FvN88m0V.js                                        0.47 kB │ gzip:   0.26 kB
.svelte-kit/output/client/_app/immutable/chunks/_xmTFQLV.js                                        0.48 kB │ gzip:   0.31 kB
.svelte-kit/output/client/_app/immutable/chunks/C3kJ57QO.js                                        0.48 kB │ gzip:   0.28 kB
.svelte-kit/output/client/_app/immutable/chunks/Qzs4DB7J.js                                        0.49 kB │ gzip:   0.32 kB
.svelte-kit/output/client/_app/immutable/chunks/B9REDI8W.js                                        0.50 kB │ gzip:   0.31 kB
.svelte-kit/output/client/_app/immutable/chunks/-UyI9lYi.js                                        0.51 kB │ gzip:   0.30 kB
.svelte-kit/output/client/_app/immutable/chunks/effxbzBs.js                                        0.51 kB │ gzip:   0.34 kB
.svelte-kit/output/client/_app/immutable/chunks/Cb0CrQ0m.js                                        0.53 kB │ gzip:   0.33 kB
.svelte-kit/output/client/_app/immutable/chunks/CM7iWWz3.js                                        0.53 kB │ gzip:   0.30 kB
.svelte-kit/output/client/_app/immutable/chunks/jzw03CWU.js                                        0.53 kB │ gzip:   0.35 kB
.svelte-kit/output/client/_app/immutable/chunks/BTagA5r5.js                                        0.54 kB │ gzip:   0.28 kB
.svelte-kit/output/client/_app/immutable/chunks/Cg2RYgZG.js                                        0.54 kB │ gzip:   0.34 kB
.svelte-kit/output/client/_app/immutable/chunks/-rXBZJNa.js                                        0.55 kB │ gzip:   0.31 kB
.svelte-kit/output/client/_app/immutable/chunks/CXKRCnU_.js                                        0.56 kB │ gzip:   0.39 kB
.svelte-kit/output/client/_app/immutable/chunks/CZAAe3zu.js                                        0.60 kB │ gzip:   0.36 kB
.svelte-kit/output/client/_app/immutable/chunks/BlhkLhJT.js                                        0.61 kB │ gzip:   0.33 kB
.svelte-kit/output/client/_app/immutable/chunks/A9UT30u_.js                                        0.62 kB │ gzip:   0.41 kB
.svelte-kit/output/client/_app/immutable/chunks/BDbBZmMp.js                                        0.63 kB │ gzip:   0.42 kB
.svelte-kit/output/client/_app/immutable/chunks/BEOye62G.js                                        0.64 kB │ gzip:   0.37 kB
.svelte-kit/output/client/_app/immutable/chunks/D0s2hbGR.js                                        0.65 kB │ gzip:   0.42 kB
.svelte-kit/output/client/_app/immutable/chunks/C-uctyeh.js                                        0.67 kB │ gzip:   0.44 kB
.svelte-kit/output/client/_app/immutable/chunks/Byl_D19b.js                                        0.68 kB │ gzip:   0.39 kB
.svelte-kit/output/client/_app/immutable/chunks/MUtI-521.js                                        0.68 kB │ gzip:   0.46 kB
.svelte-kit/output/client/_app/immutable/chunks/n9uKBa-H.js                                        0.69 kB │ gzip:   0.44 kB
.svelte-kit/output/client/_app/immutable/nodes/81.6_3JbUjn.js                                      0.69 kB │ gzip:   0.44 kB
.svelte-kit/output/client/_app/immutable/chunks/ClMrgZWq.js                                        0.69 kB │ gzip:   0.43 kB
.svelte-kit/output/client/_app/immutable/chunks/CREUbGuo.js                                        0.69 kB │ gzip:   0.46 kB
.svelte-kit/output/client/_app/immutable/chunks/DQqdFW2U.js                                        0.69 kB │ gzip:   0.37 kB
.svelte-kit/output/client/_app/immutable/chunks/Dcfu646u.js                                        0.71 kB │ gzip:   0.42 kB
.svelte-kit/output/client/_app/immutable/chunks/CR6diVqy.js                                        0.72 kB │ gzip:   0.45 kB
.svelte-kit/output/client/_app/immutable/chunks/C3K4BGIJ.js                                        0.72 kB │ gzip:   0.40 kB
.svelte-kit/output/client/_app/immutable/chunks/DB9mpdhe.js                                        0.73 kB │ gzip:   0.41 kB
.svelte-kit/output/client/_app/immutable/chunks/DX1S2RnY.js                                        0.75 kB │ gzip:   0.42 kB
.svelte-kit/output/client/_app/immutable/chunks/Czfn8Ojs.js                                        0.75 kB │ gzip:   0.39 kB
.svelte-kit/output/client/_app/immutable/chunks/D8vojqcN.js                                        0.76 kB │ gzip:   0.40 kB
.svelte-kit/output/client/_app/immutable/chunks/CFa3Dise.js                                        0.77 kB │ gzip:   0.43 kB
.svelte-kit/output/client/_app/immutable/chunks/DwGNQrtg.js                                        0.79 kB │ gzip:   0.40 kB
.svelte-kit/output/client/_app/immutable/chunks/Bxuotnsl.js                                        0.81 kB │ gzip:   0.45 kB
.svelte-kit/output/client/_app/immutable/chunks/uTYEF_iN.js                                        0.81 kB │ gzip:   0.45 kB
.svelte-kit/output/client/_app/immutable/chunks/CnIZFwhs.js                                        0.83 kB │ gzip:   0.40 kB
.svelte-kit/output/client/_app/immutable/chunks/jjg2hDNe.js                                        0.83 kB │ gzip:   0.51 kB
.svelte-kit/output/client/_app/immutable/chunks/CkOVtG4I.js                                        0.84 kB │ gzip:   0.39 kB
.svelte-kit/output/client/_app/immutable/chunks/D8flxUvn.js                                        0.84 kB │ gzip:   0.51 kB
.svelte-kit/output/client/_app/immutable/chunks/Bi1kLlgI.js                                        0.84 kB │ gzip:   0.48 kB
.svelte-kit/output/client/_app/immutable/chunks/BkY10QhV.js                                        0.85 kB │ gzip:   0.41 kB
.svelte-kit/output/client/_app/immutable/chunks/DZpRK15T.js                                        0.86 kB │ gzip:   0.45 kB
.svelte-kit/output/client/_app/immutable/chunks/aj79k3_r.js                                        0.87 kB │ gzip:   0.40 kB
.svelte-kit/output/client/_app/immutable/chunks/DZt8rD5f.js                                        0.89 kB │ gzip:   0.48 kB
.svelte-kit/output/client/_app/immutable/chunks/BaMJWXkh.js                                        0.92 kB │ gzip:   0.53 kB
.svelte-kit/output/client/_app/immutable/chunks/BXjVzsfm.js                                        0.96 kB │ gzip:   0.55 kB
.svelte-kit/output/client/_app/immutable/chunks/DitI71Yn.js                                        0.99 kB │ gzip:   0.49 kB
.svelte-kit/output/client/_app/immutable/chunks/FA8R00Yr.js                                        1.00 kB │ gzip:   0.54 kB
.svelte-kit/output/client/_app/immutable/chunks/CjCOMZrB.js                                        1.02 kB │ gzip:   0.58 kB
.svelte-kit/output/client/_app/immutable/chunks/aQz3wVEf.js                                        1.03 kB │ gzip:   0.58 kB
.svelte-kit/output/client/_app/immutable/chunks/BeBAkJG1.js                                        1.04 kB │ gzip:   0.57 kB
.svelte-kit/output/client/_app/immutable/chunks/C93wNq_c.js                                        1.05 kB │ gzip:   0.55 kB
.svelte-kit/output/client/_app/immutable/chunks/Cj2SBP4n.js                                        1.07 kB │ gzip:   0.64 kB
.svelte-kit/output/client/_app/immutable/chunks/BrFpzaWE.js                                        1.07 kB │ gzip:   0.57 kB
.svelte-kit/output/client/_app/immutable/chunks/Dq1SlCwx.js                                        1.08 kB │ gzip:   0.62 kB
.svelte-kit/output/client/_app/immutable/chunks/DaeaNExf.js                                        1.08 kB │ gzip:   0.58 kB
.svelte-kit/output/client/_app/immutable/chunks/CnKWj3ck.js                                        1.12 kB │ gzip:   0.60 kB
.svelte-kit/output/client/_app/immutable/chunks/BoIajNw8.js                                        1.12 kB │ gzip:   0.40 kB
.svelte-kit/output/client/_app/immutable/chunks/By5DcFGs.js                                        1.15 kB │ gzip:   0.59 kB
.svelte-kit/output/client/_app/immutable/chunks/h3vVlrP2.js                                        1.16 kB │ gzip:   0.62 kB
.svelte-kit/output/client/_app/immutable/chunks/ZHnbLW95.js                                        1.16 kB │ gzip:   0.69 kB
.svelte-kit/output/client/_app/immutable/chunks/BP8Q5YD8.js                                        1.17 kB │ gzip:   0.66 kB
.svelte-kit/output/client/_app/immutable/chunks/BivVJTqR.js                                        1.22 kB │ gzip:   0.73 kB
.svelte-kit/output/client/_app/immutable/nodes/41.CkXRJOnU.js                                      1.25 kB │ gzip:   0.70 kB
.svelte-kit/output/client/_app/immutable/chunks/Dp1pzeXC.js                                        1.27 kB │ gzip:   0.73 kB
.svelte-kit/output/client/_app/immutable/chunks/CYvkKnas.js                                        1.28 kB │ gzip:   0.52 kB
.svelte-kit/output/client/_app/immutable/chunks/8rQpeU9Q.js                                        1.28 kB │ gzip:   0.67 kB
.svelte-kit/output/client/_app/immutable/chunks/BxThj5WO.js                                        1.29 kB │ gzip:   0.79 kB
.svelte-kit/output/client/_app/immutable/chunks/CXdXmpjs.js                                        1.29 kB │ gzip:   0.75 kB
.svelte-kit/output/client/_app/immutable/chunks/wbPk3Yxo.js                                        1.37 kB │ gzip:   0.66 kB
.svelte-kit/output/client/_app/immutable/chunks/PDPjR0o2.js                                        1.39 kB │ gzip:   0.67 kB
.svelte-kit/output/client/_app/immutable/chunks/CiWow26T.js                                        1.41 kB │ gzip:   0.85 kB
.svelte-kit/output/client/_app/immutable/chunks/H0Jzc5D-.js                                        1.44 kB │ gzip:   0.67 kB
.svelte-kit/output/client/_app/immutable/chunks/BfRz47uH.js                                        1.44 kB │ gzip:   0.75 kB
.svelte-kit/output/client/_app/immutable/chunks/Dz-9PJvg.js                                        1.48 kB │ gzip:   0.65 kB
.svelte-kit/output/client/_app/immutable/chunks/DmB5ISWV.js                                        1.48 kB │ gzip:   0.68 kB
.svelte-kit/output/client/_app/immutable/chunks/DVhglEmt.js                                        1.51 kB │ gzip:   0.76 kB
.svelte-kit/output/client/_app/immutable/chunks/CB_qq-IC.js                                        1.51 kB │ gzip:   0.73 kB
.svelte-kit/output/client/_app/immutable/chunks/KbYXXD3s.js                                        1.53 kB │ gzip:   0.73 kB
.svelte-kit/output/client/_app/immutable/nodes/26.f9oswj4w.js                                      1.53 kB │ gzip:   0.76 kB
.svelte-kit/output/client/_app/immutable/chunks/BwYfj_yp.js                                        1.53 kB │ gzip:   0.71 kB
.svelte-kit/output/client/_app/immutable/chunks/BByYQP7h.js                                        1.53 kB │ gzip:   0.82 kB
.svelte-kit/output/client/_app/immutable/chunks/8GlleIB0.js                                        1.55 kB │ gzip:   0.64 kB
.svelte-kit/output/client/_app/immutable/chunks/jQj4ZK3F.js                                        1.55 kB │ gzip:   0.90 kB
.svelte-kit/output/client/_app/immutable/chunks/CrBn5yXd.js                                        1.56 kB │ gzip:   0.92 kB
.svelte-kit/output/client/_app/immutable/chunks/CXMGSda2.js                                        1.62 kB │ gzip:   0.81 kB
.svelte-kit/output/client/_app/immutable/chunks/BYL-iKSv.js                                        1.63 kB │ gzip:   0.91 kB
.svelte-kit/output/client/_app/immutable/chunks/C8_Mo-vh.js                                        1.63 kB │ gzip:   0.85 kB
.svelte-kit/output/client/_app/immutable/chunks/KdGNKvJn.js                                        1.68 kB │ gzip:   0.73 kB
.svelte-kit/output/client/_app/immutable/chunks/M6Mvhkhg.js                                        1.68 kB │ gzip:   0.92 kB
.svelte-kit/output/client/_app/immutable/chunks/DdspZlUy.js                                        1.72 kB │ gzip:   0.83 kB
.svelte-kit/output/client/_app/immutable/chunks/hinC8bVa.js                                        1.73 kB │ gzip:   0.65 kB
.svelte-kit/output/client/_app/immutable/chunks/B_XCrFlj.js                                        1.74 kB │ gzip:   0.94 kB
.svelte-kit/output/client/_app/immutable/chunks/DFt1GqAi.js                                        1.81 kB │ gzip:   0.93 kB
.svelte-kit/output/client/_app/immutable/chunks/CIOspgjw.js                                        1.81 kB │ gzip:   0.91 kB
.svelte-kit/output/client/_app/immutable/chunks/DsxApkWn.js                                        1.82 kB │ gzip:   0.61 kB
.svelte-kit/output/client/_app/immutable/chunks/DdflfY4G.js                                        1.85 kB │ gzip:   0.97 kB
.svelte-kit/output/client/_app/immutable/chunks/Dsql0Pi-.js                                        1.85 kB │ gzip:   0.77 kB
.svelte-kit/output/client/_app/immutable/chunks/rgnQAqPU.js                                        1.86 kB │ gzip:   0.91 kB
.svelte-kit/output/client/_app/immutable/chunks/BjXokOiu.js                                        1.86 kB │ gzip:   1.01 kB
.svelte-kit/output/client/_app/immutable/chunks/k60A5n4m.js                                        1.88 kB │ gzip:   0.94 kB
.svelte-kit/output/client/_app/immutable/nodes/113.C2JY4POD.js                                     1.90 kB │ gzip:   0.98 kB
.svelte-kit/output/client/_app/immutable/chunks/Cs-aCAE-.js                                        1.91 kB │ gzip:   0.92 kB
.svelte-kit/output/client/_app/immutable/chunks/BV4j4NdQ.js                                        1.94 kB │ gzip:   0.97 kB
.svelte-kit/output/client/_app/immutable/chunks/BApenPx-.js                                        1.95 kB │ gzip:   0.85 kB
.svelte-kit/output/client/_app/immutable/chunks/EO6iS8v5.js                                        1.96 kB │ gzip:   1.05 kB
.svelte-kit/output/client/_app/immutable/chunks/DNIvtsr9.js                                        1.97 kB │ gzip:   1.09 kB
.svelte-kit/output/client/_app/immutable/chunks/DhN5Ghfc.js                                        1.98 kB │ gzip:   0.73 kB
.svelte-kit/output/client/_app/immutable/chunks/jRg0srZl.js                                        2.01 kB │ gzip:   0.95 kB
.svelte-kit/output/client/_app/immutable/chunks/CKwpC4_d.js                                        2.07 kB │ gzip:   1.10 kB
.svelte-kit/output/client/_app/immutable/chunks/DQxJqRlN.js                                        2.07 kB │ gzip:   1.02 kB
.svelte-kit/output/client/_app/immutable/chunks/Cwm8BWCV.js                                        2.11 kB │ gzip:   0.88 kB
.svelte-kit/output/client/_app/immutable/chunks/geDqVoTq.js                                        2.13 kB │ gzip:   0.97 kB
.svelte-kit/output/client/_app/immutable/chunks/DLQp6fDL.js                                        2.17 kB │ gzip:   1.14 kB
.svelte-kit/output/client/_app/immutable/chunks/_xHIpcov.js                                        2.17 kB │ gzip:   1.10 kB
.svelte-kit/output/client/_app/immutable/chunks/Fj-IFhFK.js                                        2.18 kB │ gzip:   0.79 kB
.svelte-kit/output/client/_app/immutable/chunks/h0vik2L1.js                                        2.19 kB │ gzip:   1.15 kB
.svelte-kit/output/client/_app/immutable/chunks/B5FqcjIo.js                                        2.27 kB │ gzip:   1.25 kB
.svelte-kit/output/client/_app/immutable/chunks/a71GoGUf.js                                        2.29 kB │ gzip:   1.21 kB
.svelte-kit/output/client/_app/immutable/chunks/Cv4MJv8j.js                                        2.29 kB │ gzip:   1.14 kB
.svelte-kit/output/client/_app/immutable/chunks/BKansoj1.js                                        2.30 kB │ gzip:   1.33 kB
.svelte-kit/output/client/_app/immutable/chunks/C3VpjUsR.js                                        2.35 kB │ gzip:   0.98 kB
.svelte-kit/output/client/_app/immutable/chunks/BJdTjYeJ.js                                        2.41 kB │ gzip:   1.13 kB
.svelte-kit/output/client/_app/immutable/chunks/BStkj9GB.js                                        2.42 kB │ gzip:   1.06 kB
.svelte-kit/output/client/_app/immutable/chunks/FN-iMIll.js                                        2.43 kB │ gzip:   1.15 kB
.svelte-kit/output/client/_app/immutable/nodes/92.BEcPDDBI.js                                      2.47 kB │ gzip:   1.24 kB
.svelte-kit/output/client/_app/immutable/chunks/wxkofBhX.js                                        2.49 kB │ gzip:   0.81 kB
.svelte-kit/output/client/_app/immutable/chunks/D5DM_jA8.js                                        2.54 kB │ gzip:   1.28 kB
.svelte-kit/output/client/_app/immutable/chunks/Um0JEJeR.js                                        2.59 kB │ gzip:   1.14 kB
.svelte-kit/output/client/_app/immutable/chunks/DIYyOrWJ.js                                        2.60 kB │ gzip:   1.14 kB
.svelte-kit/output/client/_app/immutable/chunks/DEcFrisX.js                                        2.63 kB │ gzip:   1.36 kB
.svelte-kit/output/client/_app/immutable/nodes/105.BdjO2d3r.js                                     2.77 kB │ gzip:   1.43 kB
.svelte-kit/output/client/_app/immutable/chunks/BZhZylIs.js                                        2.81 kB │ gzip:   1.25 kB
.svelte-kit/output/client/_app/immutable/chunks/Cw5k7m7X.js                                        2.83 kB │ gzip:   1.35 kB
.svelte-kit/output/client/_app/immutable/chunks/DFwvvg7y.js                                        2.83 kB │ gzip:   1.40 kB
.svelte-kit/output/client/_app/immutable/chunks/Cu63WFgP.js                                        2.83 kB │ gzip:   1.30 kB
.svelte-kit/output/client/_app/immutable/chunks/CQgks5l7.js                                        2.89 kB │ gzip:   1.35 kB
.svelte-kit/output/client/_app/immutable/chunks/DbHxKPXo.js                                        2.89 kB │ gzip:   1.08 kB
.svelte-kit/output/client/_app/immutable/chunks/DYPFW0DN.js                                        2.89 kB │ gzip:   1.47 kB
.svelte-kit/output/client/_app/immutable/chunks/sQHWaYIe.js                                        2.94 kB │ gzip:   1.13 kB
.svelte-kit/output/client/_app/immutable/chunks/DyCYKnv4.js                                        2.94 kB │ gzip:   1.35 kB
.svelte-kit/output/client/_app/immutable/chunks/oaPBr3BA.js                                        2.94 kB │ gzip:   0.87 kB
.svelte-kit/output/client/_app/immutable/chunks/DYVCDYoC.js                                        2.96 kB │ gzip:   1.06 kB
.svelte-kit/output/client/_app/immutable/chunks/skflMN-I.js                                        2.98 kB │ gzip:   1.53 kB
.svelte-kit/output/client/_app/immutable/nodes/98.B_hHs2mr.js                                      2.98 kB │ gzip:   1.47 kB
.svelte-kit/output/client/_app/immutable/nodes/107.BARvb7xK.js                                     3.00 kB │ gzip:   1.36 kB
.svelte-kit/output/client/_app/immutable/chunks/irh4FQgc.js                                        3.04 kB │ gzip:   1.32 kB
.svelte-kit/output/client/_app/immutable/chunks/3acfRV9I.js                                        3.10 kB │ gzip:   1.37 kB
.svelte-kit/output/client/_app/immutable/chunks/DyHwsxMq.js                                        3.24 kB │ gzip:   1.55 kB
.svelte-kit/output/client/_app/immutable/chunks/DZSFDEU0.js                                        3.34 kB │ gzip:   1.32 kB
.svelte-kit/output/client/_app/immutable/chunks/IJXFTGgR.js                                        3.38 kB │ gzip:   1.39 kB
.svelte-kit/output/client/_app/immutable/chunks/ClUYqTiR.js                                        3.44 kB │ gzip:   1.65 kB
.svelte-kit/output/client/_app/immutable/chunks/Bhgt19c5.js                                        3.45 kB │ gzip:   1.44 kB
.svelte-kit/output/client/_app/immutable/chunks/DD8hPB8Z.js                                        3.45 kB │ gzip:   1.53 kB
.svelte-kit/output/client/_app/immutable/chunks/Oe4h_TbQ.js                                        3.50 kB │ gzip:   1.64 kB
.svelte-kit/output/client/_app/immutable/chunks/DnSn8YOY.js                                        3.51 kB │ gzip:   1.63 kB
.svelte-kit/output/client/_app/immutable/chunks/BMkJJHDT.js                                        3.62 kB │ gzip:   1.37 kB
.svelte-kit/output/client/_app/immutable/chunks/qmkp8TXp.js                                        3.62 kB │ gzip:   1.46 kB
.svelte-kit/output/client/_app/immutable/chunks/UPqPgW_8.js                                        3.70 kB │ gzip:   1.79 kB
.svelte-kit/output/client/_app/immutable/chunks/DW4wNA1c.js                                        3.77 kB │ gzip:   1.79 kB
.svelte-kit/output/client/_app/immutable/chunks/Dh49uqmB.js                                        3.80 kB │ gzip:   1.69 kB
.svelte-kit/output/client/_app/immutable/chunks/LJKNNzVU.js                                        3.80 kB │ gzip:   1.51 kB
.svelte-kit/output/client/_app/immutable/chunks/BwpplH6O.js                                        3.94 kB │ gzip:   1.83 kB
.svelte-kit/output/client/_app/immutable/chunks/BcnqTA9H.js                                        3.97 kB │ gzip:   1.71 kB
.svelte-kit/output/client/_app/immutable/chunks/h7huZLaC.js                                        4.01 kB │ gzip:   1.95 kB
.svelte-kit/output/client/_app/immutable/chunks/CFUHO-ki.js                                        4.02 kB │ gzip:   1.22 kB
.svelte-kit/output/client/_app/immutable/chunks/CSnihIC4.js                                        4.08 kB │ gzip:   1.58 kB
.svelte-kit/output/client/_app/immutable/chunks/BQWXjBAP.js                                        4.10 kB │ gzip:   1.71 kB
.svelte-kit/output/client/_app/immutable/nodes/61.ChY5vOm1.js                                      4.11 kB │ gzip:   1.73 kB
.svelte-kit/output/client/_app/immutable/chunks/h9XYIo8X.js                                        4.15 kB │ gzip:   1.84 kB
.svelte-kit/output/client/_app/immutable/chunks/aVxohf_L.js                                        4.22 kB │ gzip:   1.55 kB
.svelte-kit/output/client/_app/immutable/chunks/CSojo7Qm.js                                        4.22 kB │ gzip:   1.96 kB
.svelte-kit/output/client/_app/immutable/chunks/LeIn9Byo.js                                        4.25 kB │ gzip:   1.43 kB
.svelte-kit/output/client/_app/immutable/chunks/BZkPd8ZB.js                                        4.28 kB │ gzip:   2.04 kB
.svelte-kit/output/client/_app/immutable/nodes/80.CnM0VFzy.js                                      4.29 kB │ gzip:   1.93 kB
.svelte-kit/output/client/_app/immutable/chunks/CgKYuAGH.js                                        4.31 kB │ gzip:   1.51 kB
.svelte-kit/output/client/_app/immutable/chunks/ItZbwqZR.js                                        4.34 kB │ gzip:   2.08 kB
.svelte-kit/output/client/_app/immutable/chunks/PLNE_Ulk.js                                        4.47 kB │ gzip:   1.94 kB
.svelte-kit/output/client/_app/immutable/chunks/Bupbgdlg.js                                        4.64 kB │ gzip:   1.78 kB
.svelte-kit/output/client/_app/immutable/chunks/BNwJuyOL.js                                        4.68 kB │ gzip:   1.79 kB
.svelte-kit/output/client/_app/immutable/chunks/CPJwIVcc.js                                        4.80 kB │ gzip:   1.84 kB
.svelte-kit/output/client/_app/immutable/chunks/C9LfGU8S.js                                        4.80 kB │ gzip:   2.19 kB
.svelte-kit/output/client/_app/immutable/chunks/BfXYPtLe.js                                        4.85 kB │ gzip:   2.10 kB
.svelte-kit/output/client/_app/immutable/chunks/w7XcQnNW.js                                        4.88 kB │ gzip:   2.29 kB
.svelte-kit/output/client/_app/immutable/chunks/Bm2W734t.js                                        4.94 kB │ gzip:   1.80 kB
.svelte-kit/output/client/_app/immutable/chunks/nEIz9TFw.js                                        4.95 kB │ gzip:   1.56 kB
.svelte-kit/output/client/_app/immutable/chunks/3J36v2-v.js                                        4.96 kB │ gzip:   2.29 kB
.svelte-kit/output/client/_app/immutable/chunks/Dw44GE33.js                                        5.02 kB │ gzip:   2.26 kB
.svelte-kit/output/client/_app/immutable/chunks/Cqu8bjRQ.js                                        5.03 kB │ gzip:   2.01 kB
.svelte-kit/output/client/_app/immutable/chunks/gXkjtV40.js                                        5.05 kB │ gzip:   2.49 kB
.svelte-kit/output/client/_app/immutable/chunks/DfUV9Pgr.js                                        5.16 kB │ gzip:   2.09 kB
.svelte-kit/output/client/_app/immutable/chunks/CuumQ6OD.js                                        5.22 kB │ gzip:   2.05 kB
.svelte-kit/output/client/_app/immutable/chunks/tyQrMib1.js                                        5.29 kB │ gzip:   2.44 kB
.svelte-kit/output/client/_app/immutable/chunks/DL6uumdc.js                                        5.40 kB │ gzip:   2.04 kB
.svelte-kit/output/client/_app/immutable/chunks/C2Pc2SpT.js                                        5.45 kB │ gzip:   2.24 kB
.svelte-kit/output/client/_app/immutable/chunks/WuSeDwhV.js                                        5.55 kB │ gzip:   1.71 kB
.svelte-kit/output/client/_app/immutable/nodes/22.Bj3CCjzC.js                                      5.84 kB │ gzip:   2.64 kB
.svelte-kit/output/client/_app/immutable/chunks/D_Z225dp.js                                        5.92 kB │ gzip:   2.11 kB
.svelte-kit/output/client/_app/immutable/nodes/70.CLI5iCrt.js                                      6.04 kB │ gzip:   2.53 kB
.svelte-kit/output/client/_app/immutable/chunks/PSpsjRN_.js                                        6.10 kB │ gzip:   2.53 kB
.svelte-kit/output/client/_app/immutable/nodes/54.DsyXzfpC.js                                      6.21 kB │ gzip:   2.77 kB
.svelte-kit/output/client/_app/immutable/chunks/CMlf1EPs.js                                        6.25 kB │ gzip:   2.70 kB
.svelte-kit/output/client/_app/immutable/nodes/29.YFc71FRV.js                                      6.44 kB │ gzip:   2.88 kB
.svelte-kit/output/client/_app/immutable/chunks/IG3-dWdj.js                                        6.46 kB │ gzip:   2.52 kB
.svelte-kit/output/client/_app/immutable/chunks/C-5c0S4d.js                                        6.54 kB │ gzip:   2.70 kB
.svelte-kit/output/client/_app/immutable/chunks/CiUknaVc.js                                        6.74 kB │ gzip:   2.99 kB
.svelte-kit/output/client/_app/immutable/chunks/BPvTZ-8u.js                                        6.77 kB │ gzip:   2.69 kB
.svelte-kit/output/client/_app/immutable/chunks/Bl-5eRS6.js                                        6.81 kB │ gzip:   2.68 kB
.svelte-kit/output/client/_app/immutable/chunks/DXEGAdAX.js                                        6.87 kB │ gzip:   2.23 kB
.svelte-kit/output/client/_app/immutable/nodes/57.dW0pkHo1.js                                      6.93 kB │ gzip:   2.80 kB
.svelte-kit/output/client/_app/immutable/chunks/Lx_ylfD7.js                                        7.00 kB │ gzip:   2.97 kB
.svelte-kit/output/client/_app/immutable/nodes/55.BOJ8VjGh.js                                      7.18 kB │ gzip:   2.96 kB
.svelte-kit/output/client/_app/immutable/nodes/89._kaHnUkS.js                                      7.21 kB │ gzip:   2.94 kB
.svelte-kit/output/client/_app/immutable/chunks/DWbXTZfJ.js                                        7.28 kB │ gzip:   3.29 kB
.svelte-kit/output/client/_app/immutable/nodes/108.DYE2rTrq.js                                     7.43 kB │ gzip:   3.25 kB
.svelte-kit/output/client/_app/immutable/nodes/21.Bwu2uCh6.js                                      7.57 kB │ gzip:   3.37 kB
.svelte-kit/output/client/_app/immutable/chunks/DcF2SaAt.js                                        7.65 kB │ gzip:   3.34 kB
.svelte-kit/output/client/_app/immutable/nodes/122.D2PfbKds.js                                     7.79 kB │ gzip:   3.51 kB
.svelte-kit/output/client/_app/immutable/chunks/r2ogBa56.js                                        7.83 kB │ gzip:   1.39 kB
.svelte-kit/output/client/_app/immutable/chunks/D7YpcKCH.js                                        8.02 kB │ gzip:   3.26 kB
.svelte-kit/output/client/_app/immutable/chunks/Bf5CGCSK.js                                        8.06 kB │ gzip:   3.09 kB
.svelte-kit/output/client/_app/immutable/nodes/109.2U5m-Vfv.js                                     8.14 kB │ gzip:   3.20 kB
.svelte-kit/output/client/_app/immutable/nodes/20.DudYn_k6.js                                      8.57 kB │ gzip:   3.65 kB
.svelte-kit/output/client/_app/immutable/chunks/DOI4JC9F.js                                        8.70 kB │ gzip:   3.33 kB
.svelte-kit/output/client/_app/immutable/nodes/35.DZsu9RdW.js                                      8.72 kB │ gzip:   3.83 kB
.svelte-kit/output/client/_app/immutable/nodes/97.CE_xR-EZ.js                                      9.13 kB │ gzip:   3.50 kB
.svelte-kit/output/client/_app/immutable/nodes/79.CKU_mmap.js                                      9.25 kB │ gzip:   3.50 kB
.svelte-kit/output/client/_app/immutable/nodes/86.Do3vdLCF.js                                      9.26 kB │ gzip:   3.63 kB
.svelte-kit/output/client/_app/immutable/nodes/63.NC30A91v.js                                      9.39 kB │ gzip:   3.65 kB
.svelte-kit/output/client/_app/immutable/nodes/117.CrJPLuQM.js                                    10.06 kB │ gzip:   4.04 kB
.svelte-kit/output/client/_app/immutable/chunks/DIxNRQnw.js                                       10.31 kB │ gzip:   4.26 kB
.svelte-kit/output/client/_app/immutable/chunks/B-WqkVFz.js                                       10.40 kB │ gzip:   4.12 kB
.svelte-kit/output/client/_app/immutable/chunks/ZfQH61GK.js                                       10.66 kB │ gzip:   3.46 kB
.svelte-kit/output/client/_app/immutable/nodes/88.K4zrOJGM.js                                     10.87 kB │ gzip:   4.33 kB
.svelte-kit/output/client/_app/immutable/nodes/112.C86CNsNQ.js                                    11.17 kB │ gzip:   4.69 kB
.svelte-kit/output/client/_app/immutable/nodes/31.B98ikido.js                                     11.63 kB │ gzip:   4.56 kB
.svelte-kit/output/client/_app/immutable/chunks/D9BLtDPE.js                                       11.72 kB │ gzip:   4.47 kB
.svelte-kit/output/client/_app/immutable/chunks/C4-IXbCf.js                                       11.72 kB │ gzip:   3.76 kB
.svelte-kit/output/client/_app/immutable/nodes/17.DTBcvZ28.js                                     11.93 kB │ gzip:   4.25 kB
.svelte-kit/output/client/_app/immutable/nodes/4.Bmp4CG45.js                                      12.01 kB │ gzip:   4.54 kB
.svelte-kit/output/client/_app/immutable/nodes/69.Cqwe2YLp.js                                     12.08 kB │ gzip:   4.88 kB
.svelte-kit/output/client/_app/immutable/chunks/CAF81s2D.js                                       12.14 kB │ gzip:   4.05 kB
.svelte-kit/output/client/_app/immutable/chunks/CNfSnNDd.js                                       12.47 kB │ gzip:   5.21 kB
.svelte-kit/output/client/_app/immutable/nodes/51.B13J_Lnn.js                                     12.83 kB │ gzip:   4.90 kB
.svelte-kit/output/client/_app/immutable/nodes/32.D1WWTTZs.js                                     13.76 kB │ gzip:   5.32 kB
.svelte-kit/output/client/_app/immutable/nodes/16.OxddNLdg.js                                     13.91 kB │ gzip:   5.05 kB
.svelte-kit/output/client/_app/immutable/chunks/SoViSBwO.js                                       14.04 kB │ gzip:   5.03 kB
.svelte-kit/output/client/_app/immutable/nodes/38.B26-d_vU.js                                     14.57 kB │ gzip:   6.26 kB
.svelte-kit/output/client/_app/immutable/nodes/18.9Ljv9ml1.js                                     15.17 kB │ gzip:   5.67 kB
.svelte-kit/output/client/_app/immutable/chunks/BNRS2JD5.js                                       15.20 kB │ gzip:   5.78 kB
.svelte-kit/output/client/_app/immutable/nodes/3.DMS7P8Rz.js                                      15.80 kB │ gzip:   6.00 kB
.svelte-kit/output/client/_app/immutable/chunks/C6xHUsg2.js                                       15.83 kB │ gzip:   6.83 kB
.svelte-kit/output/client/_app/immutable/nodes/36.tZHXmPF7.js                                     16.02 kB │ gzip:   6.39 kB
.svelte-kit/output/client/_app/immutable/nodes/37.DNA74C1f.js                                     17.00 kB │ gzip:   6.60 kB
.svelte-kit/output/client/_app/immutable/nodes/28.gVCy-H30.js                                     17.13 kB │ gzip:   6.04 kB
.svelte-kit/output/client/_app/immutable/chunks/Dt2dfnYc.js                                       17.93 kB │ gzip:   6.63 kB
.svelte-kit/output/client/_app/immutable/nodes/49.BTxYuiEw.js                                     18.00 kB │ gzip:   6.78 kB
.svelte-kit/output/client/_app/immutable/chunks/Dksvxr0I.js                                       18.75 kB │ gzip:   7.73 kB
.svelte-kit/output/client/_app/immutable/nodes/118.BYbJmNgi.js                                    20.77 kB │ gzip:   7.83 kB
.svelte-kit/output/client/_app/immutable/nodes/9.CC6kyv1r.js                                      21.75 kB │ gzip:   8.15 kB
.svelte-kit/output/client/_app/immutable/nodes/42.BGn5VNo4.js                                     21.96 kB │ gzip:   8.40 kB
.svelte-kit/output/client/_app/immutable/chunks/DEyIt0e-.js                                       22.31 kB │ gzip:   5.69 kB
.svelte-kit/output/client/_app/immutable/nodes/116.CMDcByE-.js                                    22.44 kB │ gzip:   8.05 kB
.svelte-kit/output/client/_app/immutable/chunks/XF-0_PzC.js                                       22.90 kB │ gzip:   8.04 kB
.svelte-kit/output/client/_app/immutable/nodes/7.B3GShl5G.js                                      23.16 kB │ gzip:   8.70 kB
.svelte-kit/output/client/_app/immutable/nodes/5.DyyeKjbt.js                                      23.17 kB │ gzip:   8.25 kB
.svelte-kit/output/client/_app/immutable/chunks/ConXWoOc.js                                       24.01 kB │ gzip:   9.33 kB
.svelte-kit/output/client/_app/immutable/nodes/114.eUg12Umb.js                                    24.19 kB │ gzip:   9.24 kB
.svelte-kit/output/client/_app/immutable/nodes/8.7jEqICwI.js                                      26.38 kB │ gzip:   9.41 kB
.svelte-kit/output/client/_app/immutable/nodes/121.CpsrOrgW.js                                    28.37 kB │ gzip:   9.73 kB
.svelte-kit/output/client/_app/immutable/nodes/40.CvjA1dfW.js                                     28.87 kB │ gzip:  13.85 kB
.svelte-kit/output/client/_app/immutable/nodes/53.C9XYZCoQ.js                                     30.87 kB │ gzip:   9.89 kB
.svelte-kit/output/client/_app/immutable/chunks/tHfljsLV.js                                       31.07 kB │ gzip:  12.82 kB
.svelte-kit/output/client/_app/immutable/nodes/13.BL-TGiGT.js                                     31.98 kB │ gzip:  11.29 kB
.svelte-kit/output/client/_app/immutable/nodes/12.D4HT-hzQ.js                                     32.14 kB │ gzip:  11.08 kB
.svelte-kit/output/client/_app/immutable/nodes/10.B1mj74WT.js                                     32.53 kB │ gzip:  10.85 kB
.svelte-kit/output/client/_app/immutable/nodes/106.X4qYK7D3.js                                    33.33 kB │ gzip:  12.11 kB
.svelte-kit/output/client/_app/immutable/nodes/11.Jz_lIxZo.js                                     34.94 kB │ gzip:  12.44 kB
.svelte-kit/output/client/_app/immutable/nodes/14.mQiOAOuA.js                                     35.98 kB │ gzip:  12.64 kB
.svelte-kit/output/client/_app/immutable/chunks/CoArI9bG.js                                       36.23 kB │ gzip:  14.11 kB
.svelte-kit/output/client/_app/immutable/nodes/15.Dy5TuNoC.js                                     37.24 kB │ gzip:  12.48 kB
.svelte-kit/output/client/_app/immutable/chunks/BDjOuIKD.js                                       38.04 kB │ gzip:  10.77 kB
.svelte-kit/output/client/_app/immutable/chunks/BZWnBx1u.js                                       40.25 kB │ gzip:  15.71 kB
.svelte-kit/output/client/_app/immutable/nodes/34.BXbxtZYw.js                                     40.85 kB │ gzip:  13.18 kB
.svelte-kit/output/client/_app/immutable/chunks/BKiSi350.js                                       41.10 kB │ gzip:  15.51 kB
.svelte-kit/output/client/_app/immutable/nodes/30.C4Wjy89N.js                                     42.50 kB │ gzip:  13.11 kB
.svelte-kit/output/client/_app/immutable/nodes/64.BHzZNSZU.js                                     43.92 kB │ gzip:  14.30 kB
.svelte-kit/output/client/_app/immutable/chunks/n47tNPyv.js                                       44.39 kB │ gzip:  10.27 kB
.svelte-kit/output/client/_app/immutable/nodes/2.DNiRlT6o.js                                      44.50 kB │ gzip:  15.76 kB
.svelte-kit/output/client/_app/immutable/chunks/oSeV8IL5.js                                       56.01 kB │ gzip:  20.69 kB
.svelte-kit/output/client/_app/immutable/entry/app.DDM25t3f.js                                    62.20 kB │ gzip:  14.86 kB
.svelte-kit/output/client/_app/immutable/chunks/D52AZXBF.js                                       62.68 kB │ gzip:  21.29 kB
.svelte-kit/output/client/_app/immutable/chunks/JePX_Vvp.js                                       67.68 kB │ gzip:  20.06 kB
.svelte-kit/output/client/_app/immutable/chunks/7mKzbM9U.js                                       85.82 kB │ gzip:  28.90 kB
.svelte-kit/output/client/_app/immutable/nodes/120.CrbHxi3c.js                                   104.37 kB │ gzip:  36.26 kB
.svelte-kit/output/client/_app/immutable/chunks/DYY98RZo.js                                      129.10 kB │ gzip:  35.20 kB
.svelte-kit/output/client/_app/immutable/nodes/75.jO6QGHFs.js                                    192.65 kB │ gzip:  22.57 kB
.svelte-kit/output/client/_app/immutable/chunks/BNDTNUIh.js                                      216.62 kB │ gzip:  78.84 kB
.svelte-kit/output/client/_app/immutable/chunks/VJcNm7C7.js                                      409.52 kB │ gzip: 123.06 kB
✓ built in 16.75s
vite v6.4.3 building for production...
transforming...
✓ 6 modules transformed.
rendering chunks...
computing gzip size...
.svelte-kit/output/client/service-worker.mjs  68.99 kB │ gzip: 13.67 kB
✓ built in 14ms
.svelte-kit/output/server/.vite/manifest.json                                            167.34 kB
.svelte-kit/output/server/_app/immutable/assets/ChoiceChips.BbnDpI89.css                   0.04 kB
.svelte-kit/output/server/_app/immutable/assets/_page.of10DU40.css                         0.06 kB
.svelte-kit/output/server/_app/immutable/assets/_page.CEBZhOUt.css                         0.06 kB
.svelte-kit/output/server/_app/immutable/assets/TimePicker.CE82Svbs.css                    0.06 kB
.svelte-kit/output/server/_app/immutable/assets/_page.BVl2XI1B.css                         0.07 kB
.svelte-kit/output/server/_app/immutable/assets/ReadGate.TZFwY6rr.css                      0.07 kB
.svelte-kit/output/server/_app/immutable/assets/VoicePlayer.DfYc2k3w.css                   0.08 kB
.svelte-kit/output/server/_app/immutable/assets/_page.Bd46l6SV.css                         0.08 kB
.svelte-kit/output/server/_app/immutable/assets/DiscardSheet.BsHAsh63.css                  0.08 kB
.svelte-kit/output/server/_app/immutable/assets/_page.mj4dWElF.css                         0.08 kB
.svelte-kit/output/server/_app/immutable/assets/DatePicker.DlN0ynQY.css                    0.10 kB
.svelte-kit/output/server/_app/immutable/assets/Mark.DE7SL4Vi.css                          0.10 kB
.svelte-kit/output/server/_app/immutable/assets/StarredPhotoGrid.D4aGZdrr.css              0.10 kB
.svelte-kit/output/server/_app/immutable/assets/_page.CQcf1K4S.css                         0.10 kB
.svelte-kit/output/server/_app/immutable/assets/Field.Cp5H9ar4.css                         0.11 kB
.svelte-kit/output/server/_app/immutable/assets/Disclosure.BfdGALZ3.css                    0.11 kB
.svelte-kit/output/server/_app/immutable/assets/Sheet.WF98ji7b.css                         0.12 kB
.svelte-kit/output/server/_app/immutable/assets/PhotoChipRow.BTGNYTJS.css                  0.12 kB
.svelte-kit/output/server/_app/immutable/assets/AreaFinish.-OlMNacw.css                    0.12 kB
.svelte-kit/output/server/_app/immutable/assets/_page.CuNQlFjE.css                         0.16 kB
.svelte-kit/output/server/_app/immutable/assets/LockAfterChoice.Ddgi9Atd.css               0.16 kB
.svelte-kit/output/server/_app/immutable/assets/_page.S4ZZ67Tq.css                         0.18 kB
.svelte-kit/output/server/_app/immutable/assets/_page.SMKwTFWO.css                         0.18 kB
.svelte-kit/output/server/_app/immutable/assets/BatchedList.DCwU6d5m.css                   0.18 kB
.svelte-kit/output/server/_app/immutable/assets/recordEditor.C3Tj5awG.css                  0.18 kB
.svelte-kit/output/server/_app/immutable/assets/ChartEmpty.GQUIpUCB.css                    0.21 kB
.svelte-kit/output/server/_app/immutable/assets/_page.Cqpw2BgU.css                         0.22 kB
.svelte-kit/output/server/_app/immutable/assets/ReadReserve.C2LZY4RV.css                   0.23 kB
.svelte-kit/output/server/_app/immutable/assets/_page.eoVubTdL.css                         0.23 kB
.svelte-kit/output/server/_app/immutable/assets/SectionHeading.ID5KBm2j.css                0.28 kB
.svelte-kit/output/server/_app/immutable/assets/DayEntry.Bu5Wbcsl.css                      0.30 kB
.svelte-kit/output/server/_app/immutable/assets/DayStrip.B7QAMYMR.css                      0.30 kB
.svelte-kit/output/server/_app/immutable/assets/PhotoViewer.wiP4e9SP.css                   0.30 kB
.svelte-kit/output/server/_app/immutable/assets/_page.CQw7zpdv.css                         0.33 kB
.svelte-kit/output/server/_app/immutable/assets/_page.CI7QDOx4.css                         0.36 kB
.svelte-kit/output/server/_app/immutable/assets/_page.CXnhmm0l.css                         0.37 kB
.svelte-kit/output/server/_app/immutable/assets/MoodPicker.CvIeG4k5.css                    0.40 kB
.svelte-kit/output/server/_app/immutable/assets/_page.CPhR4P_6.css                         0.41 kB
.svelte-kit/output/server/_app/immutable/assets/_page.h46nGzGy.css                         0.42 kB
.svelte-kit/output/server/_app/immutable/assets/ResurfacedPhoto.BsNd1DnI.css               0.43 kB
.svelte-kit/output/server/_app/immutable/assets/_page.UPdwmlbY.css                         0.45 kB
.svelte-kit/output/server/_app/immutable/assets/_page.BDOcdHut.css                         0.47 kB
.svelte-kit/output/server/_app/immutable/assets/_page.DMTQKXfm.css                         0.52 kB
.svelte-kit/output/server/_app/immutable/assets/_page.BHn5oNMp.css                         0.57 kB
.svelte-kit/output/server/_app/immutable/assets/Slider.BXP1_4jw.css                        0.58 kB
.svelte-kit/output/server/_app/immutable/assets/_page.DuykILfM.css                         0.59 kB
.svelte-kit/output/server/_app/immutable/assets/AccessModeSetup.CY_RCkLZ.css               0.63 kB
.svelte-kit/output/server/_app/immutable/assets/_page.DQaaOZwE.css                         0.65 kB
.svelte-kit/output/server/_app/immutable/assets/ListRow.OT_lYC8_.css                       0.67 kB
.svelte-kit/output/server/_app/immutable/assets/_page.CREmaxDU.css                         0.69 kB
.svelte-kit/output/server/_app/immutable/assets/EntryDays.KFwCzU7O.css                     0.73 kB
.svelte-kit/output/server/_app/immutable/assets/paletteChoices.5eW7Hsp3.css                0.74 kB
.svelte-kit/output/server/_app/immutable/assets/_page.C-zrSfY2.css                         0.77 kB
.svelte-kit/output/server/_app/immutable/assets/BarRows.Bb6BeN1l.css                       0.80 kB
.svelte-kit/output/server/_app/immutable/assets/_page.DMq53CQh.css                         0.99 kB
.svelte-kit/output/server/_app/immutable/assets/PermissionList.BCzL9iFe.css                1.01 kB
.svelte-kit/output/server/_app/immutable/assets/AreaChart.tHrbTiod.css                     1.02 kB
.svelte-kit/output/server/_app/immutable/assets/_page.DPXysF5w.css                         1.04 kB
.svelte-kit/output/server/_app/immutable/assets/SectionJump.1J8E0XY_.css                   1.08 kB
.svelte-kit/output/server/_app/immutable/assets/_page.B53SW1_6.css                         1.12 kB
.svelte-kit/output/server/_app/immutable/assets/Progress.SBS-oeAf.css                      1.17 kB
.svelte-kit/output/server/_app/immutable/assets/VideoNotePlayer.DTdOsAFH.css               1.23 kB
.svelte-kit/output/server/_app/immutable/assets/_page.D7KdTqu1.css                         1.24 kB
.svelte-kit/output/server/_app/immutable/assets/_page.9MbRvaAX.css                         1.31 kB
.svelte-kit/output/server/_app/immutable/assets/_page.kEFcd-Te.css                         1.32 kB
.svelte-kit/output/server/_app/immutable/assets/_page.BnR614Hk.css                         1.34 kB
.svelte-kit/output/server/_app/immutable/assets/_page.Bn9GCQXX.css                         1.48 kB
.svelte-kit/output/server/_app/immutable/assets/MarginNotes.DlJD_wR_.css                   1.49 kB
.svelte-kit/output/server/_app/immutable/assets/_page.DS_vwP0z.css                         1.57 kB
.svelte-kit/output/server/_app/immutable/assets/_page.DBU3SNN6.css                         1.84 kB
.svelte-kit/output/server/_app/immutable/assets/_page.UXCVPqfq.css                         1.98 kB
.svelte-kit/output/server/_app/immutable/assets/_page.CFYcMjKX.css                         2.01 kB
.svelte-kit/output/server/_app/immutable/assets/_page.4n3QXRvz.css                         2.22 kB
.svelte-kit/output/server/_app/immutable/assets/MediaTransport.BN9-jv-w.css                2.38 kB
.svelte-kit/output/server/_app/immutable/assets/_page.DFMeOLli.css                         2.43 kB
.svelte-kit/output/server/_app/immutable/assets/LetterCard.Di-Uw7Zp.css                    2.45 kB
.svelte-kit/output/server/_app/immutable/assets/MonthJump.C0m-qm19.css                     2.45 kB
.svelte-kit/output/server/_app/immutable/assets/_page.CoKWfiC3.css                         2.52 kB
.svelte-kit/output/server/_app/immutable/assets/InjectionSiteMap.DHQEH5rW.css              2.92 kB
.svelte-kit/output/server/_app/immutable/assets/_page.DnvLKmo_.css                         3.03 kB
.svelte-kit/output/server/_app/immutable/assets/PhotoWipe.DKQOpbK5.css                     3.06 kB
.svelte-kit/output/server/_app/immutable/assets/_page.DKcmTNrm.css                         3.15 kB
.svelte-kit/output/server/_app/immutable/assets/_page.DF-lNooU.css                         3.17 kB
.svelte-kit/output/server/_app/immutable/assets/_page.Dy3w9UT7.css                         3.24 kB
.svelte-kit/output/server/_app/immutable/assets/_page.3q4PdC6L.css                         3.93 kB
.svelte-kit/output/server/_app/immutable/assets/_page.2NQjQ2Rh.css                         5.62 kB
.svelte-kit/output/server/_app/immutable/assets/_page.DYpW2GYQ.css                         5.75 kB
.svelte-kit/output/server/_app/immutable/assets/_page.iQZQGxvD.css                         5.81 kB
.svelte-kit/output/server/_app/immutable/assets/_page.BpFVhXVZ.css                         6.10 kB
.svelte-kit/output/server/_app/immutable/assets/_page.C7cKrYpr.css                         6.52 kB
.svelte-kit/output/server/_app/immutable/assets/_page.DkYsTFo2.css                         7.05 kB
.svelte-kit/output/server/_app/immutable/assets/EntryEditor.-FnDDmSr.css                   7.12 kB
.svelte-kit/output/server/_app/immutable/assets/_page.DULtU1Sy.css                         8.10 kB
.svelte-kit/output/server/_app/immutable/assets/_page.bo3SwQBz.css                         8.83 kB
.svelte-kit/output/server/_app/immutable/assets/_page.BLG8eB3C.css                        10.45 kB
.svelte-kit/output/server/_app/immutable/assets/PairedDots.ymNTlWXs.css                   11.18 kB
.svelte-kit/output/server/_app/immutable/assets/_layout.B6nbkXlZ.css                     124.72 kB
.svelte-kit/output/server/chunks/PickerHost.svelte_svelte_type_style_lang.js               0.00 kB
.svelte-kit/output/server/entries/pages/_layout.ts.js                                      0.08 kB
.svelte-kit/output/server/entries/pages/doses/_page.ts.js                                  0.08 kB
.svelte-kit/output/server/entries/pages/timeline/_page.ts.js                               0.08 kB
.svelte-kit/output/server/entries/pages/body/sizes/_page.ts.js                             0.08 kB
.svelte-kit/output/server/entries/pages/doubt/moments/_page.ts.js                          0.08 kB
.svelte-kit/output/server/entries/pages/doubt/readings/_page.ts.js                         0.08 kB
.svelte-kit/output/server/entries/pages/health/appointment-prep/_page.ts.js                0.08 kB
.svelte-kit/output/server/entries/pages/health/side-effects/_page.ts.js                    0.08 kB
.svelte-kit/output/server/entries/pages/practice/entry-templates/_page.ts.js               0.08 kB
.svelte-kit/output/server/entries/pages/practice/personal-effects/_page.ts.js              0.08 kB
.svelte-kit/output/server/entries/pages/practice/resources/_page.ts.js                     0.08 kB
.svelte-kit/output/server/entries/pages/practice/voice/_page.ts.js                         0.08 kB
.svelte-kit/output/server/entries/pages/practice/wear/_page.ts.js                          0.08 kB
.svelte-kit/output/server/entries/pages/search/questions/_page.ts.js                       0.08 kB
.svelte-kit/output/server/entries/pages/search/starred/_page.ts.js                         0.08 kB
.svelte-kit/output/server/entries/pages/settings/appointment-prep/_page.ts.js              0.08 kB
.svelte-kit/output/server/entries/pages/settings/clinician-summary/_page.ts.js             0.08 kB
.svelte-kit/output/server/entries/pages/settings/cycle-events/_page.ts.js                  0.08 kB
.svelte-kit/output/server/entries/pages/settings/dilation/_page.ts.js                      0.08 kB
.svelte-kit/output/server/entries/pages/settings/entry-templates/_page.ts.js               0.08 kB
.svelte-kit/output/server/entries/pages/settings/exposure/_page.ts.js                      0.08 kB
.svelte-kit/output/server/entries/pages/settings/hair-progress/_page.ts.js                 0.08 kB
.svelte-kit/output/server/entries/pages/settings/hair-removal/_page.ts.js                  0.08 kB
.svelte-kit/output/server/entries/pages/settings/hormone-curve/_page.ts.js                 0.08 kB
.svelte-kit/output/server/entries/pages/settings/journey-anchor/_page.ts.js                0.08 kB
.svelte-kit/output/server/entries/pages/settings/labs/_page.ts.js                          0.08 kB
.svelte-kit/output/server/entries/pages/settings/letters/_page.ts.js                       0.08 kB
.svelte-kit/output/server/entries/pages/settings/live-tiles/_page.ts.js                    0.08 kB
.svelte-kit/output/server/entries/pages/settings/measurements/_page.ts.js                  0.08 kB
.svelte-kit/output/server/entries/pages/settings/milestones/_page.ts.js                    0.08 kB
.svelte-kit/output/server/entries/pages/settings/personal-effects/_page.ts.js              0.08 kB
.svelte-kit/output/server/entries/pages/settings/photos/_page.ts.js                        0.08 kB
.svelte-kit/output/server/entries/pages/settings/presentations/_page.ts.js                 0.08 kB
.svelte-kit/output/server/entries/pages/settings/regimen/_page.ts.js                       0.08 kB
.svelte-kit/output/server/entries/pages/settings/resources/_page.ts.js                     0.08 kB
.svelte-kit/output/server/entries/pages/settings/roadmap/_page.ts.js                       0.08 kB
.svelte-kit/output/server/entries/pages/settings/side-effects/_page.ts.js                  0.08 kB
.svelte-kit/output/server/entries/pages/settings/sizes/_page.ts.js                         0.08 kB
.svelte-kit/output/server/entries/pages/settings/stock/_page.ts.js                         0.08 kB
.svelte-kit/output/server/entries/pages/settings/surgery/_page.ts.js                       0.08 kB
.svelte-kit/output/server/entries/pages/settings/tryouts/_page.ts.js                       0.08 kB
.svelte-kit/output/server/entries/pages/settings/voice/_page.ts.js                         0.08 kB
.svelte-kit/output/server/entries/pages/settings/wear/_page.ts.js                          0.08 kB
.svelte-kit/output/server/entries/pages/transition/eras/_page.ts.js                        0.08 kB
.svelte-kit/output/server/entries/pages/transition/presentations/_page.ts.js               0.08 kB
.svelte-kit/output/server/entries/pages/transition/words/_page.ts.js                       0.08 kB
.svelte-kit/output/server/entries/pages/media/voice/memos/_page.ts.js                      0.09 kB
.svelte-kit/output/server/entries/pages/practice/voice/metrics/_page.ts.js                 0.09 kB
.svelte-kit/output/server/entries/pages/settings/letters/_id_/_page.ts.js                  0.09 kB
.svelte-kit/output/server/entries/pages/settings/photos/export/_page.ts.js                 0.09 kB
.svelte-kit/output/server/entries/pages/settings/tryouts/_id_/_page.ts.js                  0.09 kB
.svelte-kit/output/server/entries/pages/settings/voice/memos/_page.ts.js                   0.09 kB
.svelte-kit/output/server/entries/pages/settings/voice/metrics/_page.ts.js                 0.09 kB
.svelte-kit/output/server/chunks/activeFlag.svelte.js                                      0.10 kB
.svelte-kit/output/server/chunks/detailDraft.js                                            0.12 kB
.svelte-kit/output/server/chunks/sealedUntil.js                                            0.13 kB
.svelte-kit/output/server/chunks/android-bridge2.js                                        0.13 kB
.svelte-kit/output/server/chunks/android-bridge3.js                                        0.14 kB
.svelte-kit/output/server/chunks/rowIcon.js                                                0.15 kB
.svelte-kit/output/server/chunks/today.svelte.js                                           0.15 kB
.svelte-kit/output/server/chunks/garmentCategories.js                                      0.17 kB
.svelte-kit/output/server/chunks/indicator.js                                              0.18 kB
.svelte-kit/output/server/chunks/android-bridge.js                                         0.19 kB
.svelte-kit/output/server/chunks/hairRemovalAreas.js                                       0.19 kB
.svelte-kit/output/server/chunks/ui.svelte.js                                              0.19 kB
.svelte-kit/output/server/chunks/index-server2.js                                          0.20 kB
.svelte-kit/output/server/chunks/index-server.js                                           0.22 kB
.svelte-kit/output/server/chunks/UpdateNotice.js                                           0.23 kB
.svelte-kit/output/server/env.js                                                           0.23 kB
.svelte-kit/output/server/chunks/container.svelte.js                                       0.25 kB
.svelte-kit/output/server/entries/hooks.server.js                                          0.25 kB
.svelte-kit/output/server/chunks/smart-back.js                                             0.25 kB
.svelte-kit/output/server/chunks/identity.js                                               0.26 kB
.svelte-kit/output/server/chunks/platform.js                                               0.28 kB
.svelte-kit/output/server/chunks/autoSource.js                                             0.29 kB
.svelte-kit/output/server/chunks/channel-timeout.js                                        0.29 kB
.svelte-kit/output/server/chunks/client.js                                                 0.31 kB
.svelte-kit/output/server/internal.js                                                      0.36 kB
.svelte-kit/output/server/entries/fallbacks/error.svelte.js                                0.39 kB
.svelte-kit/output/server/chunks/role.js                                                   0.40 kB
.svelte-kit/output/server/chunks/counterevidence.js                                        0.40 kB
.svelte-kit/output/server/chunks/playback.js                                               0.41 kB
.svelte-kit/output/server/entries/pages/entry/_id_/_page.svelte.js                         0.41 kB
.svelte-kit/output/server/chunks/flagSun.js                                                0.42 kB
.svelte-kit/output/server/chunks/state.svelte.js                                           0.43 kB
.svelte-kit/output/server/chunks/adoptionMood.js                                           0.46 kB
.svelte-kit/output/server/chunks/FieldGroupHeading.js                                      0.46 kB
.svelte-kit/output/server/chunks/back.js                                                   0.47 kB
.svelte-kit/output/server/chunks/skip.js                                                   0.47 kB
.svelte-kit/output/server/chunks/done.js                                                   0.47 kB
.svelte-kit/output/server/chunks/mood.js                                                   0.47 kB
.svelte-kit/output/server/chunks/entry.js                                                  0.48 kB
.svelte-kit/output/server/chunks/today.js                                                  0.48 kB
.svelte-kit/output/server/chunks/saved.js                                                  0.48 kB
.svelte-kit/output/server/chunks/cancel.js                                                 0.49 kB
.svelte-kit/output/server/chunks/search.js                                                 0.49 kB
.svelte-kit/output/server/chunks/wrapped.js                                                0.49 kB
.svelte-kit/output/server/chunks/keep_it.js                                                0.49 kB
.svelte-kit/output/server/chunks/dismiss.js                                                0.49 kB
.svelte-kit/output/server/chunks/regimen.js                                                0.49 kB
.svelte-kit/output/server/chunks/not_now.js                                                0.50 kB
.svelte-kit/output/server/chunks/app_name.js                                               0.50 kB
.svelte-kit/output/server/chunks/dilation.js                                               0.51 kB
.svelte-kit/output/server/chunks/vb_title.js                                               0.51 kB
.svelte-kit/output/server/chunks/vb_hz.js                                                  0.51 kB
.svelte-kit/output/server/chunks/new_entry.js                                              0.51 kB
.svelte-kit/output/server/chunks/eras_title.js                                             0.51 kB
.svelte-kit/output/server/chunks/reminders.js                                              0.51 kB
.svelte-kit/output/server/chunks/dose_save.js                                              0.51 kB
.svelte-kit/output/server/chunks/size_log.js                                               0.52 kB
.svelte-kit/output/server/chunks/trash_title.js                                            0.52 kB
.svelte-kit/output/server/chunks/pdf-floor.js                                              0.52 kB
.svelte-kit/output/server/chunks/milestones.js                                             0.52 kB
.svelte-kit/output/server/chunks/cycle_events.js                                           0.53 kB
.svelte-kit/output/server/chunks/cycleTracking.js                                          0.53 kB
.svelte-kit/output/server/chunks/on_this_day.js                                            0.53 kB
.svelte-kit/output/server/chunks/stock_title.js                                            0.53 kB
.svelte-kit/output/server/chunks/tryout_title.js                                           0.53 kB
.svelte-kit/output/server/chunks/lab_results.js                                            0.53 kB
.svelte-kit/output/server/chunks/nav_calendar.js                                           0.53 kB
.svelte-kit/output/server/chunks/nav_lookback.js                                           0.53 kB
.svelte-kit/output/server/chunks/apart_suffix.js                                           0.53 kB
.svelte-kit/output/server/chunks/nav_settings.js                                           0.53 kB
.svelte-kit/output/server/chunks/manage_tags.js                                            0.53 kB
.svelte-kit/output/server/chunks/disguise_name.js                                          0.54 kB
.svelte-kit/output/server/chunks/side_effects.js                                           0.54 kB
.svelte-kit/output/server/chunks/notif_title.js                                            0.54 kB
.svelte-kit/output/server/chunks/doses_add_aria.js                                         0.54 kB
.svelte-kit/output/server/chunks/cd_range_label.js                                         0.54 kB
.svelte-kit/output/server/chunks/roadmap_title.js                                          0.54 kB
.svelte-kit/output/server/chunks/index.js                                                  0.54 kB
.svelte-kit/output/server/chunks/export_import.js                                          0.54 kB
.svelte-kit/output/server/chunks/checkin_title.js                                          0.55 kB
.svelte-kit/output/server/chunks/record_deleted.js                                         0.55 kB
.svelte-kit/output/server/chunks/list_more.js                                              0.55 kB
.svelte-kit/output/server/chunks/vb_screen_title.js                                        0.55 kB
.svelte-kit/output/server/chunks/unstar_photo.js                                           0.55 kB
.svelte-kit/output/server/chunks/photo_day_label.js                                        0.55 kB
.svelte-kit/output/server/chunks/letters_title.js                                          0.55 kB
.svelte-kit/output/server/chunks/dose_unit_label.js                                        0.55 kB
.svelte-kit/output/server/chunks/documents_title.js                                        0.55 kB
.svelte-kit/output/server/chunks/ms_default_name.js                                        0.56 kB
.svelte-kit/output/server/chunks/writeOutcome.js                                           0.56 kB
.svelte-kit/output/server/chunks/dose_amount_label.js                                      0.56 kB
.svelte-kit/output/server/chunks/progress_photos.js                                        0.56 kB
.svelte-kit/output/server/chunks/resources_title.js                                        0.56 kB
.svelte-kit/output/server/chunks/pp_change_title.js                                        0.56 kB
.svelte-kit/output/server/chunks/stats_range_group.js                                      0.56 kB
.svelte-kit/output/server/chunks/values_title.js                                           0.56 kB
.svelte-kit/output/server/chunks/tally_trend_title.js                                      0.56 kB
.svelte-kit/output/server/chunks/write_failed.js                                           0.57 kB
.svelte-kit/output/server/chunks/am_setup_title.js                                         0.57 kB
.svelte-kit/output/server/chunks/effects_timeline.js                                       0.57 kB
.svelte-kit/output/server/chunks/in_the_room_title.js                                      0.57 kB
.svelte-kit/output/server/chunks/presentation_label.js                                     0.57 kB
.svelte-kit/output/server/chunks/appointments_title.js                                     0.57 kB
.svelte-kit/output/server/chunks/safe_space_title.js                                       0.57 kB
.svelte-kit/output/server/chunks/comfort_list_title.js                                     0.57 kB
.svelte-kit/output/server/entries/pages/_layout.svelte.js                                  0.57 kB
.svelte-kit/output/server/chunks/ListCard.js                                               0.57 kB
.svelte-kit/output/server/chunks/presentations_title.js                                    0.58 kB
.svelte-kit/output/server/chunks/doses_empty_action.js                                     0.58 kB
.svelte-kit/output/server/chunks/surgery_date_label.js                                     0.58 kB
.svelte-kit/output/server/chunks/body_regions_group.js                                     0.58 kB
.svelte-kit/output/server/chunks/batchedList2.js                                           0.58 kB
.svelte-kit/output/server/chunks/settings_lock_row.js                                      0.58 kB
.svelte-kit/output/server/chunks/wrapped_stat_entries.js                                   0.58 kB
.svelte-kit/output/server/chunks/progress_percent.js                                       0.58 kB
.svelte-kit/output/server/chunks/tryout_feeling_save.js                                    0.59 kB
.svelte-kit/output/server/chunks/words_ignored_title.js                                    0.59 kB
.svelte-kit/output/server/chunks/appointments_untitled.js                                  0.59 kB
.svelte-kit/output/server/chunks/hair_other_unwritten.js                                   0.59 kB
.svelte-kit/output/server/chunks/surgery_journey_title.js                                  0.59 kB
.svelte-kit/output/server/chunks/affirmations_row_title.js                                 0.60 kB
.svelte-kit/output/server/chunks/SaveBar.js                                                0.60 kB
.svelte-kit/output/server/chunks/body_regions_row_title.js                                 0.61 kB
.svelte-kit/output/server/chunks/clinician_summary_row.js                                  0.61 kB
.svelte-kit/output/server/chunks/recap_tag_count.js                                        0.61 kB
.svelte-kit/output/server/chunks/journaling_pause_title.js                                 0.61 kB
.svelte-kit/output/server/chunks/measurements_and_sizes.js                                 0.61 kB
.svelte-kit/output/server/chunks/wear_session_stop_action.js                               0.61 kB
.svelte-kit/output/server/chunks/appointment_prep_title.js                                 0.61 kB
.svelte-kit/output/server/chunks/calendar_handoff_button.js                                0.62 kB
.svelte-kit/output/server/chunks/search_elsewhere_heading.js                               0.62 kB
.svelte-kit/output/server/chunks/adherence_nothing_logged.js                               0.62 kB
.svelte-kit/output/server/chunks/surgery_day_unscheduled.js                                0.62 kB
.svelte-kit/output/server/chunks/server.js                                                 0.62 kB
.svelte-kit/output/server/chunks/wear_session_start_action.js                              0.63 kB
.svelte-kit/output/server/chunks/backupHealth.js                                           0.63 kB
.svelte-kit/output/server/chunks/dose_injection_site_label.js                              0.63 kB
.svelte-kit/output/server/chunks/source_record_unavailable.js                              0.64 kB
.svelte-kit/output/server/chunks/roadmap_reviewed_on.js                                    0.64 kB
.svelte-kit/output/server/chunks/look_back_letter_written.js                               0.65 kB
.svelte-kit/output/server/chunks/appointment_prep_add_button.js                            0.66 kB
.svelte-kit/output/server/chunks/safe_space_counterevidence_title.js                       0.67 kB
.svelte-kit/output/server/chunks/wear_session_duration_hm.js                               0.68 kB
.svelte-kit/output/server/chunks/recap_custom_range_required.js                            0.69 kB
.svelte-kit/output/server/chunks/areaLabels.js                                             0.70 kB
.svelte-kit/output/server/chunks/PrintLetterhead.js                                        0.71 kB
.svelte-kit/output/server/chunks/utils.js                                                  0.72 kB
.svelte-kit/output/server/chunks/dayParam.js                                               0.73 kB
.svelte-kit/output/server/chunks/wordIgnore.js                                             0.73 kB
.svelte-kit/output/server/chunks/datePicker2.js                                            0.74 kB
.svelte-kit/output/server/chunks/journalingPause.js                                        0.77 kB
.svelte-kit/output/server/chunks/entryPresentation.js                                      0.79 kB
.svelte-kit/output/server/chunks/safeSpaceNudge.js                                         0.80 kB
.svelte-kit/output/server/chunks/PairedDots.svelte_svelte_type_style_lang.js               0.82 kB
.svelte-kit/output/server/chunks/searchReturn.js                                           0.82 kB
.svelte-kit/output/server/chunks/EmptyState.js                                             0.85 kB
.svelte-kit/output/server/chunks/ChartEmpty.js                                             0.87 kB
.svelte-kit/output/server/chunks/entrySections.js                                          0.88 kB
.svelte-kit/output/server/chunks/homeReserve.js                                            0.89 kB
.svelte-kit/output/server/chunks/VoicePlayer.js                                            0.89 kB
.svelte-kit/output/server/chunks/Switch.js                                                 0.89 kB
.svelte-kit/output/server/chunks/attempt.svelte.js                                         0.94 kB
.svelte-kit/output/server/chunks/milestoneStatus.js                                        0.97 kB
.svelte-kit/output/server/chunks/MediaTransport.svelte_svelte_type_style_lang.js           0.98 kB
.svelte-kit/output/server/chunks/areaState.js                                              0.98 kB
.svelte-kit/output/server/chunks/FlagSun2.js                                               0.99 kB
.svelte-kit/output/server/chunks/inTheRoom.js                                              0.99 kB
.svelte-kit/output/server/chunks/metricRange.js                                            1.00 kB
.svelte-kit/output/server/chunks/hairStageScales.js                                        1.00 kB
.svelte-kit/output/server/chunks/tags_label.js                                             1.01 kB
.svelte-kit/output/server/chunks/tags_hidden.js                                            1.02 kB
.svelte-kit/output/server/chunks/add_photo_camera.js                                       1.03 kB
.svelte-kit/output/server/chunks/ms_name_label.js                                          1.03 kB
.svelte-kit/output/server/chunks/read_retry.js                                             1.04 kB
.svelte-kit/output/server/chunks/lookBackSpan.js                                           1.06 kB
.svelte-kit/output/server/chunks/dose_time_label.js                                        1.06 kB
.svelte-kit/output/server/chunks/entryTemplates.js                                         1.07 kB
.svelte-kit/output/server/chunks/ChoiceChips.js                                            1.08 kB
.svelte-kit/output/server/chunks/curve_title.js                                            1.09 kB
.svelte-kit/output/server/chunks/toasts.svelte.js                                          1.10 kB
.svelte-kit/output/server/chunks/n_entries.js                                              1.11 kB
.svelte-kit/output/server/chunks/measurement_unit_in.js                                    1.12 kB
.svelte-kit/output/server/chunks/voicePracticeTakes.js                                     1.12 kB
.svelte-kit/output/server/chunks/ms_photo_label.js                                         1.12 kB
.svelte-kit/output/server/chunks/debrief_offer_write.js                                    1.14 kB
.svelte-kit/output/server/chunks/tally_misgendered.js                                      1.16 kB
.svelte-kit/output/server/chunks/n_days.js                                                 1.17 kB
.svelte-kit/output/server/chunks/tryout_feeling_note_placeholder.js                        1.17 kB
.svelte-kit/output/server/chunks/intervalMoodPattern.js                                    1.17 kB
.svelte-kit/output/server/chunks/WrappedCard.js                                            1.17 kB
.svelte-kit/output/server/chunks/cycle_event_kind_label.js                                 1.17 kB
.svelte-kit/output/server/chunks/resurfacing.js                                            1.18 kB
.svelte-kit/output/server/chunks/letters_sealed_until.js                                   1.18 kB
.svelte-kit/output/server/chunks/eras_empty_title.js                                       1.18 kB
.svelte-kit/output/server/chunks/RiveSlot.js                                               1.19 kB
.svelte-kit/output/server/chunks/recap_custom_start_label.js                               1.20 kB
.svelte-kit/output/server/chunks/wrapped2.js                                               1.21 kB
.svelte-kit/output/server/chunks/tokens.js                                                 1.24 kB
.svelte-kit/output/server/chunks/imp_log_n_milestones.js                                   1.24 kB
.svelte-kit/output/server/chunks/dayRangeOptions.js                                        1.24 kB
.svelte-kit/output/server/chunks/area_suspend_done_title.js                                1.25 kB
.svelte-kit/output/server/chunks/photo_heic.js                                             1.25 kB
.svelte-kit/output/server/chunks/wear_session_running_since.js                             1.26 kB
.svelte-kit/output/server/chunks/compareStretch.js                                         1.28 kB
.svelte-kit/output/server/chunks/scroll-region.js                                          1.30 kB
.svelte-kit/output/server/chunks/Field.js                                                  1.30 kB
.svelte-kit/output/server/chunks/Disclosure.js                                             1.30 kB
.svelte-kit/output/server/chunks/adherence_slot_numbered.js                                1.30 kB
.svelte-kit/output/server/chunks/taperSchedule.js                                          1.30 kB
.svelte-kit/output/server/chunks/Skeleton.js                                               1.32 kB
.svelte-kit/output/server/chunks/bodyMap.js                                                1.34 kB
.svelte-kit/output/server/chunks/ChartCard.js                                              1.36 kB
.svelte-kit/output/server/chunks/reset_offer_archive_password.js                           1.40 kB
.svelte-kit/output/server/chunks/hormoneTestosteroneEster.js                               1.41 kB
.svelte-kit/output/server/chunks/savedQuestions.js                                         1.43 kB
.svelte-kit/output/server/chunks/letterRetrospective.js                                    1.48 kB
.svelte-kit/output/server/chunks/recordEditor.js                                           1.50 kB
.svelte-kit/output/server/chunks/wear_log.js                                               1.52 kB
.svelte-kit/output/server/chunks/moodMagnifier.svelte.js                                   1.54 kB
.svelte-kit/output/server/chunks/TimePicker.js                                             1.65 kB
.svelte-kit/output/server/chunks/compareStretchLink.svelte.js                              1.70 kB
.svelte-kit/output/server/chunks/surgery_day_upcoming.js                                   1.70 kB
.svelte-kit/output/server/chunks/comfortItems.js                                           1.72 kB
.svelte-kit/output/server/chunks/imp_password_placeholder.js                               1.76 kB
.svelte-kit/output/server/chunks/side_effect_severity_label.js                             1.76 kB
.svelte-kit/output/server/chunks/rowForwardReads.js                                        1.79 kB
.svelte-kit/output/server/chunks/photoSection.svelte.js                                    1.79 kB
.svelte-kit/output/server/chunks/sourceRecord.js                                           1.80 kB
.svelte-kit/output/server/chunks/recoveryDay.js                                            1.88 kB
.svelte-kit/output/server/chunks/DatePicker.js                                             1.93 kB
.svelte-kit/output/server/chunks/LockAfterChoice.js                                        1.93 kB
.svelte-kit/output/server/chunks/dayAheadRows.js                                           1.96 kB
.svelte-kit/output/server/chunks/MoodPicker.js                                             1.98 kB
.svelte-kit/output/server/chunks/labTiming.js                                              2.18 kB
.svelte-kit/output/server/chunks/ChartPicker.js                                            2.22 kB
.svelte-kit/output/server/chunks/surgery_notes_title.js                                    2.24 kB
.svelte-kit/output/server/chunks/eras.js                                                   2.25 kB
.svelte-kit/output/server/chunks/LinkedDocuments.js                                        2.25 kB
.svelte-kit/output/server/chunks/FeltSenseOfferSheet.js                                    2.26 kB
.svelte-kit/output/server/chunks/intervalMoodPattern2.js                                   2.32 kB
.svelte-kit/output/server/entries/pages/entry/new/_day_/_page.svelte.js                    2.32 kB
.svelte-kit/output/server/chunks/wrapped_unknown_title.js                                  2.32 kB
.svelte-kit/output/server/chunks/photoLibrary.js                                           2.37 kB
.svelte-kit/output/server/chunks/UnreadableJournalWayOut.js                                2.37 kB
.svelte-kit/output/server/chunks/roles.js                                                  2.38 kB
.svelte-kit/output/server/chunks/PhotoViewer.js                                            2.41 kB
.svelte-kit/output/server/chunks/doubtJournal.js                                           2.44 kB
.svelte-kit/output/server/entries/pages/settings/permissions/_page.svelte.js               2.55 kB
.svelte-kit/output/server/chunks/SourceRecordHandoff.js                                    2.56 kB
.svelte-kit/output/server/chunks/leaveGuard.svelte.js                                      2.58 kB
.svelte-kit/output/server/chunks/SectionHeading.js                                         2.60 kB
.svelte-kit/output/server/chunks/countUp.js                                                2.64 kB
.svelte-kit/output/server/chunks/detailDraft.svelte.js                                     2.66 kB
.svelte-kit/output/server/chunks/labs_value_label.js                                       2.71 kB
.svelte-kit/output/server/chunks/rem_web_list_note.js                                      2.71 kB
.svelte-kit/output/server/chunks/DimensionSlider.js                                        2.71 kB
.svelte-kit/output/server/chunks/SchemaTooNew.js                                           2.71 kB
.svelte-kit/output/server/chunks/regimen_route_label.js                                    2.75 kB
.svelte-kit/output/server/chunks/PinEntry.js                                               2.76 kB
.svelte-kit/output/server/chunks/settings_backup_none.js                                   2.76 kB
.svelte-kit/output/server/chunks/PhotoThumb.js                                             2.77 kB
.svelte-kit/output/server/chunks/journalBook.js                                            2.77 kB
.svelte-kit/output/server/chunks/reminderRule.js                                           2.83 kB
.svelte-kit/output/server/chunks/progress.svelte.js                                        2.88 kB
.svelte-kit/output/server/chunks/fileOwnership.js                                          2.95 kB
.svelte-kit/output/server/chunks/areaGroups.js                                             2.95 kB
.svelte-kit/output/server/chunks/SectionJump.js                                            2.98 kB
.svelte-kit/output/server/chunks/roadmap.js                                                2.99 kB
.svelte-kit/output/server/chunks/recoveryKeyPresence.svelte.js                             3.00 kB
.svelte-kit/output/server/chunks/movedAddresses.js                                         3.08 kB
.svelte-kit/output/server/chunks/LookBackLetterCard.js                                     3.09 kB
.svelte-kit/output/server/chunks/HostedRows.js                                             3.13 kB
.svelte-kit/output/server/chunks/ConfirmDeleteSheet.js                                     3.17 kB
.svelte-kit/output/server/chunks/Notice.js                                                 3.18 kB
.svelte-kit/output/server/chunks/letterStatus.js                                           3.20 kB
.svelte-kit/output/server/chunks/Sheet.js                                                  3.20 kB
.svelte-kit/output/server/chunks/grain.js                                                  3.21 kB
.svelte-kit/output/server/chunks/pinnedRows.js                                             3.27 kB
.svelte-kit/output/server/chunks/wrappedRange.js                                           3.30 kB
.svelte-kit/output/server/chunks/support.js                                                3.39 kB
.svelte-kit/output/server/chunks/plugin-registry.js                                        3.41 kB
.svelte-kit/output/server/chunks/labContextLabel.js                                        3.42 kB
.svelte-kit/output/server/chunks/Progress.js                                               3.42 kB
.svelte-kit/output/server/chunks/DiscardSheet.js                                           3.43 kB
.svelte-kit/output/server/chunks/ScreenHeader.js                                           3.48 kB
.svelte-kit/output/server/chunks/TagPicker.js                                              3.54 kB
.svelte-kit/output/server/chunks/StarredPhotoGrid.svelte_svelte_type_style_lang.js         3.54 kB
.svelte-kit/output/server/entries/pages/transition/letters/_id_/_page.svelte.js            3.56 kB
.svelte-kit/output/server/chunks/Mark.js                                                   3.59 kB
.svelte-kit/output/server/chunks/clinicianSummaryData.js                                   3.64 kB
.svelte-kit/output/server/chunks/PhotoChipRow.js                                           3.68 kB
.svelte-kit/output/server/chunks/PresentationChipRow.js                                    3.83 kB
.svelte-kit/output/server/chunks/EntryDays.js                                              4.21 kB
.svelte-kit/output/server/entries/pages/stats/_page.svelte.js                              4.26 kB
.svelte-kit/output/server/chunks/BatchedList.js                                            4.29 kB
.svelte-kit/output/server/chunks/wrappedDisplay.js                                         4.35 kB
.svelte-kit/output/server/chunks/annotations.js                                            4.40 kB
.svelte-kit/output/server/chunks/hormoneDrug.js                                            4.40 kB
.svelte-kit/output/server/chunks/dates.js                                                  4.59 kB
.svelte-kit/output/server/chunks/Segmented.js                                              4.70 kB
.svelte-kit/output/server/chunks/ReadGate.js                                               4.72 kB
.svelte-kit/output/server/chunks/reconcile.js                                              4.74 kB
.svelte-kit/output/server/chunks/reorder.svelte.js                                         4.87 kB
.svelte-kit/output/server/chunks/PhotoSection.js                                           4.95 kB
.svelte-kit/output/server/chunks/Slider.js                                                 5.01 kB
.svelte-kit/output/server/chunks/ReadReserve.js                                            5.05 kB
.svelte-kit/output/server/chunks/clinicianSummary.js                                       5.06 kB
.svelte-kit/output/server/chunks/appointments.js                                           5.15 kB
.svelte-kit/output/server/chunks/PhotoDayPromptSheet.js                                    5.25 kB
.svelte-kit/output/server/chunks/stockProjection.js                                        5.28 kB
.svelte-kit/output/server/chunks/MoodFace.js                                               5.46 kB
.svelte-kit/output/server/chunks/CalendarHandoffSheet.js                                   5.50 kB
.svelte-kit/output/server/chunks/careSpine.js                                              5.55 kB
.svelte-kit/output/server/chunks/exports.js                                                5.57 kB
.svelte-kit/output/server/chunks/correlationCards.js                                       5.58 kB
.svelte-kit/output/server/entries/pages/settings/passphrase/_page.svelte.js                5.60 kB
.svelte-kit/output/server/chunks/store.svelte.js                                           6.14 kB
.svelte-kit/output/server/entries/pages/settings/words/_page.svelte.js                     6.28 kB
.svelte-kit/output/server/chunks/mapChannels.js                                            6.46 kB
.svelte-kit/output/server/chunks/trackAndGraph.js                                          6.62 kB
.svelte-kit/output/server/chunks/epochDay.js                                               6.67 kB
.svelte-kit/output/server/chunks/provenance.js                                             6.70 kB
.svelte-kit/output/server/entries/pages/settings/licences/_page.svelte.js                  6.81 kB
.svelte-kit/output/server/chunks/photos.js                                                 6.92 kB
.svelte-kit/output/server/chunks/hormoneCurveQualitative.js                                7.11 kB
.svelte-kit/output/server/chunks/photoLibraryLabels.js                                     7.25 kB
.svelte-kit/output/server/chunks/BarRows.js                                                7.38 kB
.svelte-kit/output/server/entries/pages/settings/security/_page.svelte.js                  7.60 kB
.svelte-kit/output/server/entries/pages/settings/trash/_page.svelte.js                     7.61 kB
.svelte-kit/output/server/chunks/restore.js                                                7.74 kB
.svelte-kit/output/server/chunks/DayStrip.js                                               8.34 kB
.svelte-kit/output/server/chunks/hormoneCurve2.js                                          8.61 kB
.svelte-kit/output/server/chunks/wrapEncoding.js                                           8.61 kB
.svelte-kit/output/server/chunks/wearSessions.js                                           8.88 kB
.svelte-kit/output/server/chunks/MarginNotes.js                                            9.17 kB
.svelte-kit/output/server/chunks/photoReview.svelte.js                                     9.34 kB
.svelte-kit/output/server/entries/pages/wrapped/_cadence_/share/_page.svelte.js            9.46 kB
.svelte-kit/output/server/chunks/entryTags.js                                              9.48 kB
.svelte-kit/output/server/chunks/ListRow.js                                                9.95 kB
.svelte-kit/output/server/chunks/searchHitRows.js                                         10.07 kB
.svelte-kit/output/server/chunks/stockLabel.js                                            10.18 kB
.svelte-kit/output/server/chunks/LetterCard.js                                            10.25 kB
.svelte-kit/output/server/chunks/procedures.js                                            10.29 kB
.svelte-kit/output/server/chunks/VideoNotePlayer.js                                       10.32 kB
.svelte-kit/output/server/entries/pages/settings/dimension/_page.svelte.js                10.37 kB
.svelte-kit/output/server/chunks/dayAxisLabel.js                                          10.54 kB
.svelte-kit/output/server/chunks/builtins.js                                              10.57 kB
.svelte-kit/output/server/chunks/recordEditor.svelte.js                                   10.73 kB
.svelte-kit/output/server/chunks/documents.js                                             11.15 kB
.svelte-kit/output/server/chunks/journal-passphrase.js                                    11.29 kB
.svelte-kit/output/server/chunks/Tree.svelte.js                                           11.48 kB
.svelte-kit/output/server/chunks/chartAnnotations.js                                      11.87 kB
.svelte-kit/output/server/chunks/container.js                                             12.02 kB
.svelte-kit/output/server/chunks/documentTargets.svelte.js                                12.29 kB
.svelte-kit/output/server/chunks/PhotoWipe.js                                             12.88 kB
.svelte-kit/output/server/chunks/picker.js                                                12.93 kB
.svelte-kit/output/server/entries/pages/settings/journaling-pause/_page.svelte.js         12.94 kB
.svelte-kit/output/server/entries/pages/on-this-day/_page.svelte.js                       13.29 kB
.svelte-kit/output/server/entries/pages/doubt/evidence/_page.svelte.js                    13.49 kB
.svelte-kit/output/server/entries/pages/health/appointments/in-the-room/_page.svelte.js   13.85 kB
.svelte-kit/output/server/chunks/InjectionSiteMap.js                                      13.95 kB
.svelte-kit/output/server/entries/pages/doubt/comfort/_page.svelte.js                     13.97 kB
.svelte-kit/output/server/chunks/reference.svelte.js                                      14.39 kB
.svelte-kit/output/server/chunks/regimenEpisode.js                                        14.58 kB
.svelte-kit/output/server/entries/pages/doubt/_page.svelte.js                             14.92 kB
.svelte-kit/output/server/entries/pages/tally/_page.svelte.js                             15.27 kB
.svelte-kit/output/server/entries/pages/settings/body-regions/_page.svelte.js             15.37 kB
.svelte-kit/output/server/chunks/vocabulary.js                                            15.53 kB
.svelte-kit/output/server/chunks/Icon.js                                                  16.59 kB
.svelte-kit/output/server/chunks/offers.js                                                17.42 kB
.svelte-kit/output/server/entries/pages/settings/affirmations/_page.svelte.js             19.33 kB
.svelte-kit/output/server/chunks/paletteChoices.js                                        19.37 kB
.svelte-kit/output/server/entries/pages/settings/recovery-key/_page.svelte.js             19.55 kB
.svelte-kit/output/server/entries/pages/settings/reminders/_id_/_page.svelte.js           19.59 kB
.svelte-kit/output/server/chunks/hubRows.js                                               19.98 kB
.svelte-kit/output/server/chunks/internal.js                                              20.28 kB
.svelte-kit/output/server/entries/pages/settings/access-mode/_page.svelte.js              20.45 kB
.svelte-kit/output/server/entries/pages/settings/tags/_page.svelte.js                     20.97 kB
.svelte-kit/output/server/entries/pages/media/photos/export/_page.svelte.js               21.15 kB
.svelte-kit/output/server/chunks/chartAnnotation.js                                       21.30 kB
.svelte-kit/output/server/entries/pages/support/resources/_page.svelte.js                 21.55 kB
.svelte-kit/output/server/chunks/doses.js                                                 21.55 kB
.svelte-kit/output/server/entries/pages/media/documents/_page.svelte.js                   21.79 kB
.svelte-kit/output/server/chunks/AreaFinish.js                                            22.15 kB
.svelte-kit/output/server/entries/pages/settings/notifications/_page.svelte.js            23.06 kB
.svelte-kit/output/server/entries/pages/transition/letters/_page.svelte.js                23.46 kB
.svelte-kit/output/server/entries/pages/media/documents/_id_/_page.svelte.js              23.55 kB
.svelte-kit/output/server/chunks/AreaChart.js                                             23.84 kB
.svelte-kit/output/server/entries/pages/transition/tryouts/_page.svelte.js                23.98 kB
.svelte-kit/output/server/entries/pages/compare/_page.svelte.js                           24.81 kB
.svelte-kit/output/server/entries/pages/settings/reminders/_page.svelte.js                25.67 kB
.svelte-kit/output/server/entries/pages/search/questions/_id_/_page.svelte.js             26.35 kB
.svelte-kit/output/server/entries/pages/settings/eras/_page.svelte.js                     26.99 kB
.svelte-kit/output/server/chunks/PermissionList.js                                        27.12 kB
.svelte-kit/output/server/entries/pages/settings/journal-book/_page.svelte.js             27.42 kB
.svelte-kit/output/server/entries/pages/health/cycle-events/_page.svelte.js               28.36 kB
.svelte-kit/output/server/chunks/wearLabels.js                                            28.61 kB
.svelte-kit/output/server/chunks/doseLabels.js                                            31.41 kB
.svelte-kit/output/server/entries/pages/media/photos/_page.svelte.js                      32.64 kB
.svelte-kit/output/server/entries/pages/search/_page.svelte.js                            33.02 kB
.svelte-kit/output/server/entries/pages/coming-back/_page.svelte.js                       33.22 kB
.svelte-kit/output/server/chunks/hubLabels.js                                             34.38 kB
.svelte-kit/output/server/chunks/utils2.js                                                35.66 kB
.svelte-kit/output/server/entries/pages/more/_page.svelte.js                              36.23 kB
.svelte-kit/output/server/entries/pages/body/hair-removal/_page.svelte.js                 37.66 kB
.svelte-kit/output/server/remote-entry.js                                                 39.44 kB
.svelte-kit/output/server/entries/pages/day/_day_/_page.svelte.js                         39.83 kB
.svelte-kit/output/server/chunks/entries.js                                               40.08 kB
.svelte-kit/output/server/entries/pages/transition/roadmap/_page.svelte.js                40.21 kB
.svelte-kit/output/server/entries/pages/calendar/_page.svelte.js                          40.93 kB
.svelte-kit/output/server/entries/pages/health/dilation/_page.svelte.js                   41.37 kB
.svelte-kit/output/server/entries/pages/onboarding/_page.svelte.js                        43.45 kB
.svelte-kit/output/server/chunks/AccessModeSetup.js                                       44.48 kB
.svelte-kit/output/server/chunks/hormoneCurve.js                                          45.51 kB
.svelte-kit/output/server/entries/pages/body/hair-progress/_page.svelte.js                47.93 kB
.svelte-kit/output/server/entries/pages/health/appointments/_page.svelte.js               49.60 kB
.svelte-kit/output/server/entries/pages/transition/milestones/_page.svelte.js             53.21 kB
.svelte-kit/output/server/entries/pages/transition/tryouts/_id_/_page.svelte.js           53.25 kB
.svelte-kit/output/server/chunks/archive.js                                               54.06 kB
.svelte-kit/output/server/entries/pages/body/wear/_page.svelte.js                         55.48 kB
.svelte-kit/output/server/entries/pages/body-map/_page.svelte.js                          58.55 kB
.svelte-kit/output/server/chunks/liveTiles.js                                             63.85 kB
.svelte-kit/output/server/chunks/roadmapLabels.js                                         64.81 kB
.svelte-kit/output/server/entries/pages/body/measurements/_page.svelte.js                 66.13 kB
.svelte-kit/output/server/entries/pages/wrapped/_cadence_/_page.svelte.js                 66.63 kB
.svelte-kit/output/server/chunks/migrations.js                                            67.74 kB
.svelte-kit/output/server/entries/pages/settings/_page.svelte.js                          74.21 kB
.svelte-kit/output/server/entries/pages/care/doses/_page.svelte.js                        74.55 kB
.svelte-kit/output/server/entries/pages/care/curve/_page.svelte.js                        76.09 kB
.svelte-kit/output/server/entries/pages/care/_page.svelte.js                              87.60 kB
.svelte-kit/output/server/entries/pages/care/changes/_page.svelte.js                      88.13 kB
.svelte-kit/output/server/entries/pages/care/labs/_page.svelte.js                         88.38 kB
.svelte-kit/output/server/chunks/journal.svelte.js                                        91.34 kB
.svelte-kit/output/server/chunks/_layout.js                                               93.83 kB
.svelte-kit/output/server/entries/pages/care/regimen/_page.svelte.js                      93.84 kB
.svelte-kit/output/server/chunks/archiveSections.js                                       96.64 kB
.svelte-kit/output/server/entries/pages/_page.svelte.js                                  100.21 kB
.svelte-kit/output/server/entries/pages/settings/export/_page.svelte.js                  101.33 kB
.svelte-kit/output/server/entries/pages/health/clinician-summary/_page.svelte.js         105.00 kB
.svelte-kit/output/server/entries/pages/health/surgery/_page.svelte.js                   111.22 kB
.svelte-kit/output/server/entries/pages/stats/_reading_/_page.svelte.js                  113.97 kB
.svelte-kit/output/server/chunks/EntryEditor.js                                          115.50 kB
.svelte-kit/output/server/index.js                                                       139.19 kB
.svelte-kit/output/server/chunks/root.js                                                 142.28 kB
.svelte-kit/output/server/entries/pages/voice/_page.svelte.js                            172.93 kB
.svelte-kit/output/server/chunks/labels.js                                               175.59 kB
.svelte-kit/output/server/chunks/boot.svelte.js                                          221.08 kB
✓ built in 29.52s

Run npm run preview to preview your production build locally.

> Using @sveltejs/adapter-static
  Wrote site to "build"
  ✔ done
release.json: 0.0.0-dev+gdd72b380.dirty (build 1791497246885, schema up to 88)
